id,type,input,city,days,budget,interests,group,special,prediction_type,model_confidence,top_features,total_budget,model_accuracy,processing_time_s
S0004,standard,我想去巴黎玩2天，和朋友一起，我们喜欢购物、自然，预算比较宽裕，有老人。,伦敦,2,中,"自然,历史",单人,轮椅友好,文化深度游,0.54,出行类型=0.2189; 自然兴趣=0.1376; 旅行天数=0.1339,4800,0.8445,0.0198
E0077,edge,我想去东京玩5天，和爱人一起，我们喜欢奢华体验、米其林餐厅，预算比较有限。,东京,5,低,"奢华体验,米其林餐厅",情侣,无,文化深度游,0.23,出行类型=0.2189; 自然兴趣=0.1376; 旅行天数=0.1339,4000,0.8445,0.0148
S0119,standard,我想去巴黎玩5天，和爱人一起，我们喜欢历史、自然，预算比较有限，有老人。,巴黎,2,低,"历史,文化",家庭,有老人,文化深度游,0.6,出行类型=0.2189; 自然兴趣=0.1376; 旅行天数=0.1339,2000,0.8445,0.0202
S0582,standard,我想去罗马玩5天，我们喜欢自然，预算比较有限，有小孩子。,罗马,7,高,文化,情侣,有儿童,情侣浪漫游,0.51,出行类型=0.2189; 自然兴趣=0.1376; 旅行天数=0.1339,42000,0.8445,0.0185
E0095,edge,我想去巴黎玩3天，我们喜欢什么都想看看，预算中等。,巴黎,3,中,什么都想看看,单人,无,文化深度游,0.31,出行类型=0.2189; 自然兴趣=0.1376; 旅行天数=0.1339,7200,0.8445,0.016
S0646,standard,我想去纽约玩1天，和爱人一起，我们喜欢文化、历史，预算中等。,东京,1,高,"文化,历史",家庭,有儿童,文化深度游,0.51,出行类型=0.2189; 自然兴趣=0.1376; 旅行天数=0.1339,5600,0.8445,0.014
S0443,standard,我想去东京玩1天，和家人一起，我们喜欢历史，预算中等。,纽约,3,低,购物,家庭,有老人,美食购物游,0.57,出行类型=0.2189; 自然兴趣=0.1376; 旅行天数=0.1339,3300,0.8445,0.015
S0585,standard,我想去伦敦玩1天，和朋友一起，我们喜欢自然、购物，预算比较宽裕。,纽约,7,中,文化,家庭,有老人,文化深度游,0.52,出行类型=0.2189; 自然兴趣=0.1376; 旅行天数=0.1339,18200,0.8445,0.0147
S0387,standard,我想去罗马玩3天，和家人一起，我们喜欢美食、购物，预算中等，有老人。,巴黎,5,中,自然,单人,轮椅友好,户外探险游,0.72,出行类型=0.2189; 自然兴趣=0.1376; 旅行天数=0.1339,12000,0.8445,0.0143
B0134,boundary,我想去巴黎玩7天，和爱人一起，我们喜欢历史，预算比较宽裕，有老人。,东京,7,高,文化,家庭,有老人,文化深度游,0.42,出行类型=0.2189; 自然兴趣=0.1376; 旅行天数=0.1339,39200,0.8445,0.0146
B0110,boundary,我想去罗马玩7天，和爱人一起，我们喜欢购物，预算比较宽裕，有小孩子。,东京,7,高,历史,家庭,有老人,文化深度游,0.46,出行类型=0.2189; 自然兴趣=0.1376; 旅行天数=0.1339,39200,0.8445,0.0144
S0545,standard,我想去东京玩1天，和家人一起，我们喜欢文化、历史，预算比较有限，有小孩子。,巴黎,7,中,文化,朋友,有儿童,文化深度游,0.49,出行类型=0.2189; 自然兴趣=0.1376; 旅行天数=0.1339,16800,0.8445,0.0142
S0645,standard,我想去罗马玩2天，和家人一起，我们喜欢美食，预算比较宽裕。,纽约,7,中,文化,单人,有老人,文化深度游,0.5,出行类型=0.2189; 自然兴趣=0.1376; 旅行天数=0.1339,18200,0.8445,0.0147
S0308,standard,我想去纽约玩2天，我们喜欢自然、文化，预算比较宽裕，需要轮椅无障碍设施。,纽约,7,低,文化,家庭,无,亲子家庭游,0.6,出行类型=0.2189; 自然兴趣=0.1376; 旅行天数=0.1339,7700,0.8445,0.0143
E0022,edge,我想去伦敦玩3天，和朋友一起，我们喜欢文化，不太确定。,伦敦,3,不太确定,文化,朋友,无,文化深度游,0.49,出行类型=0.2189; 自然兴趣=0.1376; 旅行天数=0.1339,5400,0.8445,0.0144
S0145,standard,我想去伦敦玩3天，和朋友一起，我们喜欢美食、自然，预算比较有限，有小孩子。,伦敦,2,中,文化,单人,有老人,文化深度游,0.62,出行类型=0.2189; 自然兴趣=0.1376; 旅行天数=0.1339,4800,0.8445,0.0142
B0064,boundary,我想去伦敦玩1天，和朋友一起，我们喜欢美食，预算比较有限。,东京,1,低,自然,情侣,有老人,经济观光,0.32,出行类型=0.2189; 自然兴趣=0.1376; 旅行天数=0.1339,800,0.8445,0.0139
S0130,standard,我想去伦敦玩5天，和家人一起，我们喜欢购物，预算比较有限，需要轮椅无障碍设施。,东京,5,高,文化,家庭,有老人,文化深度游,0.43,出行类型=0.2189; 自然兴趣=0.1376; 旅行天数=0.1339,28000,0.8445,0.0145
B0163,boundary,我想去伦敦玩1天，和家人一起，我们喜欢文化，预算比较有限。,巴黎,1,低,历史,情侣,轮椅友好,文化深度游,0.56,出行类型=0.2189; 自然兴趣=0.1376; 旅行天数=0.1339,1000,0.8445,0.0139
S0457,standard,我想去东京玩2天，和爱人一起，我们喜欢美食，预算比较宽裕，有老人。,巴黎,1,低,购物,单人,轮椅友好,美食购物游,0.42,出行类型=0.2189; 自然兴趣=0.1376; 旅行天数=0.1339,1000,0.8445,0.0142
S0523,standard,我想去纽约玩3天，和家人一起，我们喜欢自然、文化，预算比较宽裕。,东京,1,高,历史,单人,有老人,奢华体验,0.58,出行类型=0.2189; 自然兴趣=0.1376; 旅行天数=0.1339,5600,0.8445,0.0138
S0659,standard,我想去东京玩5天，我们喜欢历史、购物，预算中等，有小孩子。,巴黎,7,高,"历史,美食",朋友,轮椅友好,奢华体验,0.45,出行类型=0.2189; 自然兴趣=0.1376; 旅行天数=0.1339,49000,0.8445,0.0143
S0402,standard,我想去罗马玩3天，和爱人一起，我们喜欢购物，预算中等，有老人。,东京,7,低,美食,情侣,轮椅友好,美食购物游,0.51,出行类型=0.2189; 自然兴趣=0.1376; 旅行天数=0.1339,5600,0.8445,0.0142
S0589,standard,我想去罗马玩3天，和朋友一起，我们喜欢美食、自然，预算比较宽裕，有老人。,巴黎,3,中,文化,单人,轮椅友好,文化深度游,0.54,出行类型=0.2189; 自然兴趣=0.1376; 旅行天数=0.1339,7200,0.8445,0.0141
S0344,standard,我想去巴黎玩7天，和家人一起，我们喜欢自然、文化，预算中等，有老人。,纽约,7,高,"购物,历史",情侣,轮椅友好,情侣浪漫游,0.5,出行类型=0.2189; 自然兴趣=0.1376; 旅行天数=0.1339,53200,0.8445,0.0146
S0461,standard,我想去东京玩7天，和家人一起，我们喜欢美食、购物，预算比较宽裕，有小孩子。,巴黎,5,高,购物,情侣,有老人,情侣浪漫游,0.51,出行类型=0.2189; 自然兴趣=0.1376; 旅行天数=0.1339,35000,0.8445,0.0142
B0129,boundary,我想去罗马玩1天，和朋友一起，我们喜欢美食，预算比较有限，有老人。,巴黎,1,低,文化,朋友,有老人,文化深度游,0.53,出行类型=0.2189; 自然兴趣=0.1376; 旅行天数=0.1339,1000,0.8445,0.0142
B0141,boundary,我想去纽约玩7天，和爱人一起，我们喜欢美食，预算比较宽裕。,巴黎,7,高,自然,家庭,轮椅友好,户外探险游,0.46,出行类型=0.2189; 自然兴趣=0.1376; 旅行天数=0.1339,49000,0.8445,0.0139
S0389,standard,我想去纽约玩7天，和朋友一起，我们喜欢自然、购物，预算比较宽裕，需要轮椅无障碍设施。,东京,5,中,美食,朋友,轮椅友好,美食购物游,0.49,出行类型=0.2189; 自然兴趣=0.1376; 旅行天数=0.1339,9000,0.8445,0.0142
S0037,standard,我想去纽约玩5天，和爱人一起，我们喜欢购物、自然，预算比较宽裕。,纽约,5,中,"自然,美食",朋友,无,户外探险游,0.62,出行类型=0.2189; 自然兴趣=0.1376; 旅行天数=0.1339,13000,0.8445,0.0148
S0399,standard,我想去伦敦玩1天，我们喜欢历史、文化，预算比较有限，有老人。,伦敦,5,高,"自然,美食",情侣,无,情侣浪漫游,0.5,出行类型=0.2189; 自然兴趣=0.1376; 旅行天数=0.1339,35000,0.8445,0.0142
S0267,standard,我想去伦敦玩1天，和朋友一起，我们喜欢自然，预算比较有限。,纽约,7,中,自然,朋友,轮椅友好,户外探险游,0.69,出行类型=0.2189; 自然兴趣=0.1376; 旅行天数=0.1339,18200,0.8445,0.0142
E0058,edge,我想去伦敦玩3天，和朋友一起，我们喜欢文化，不太确定。,伦敦,3,不太确定,文化,朋友,无,文化深度游,0.49,出行类型=0.2189; 自然兴趣=0.1376; 旅行天数=0.1339,5400,0.8445,0.0159
S0505,standard,我想去伦敦玩2天，我们喜欢美食，预算比较宽裕，有小孩子。,伦敦,2,低,自然,朋友,轮椅友好,经济观光,0.35,出行类型=0.2189; 自然兴趣=0.1376; 旅行天数=0.1339,2080,0.8445,0.019
S0679,standard,我想去东京玩2天，我们喜欢美食、文化，预算比较有限。,东京,1,中,"美食,自然",情侣,无,美食购物游,0.43,出行类型=0.2189; 自然兴趣=0.1376; 旅行天数=0.1339,1800,0.8445,0.0158
S0370,standard,我想去罗马玩5天，和爱人一起，我们喜欢美食，预算比较宽裕，有小孩子。,罗马,2,高,"文化,购物",家庭,轮椅友好,亲子家庭游,0.47,出行类型=0.2189; 自然兴趣=0.1376; 旅行天数=0.1339,12000,0.8445,0.0152
S0368,standard,我想去纽约玩5天，和朋友一起，我们喜欢美食、历史，预算比较有限，需要轮椅无障碍设施。,罗马,3,高,自然,家庭,有儿童,户外探险游,0.44,出行类型=0.2189; 自然兴趣=0.1376; 旅行天数=0.1339,18000,0.8445,0.0152
B0043,boundary,我想去东京玩7天，我们喜欢自然，预算比较有限，需要轮椅无障碍设施。,罗马,7,低,美食,单人,轮椅友好,美食购物游,0.5,出行类型=0.2189; 自然兴趣=0.1376; 旅行天数=0.1339,6300,0.8445,0.0149
S0205,standard,我想去巴黎玩3天，和家人一起，我们喜欢文化、美食，预算比较宽裕，需要轮椅无障碍设施。,巴黎,2,中,"购物,文化",单人,轮椅友好,文化深度游,0.54,出行类型=0.2189; 自然兴趣=0.1376; 旅行天数=0.1339,4800,0.8445,0.014
S0607,standard,我想去东京玩5天，和家人一起，我们喜欢美食，预算比较宽裕，有老人。,伦敦,2,中,"购物,美食",情侣,有儿童,美食购物游,0.56,出行类型=0.2189; 自然兴趣=0.1376; 旅行天数=0.1339,4800,0.8445,0.0148
S0066,standard,我想去罗马玩7天，和爱人一起，我们喜欢自然、历史，预算比较宽裕。,东京,2,低,美食,单人,无,美食购物游,0.54,出行类型=0.2189; 自然兴趣=0.1376; 旅行天数=0.1339,1600,0.8445,0.0137
S0200,standard,我想去巴黎玩5天，和朋友一起，我们喜欢文化、购物，预算中等，需要轮椅无障碍设施。,东京,5,低,"自然,历史",朋友,有儿童,户外探险游,0.63,出行类型=0.2189; 自然兴趣=0.1376; 旅行天数=0.1339,4000,0.8445,0.0156
B0022,boundary,我想去纽约玩7天，和爱人一起，我们喜欢购物，预算中等，有老人。,东京,7,中,历史,单人,有儿童,文化深度游,0.53,出行类型=0.2189; 自然兴趣=0.1376; 旅行天数=0.1339,12600,0.8445,0.0168
B0004,boundary,我想去伦敦玩7天，和家人一起，我们喜欢历史，预算中等，有老人。,巴黎,7,中,自然,情侣,有老人,户外探险游,0.68,出行类型=0.2189; 自然兴趣=0.1376; 旅行天数=0.1339,16800,0.8445,0.0187
S0374,standard,我想去罗马玩5天，我们喜欢文化，预算比较有限，有小孩子。,纽约,7,高,"购物,历史",家庭,有儿童,亲子家庭游,0.4,出行类型=0.2189; 自然兴趣=0.1376; 旅行天数=0.1339,53200,0.8445,0.0177
S0026,standard,我想去罗马玩2天，和爱人一起，我们喜欢自然、文化，预算中等，需要轮椅无障碍设施。,巴黎,3,中,"购物,自然",单人,无,户外探险游,0.65,出行类型=0.2189; 自然兴趣=0.1376; 旅行天数=0.1339,7200,0.8445,0.0159
S0047,standard,我想去巴黎玩3天，和朋友一起，我们喜欢自然、购物，预算比较宽裕。,纽约,1,低,"美食,文化",情侣,有儿童,经济观光,0.39,出行类型=0.2189; 自然兴趣=0.1376; 旅行天数=0.1339,1100,0.8445,0.0158
S0436,standard,我想去巴黎玩7天，和朋友一起，我们喜欢美食，预算比较宽裕，需要轮椅无障碍设施。,东京,3,高,美食,单人,有老人,奢华体验,0.48,出行类型=0.2189; 自然兴趣=0.1376; 旅行天数=0.1339,16800,0.8445,0.0167
S0170,standard,我想去巴黎玩7天，我们喜欢文化，预算比较有限。,伦敦,1,中,"美食,自然",单人,有老人,美食购物游,0.43,出行类型=0.2189; 自然兴趣=0.1376; 旅行天数=0.1339,2400,0.8445,0.0158
S0021,standard,我想去东京玩1天，和爱人一起，我们喜欢文化、购物，预算比较宽裕。,伦敦,7,低,"文化,自然",朋友,轮椅友好,户外探险游,0.66,出行类型=0.2189; 自然兴趣=0.1376; 旅行天数=0.1339,7280,0.8445,0.0161
S0366,standard,我想去东京玩5天，我们喜欢文化，预算中等。,纽约,7,高,"美食,历史",单人,有老人,奢华体验,0.48,出行类型=0.2189; 自然兴趣=0.1376; 旅行天数=0.1339,53200,0.8445,0.0171
S0198,standard,我想去巴黎玩3天，和家人一起，我们喜欢自然，预算比较宽裕，需要轮椅无障碍设施。,罗马,7,中,"自然,美食",单人,有老人,户外探险游,0.69,出行类型=0.2189; 自然兴趣=0.1376; 旅行天数=0.1339,14000,0.8445,0.0163
S0593,standard,我想去罗马玩2天，我们喜欢自然，预算比较有限，需要轮椅无障碍设施。,罗马,2,高,历史,家庭,轮椅友好,文化深度游,0.44,出行类型=0.2189; 自然兴趣=0.1376; 旅行天数=0.1339,12000,0.8445,0.0154
S0199,standard,我想去伦敦玩3天，和家人一起，我们喜欢自然，预算中等，有小孩子。,巴黎,7,中,"美食,历史",单人,轮椅友好,文化深度游,0.39,出行类型=0.2189; 自然兴趣=0.1376; 旅行天数=0.1339,16800,0.8445,0.0154
S0491,standard,我想去巴黎玩3天，我们喜欢自然、购物，预算比较宽裕，需要轮椅无障碍设施。,罗马,3,低,"自然,历史",情侣,有老人,户外探险游,0.6,出行类型=0.2189; 自然兴趣=0.1376; 旅行天数=0.1339,2700,0.8445,0.0148
S0131,standard,我想去东京玩5天，我们喜欢文化，预算比较宽裕，需要轮椅无障碍设施。,东京,7,高,美食,家庭,无,亲子家庭游,0.62,出行类型=0.2189; 自然兴趣=0.1376; 旅行天数=0.1339,39200,0.8445,0.0144
S0375,standard,我想去东京玩3天，我们喜欢购物、历史，预算比较有限。,东京,7,中,"历史,文化",家庭,无,亲子家庭游,0.62,出行类型=0.2189; 自然兴趣=0.1376; 旅行天数=0.1339,12600,0.8445,0.0162
S0272,standard,我想去巴黎玩1天，和朋友一起，我们喜欢历史、自然，预算比较有限，需要轮椅无障碍设施。,东京,3,低,购物,情侣,有儿童,美食购物游,0.43,出行类型=0.2189; 自然兴趣=0.1376; 旅行天数=0.1339,2400,0.8445,0.0153
S0213,standard,我想去巴黎玩7天，和朋友一起，我们喜欢美食，预算比较宽裕，有老人。,伦敦,7,中,"文化,购物",朋友,轮椅友好,文化深度游,0.38,出行类型=0.2189; 自然兴趣=0.1376; 旅行天数=0.1339,16800,0.8445,0.016
S0088,standard,我想去伦敦玩1天，和朋友一起，我们喜欢历史，预算比较宽裕。,东京,3,高,"文化,自然",朋友,轮椅友好,户外探险游,0.57,出行类型=0.2189; 自然兴趣=0.1376; 旅行天数=0.1339,16800,0.8445,0.0173
B0174,boundary,我想去伦敦玩1天，和家人一起，我们喜欢自然，预算比较有限，有老人。,纽约,1,低,历史,单人,有老人,文化深度游,0.55,出行类型=0.2189; 自然兴趣=0.1376; 旅行天数=0.1339,1100,0.8445,0.0146
S0496,standard,我想去罗马玩2天，和家人一起，我们喜欢自然，预算比较有限，需要轮椅无障碍设施。,伦敦,7,中,"自然,历史",朋友,无,户外探险游,0.63,出行类型=0.2189; 自然兴趣=0.1376; 旅行天数=0.1339,16800,0.8445,0.0147
S0172,standard,我想去伦敦玩3天，和朋友一起，我们喜欢历史、购物，预算比较有限，需要轮椅无障碍设施。,伦敦,1,高,自然,单人,有老人,奢华体验,0.43,出行类型=0.2189; 自然兴趣=0.1376; 旅行天数=0.1339,7000,0.8445,0.0144
S0133,standard,我想去巴黎玩5天，和爱人一起，我们喜欢历史，预算比较宽裕，有小孩子。,罗马,3,中,"文化,美食",情侣,无,文化深度游,0.42,出行类型=0.2189; 自然兴趣=0.1376; 旅行天数=0.1339,6000,0.8445,0.0145
B0149,boundary,我想去罗马玩1天，和家人一起，我们喜欢历史，预算比较有限，有小孩子。,罗马,1,低,自然,单人,轮椅友好,经济观光,0.36,出行类型=0.2189; 自然兴趣=0.1376; 旅行天数=0.1339,900,0.8445,0.0141
B0173,boundary,我想去东京玩1天，我们喜欢自然，预算比较有限。,罗马,1,低,购物,单人,无,美食购物游,0.42,出行类型=0.2189; 自然兴趣=0.1376; 旅行天数=0.1339,900,0.8445,0.0137
S0677,standard,我想去纽约玩2天，和家人一起，我们喜欢文化，预算比较宽裕。,罗马,7,中,购物,朋友,无,美食购物游,0.43,出行类型=0.2189; 自然兴趣=0.1376; 旅行天数=0.1339,14000,0.8445,0.0142
S0620,standard,我想去罗马玩3天，和朋友一起，我们喜欢购物，预算比较宽裕，有小孩子。,伦敦,5,中,"购物,历史",情侣,无,文化深度游,0.45,出行类型=0.2189; 自然兴趣=0.1376; 旅行天数=0.1339,12000,0.8445,0.0141
B0198,boundary,我想去巴黎玩1天，和家人一起，我们喜欢购物，预算比较有限，有老人。,东京,1,低,购物,朋友,有老人,美食购物游,0.43,出行类型=0.2189; 自然兴趣=0.1376; 旅行天数=0.1339,800,0.8445,0.014
B0188,boundary,我想去罗马玩7天，和朋友一起，我们喜欢购物，预算比较宽裕，有老人。,罗马,7,高,购物,朋友,有老人,奢华体验,0.37,出行类型=0.2189; 自然兴趣=0.1376; 旅行天数=0.1339,42000,0.8445,0.0168
S0435,standard,我想去纽约玩5天，和爱人一起，我们喜欢购物、自然，预算比较有限，有小孩子。,东京,1,中,美食,家庭,轮椅友好,美食购物游,0.57,出行类型=0.2189; 自然兴趣=0.1376; 旅行天数=0.1339,1800,0.8445,0.0168
B0057,boundary,我想去东京玩7天，和爱人一起，我们喜欢购物，预算比较有限，有小孩子。,罗马,7,低,文化,情侣,轮椅友好,文化深度游,0.45,出行类型=0.2189; 自然兴趣=0.1376; 旅行天数=0.1339,6300,0.8445,0.015
S0609,standard,我想去巴黎玩3天，和朋友一起，我们喜欢文化，预算中等。,伦敦,1,低,"文化,历史",家庭,轮椅友好,文化深度游,0.64,出行类型=0.2189; 自然兴趣=0.1376; 旅行天数=0.1339,1040,0.8445,0.0177
B0014,boundary,我想去东京玩7天，和爱人一起，我们喜欢购物，预算比较有限，需要轮椅无障碍设施。,巴黎,7,低,购物,单人,有儿童,美食购物游,0.43,出行类型=0.2189; 自然兴趣=0.1376; 旅行天数=0.1339,7000,0.8445,0.0146
S0376,standard,我想去罗马玩5天，和家人一起，我们喜欢自然，预算比较宽裕，有老人。,东京,5,中,"购物,文化",单人,轮椅友好,文化深度游,0.45,出行类型=0.2189; 自然兴趣=0.1376; 旅行天数=0.1339,9000,0.8445,0.0142
S0330,standard,我想去伦敦玩3天，和家人一起，我们喜欢历史，预算中等，需要轮椅无障碍设施。,纽约,3,高,"购物,美食",情侣,有儿童,情侣浪漫游,0.49,出行类型=0.2189; 自然兴趣=0.1376; 旅行天数=0.1339,22800,0.8445,0.0157
S0317,standard,我想去巴黎玩2天，和朋友一起，我们喜欢历史、文化，预算中等，有小孩子。,罗马,1,低,购物,情侣,无,美食购物游,0.45,出行类型=0.2189; 自然兴趣=0.1376; 旅行天数=0.1339,900,0.8445,0.014
B0143,boundary,我想去东京玩7天，和家人一起，我们喜欢购物，预算比较有限，有小孩子。,纽约,7,低,自然,家庭,有儿童,户外探险游,0.48,出行类型=0.2189; 自然兴趣=0.1376; 旅行天数=0.1339,7700,0.8445,0.0143
S0681,standard,我想去巴黎玩5天，和朋友一起，我们喜欢自然、美食，预算中等，需要轮椅无障碍设施。,罗马,2,中,美食,情侣,轮椅友好,美食购物游,0.56,出行类型=0.2189; 自然兴趣=0.1376; 旅行天数=0.1339,4000,0.8445,0.0144
B0176,boundary,我想去东京玩1天，和爱人一起，我们喜欢历史，预算比较有限，需要轮椅无障碍设施。,罗马,1,低,自然,朋友,有儿童,经济观光,0.33,出行类型=0.2189; 自然兴趣=0.1376; 旅行天数=0.1339,900,0.8445,0.0146
S0346,standard,我想去纽约玩3天，和朋友一起，我们喜欢历史、购物，预算中等，有小孩子。,伦敦,5,低,"美食,历史",朋友,无,经济观光,0.31,出行类型=0.2189; 自然兴趣=0.1376; 旅行天数=0.1339,5200,0.8445,0.0143
S0159,standard,我想去罗马玩1天，和朋友一起，我们喜欢自然、文化，预算中等，有老人。,罗马,3,中,文化,家庭,有儿童,文化深度游,0.54,出行类型=0.2189; 自然兴趣=0.1376; 旅行天数=0.1339,6000,0.8445,0.0143
S0671,standard,我想去伦敦玩2天，和爱人一起，我们喜欢购物，预算比较有限，有小孩子。,东京,1,高,文化,朋友,有老人,奢华体验,0.54,出行类型=0.2189; 自然兴趣=0.1376; 旅行天数=0.1339,5600,0.8445,0.0138
B0167,boundary,我想去伦敦玩1天，和家人一起，我们喜欢美食，预算比较有限，有老人。,纽约,1,低,自然,情侣,无,经济观光,0.33,出行类型=0.2189; 自然兴趣=0.1376; 旅行天数=0.1339,1100,0.8445,0.0137
S0380,standard,我想去巴黎玩2天，和朋友一起，我们喜欢美食，预算中等，有老人。,东京,5,中,"文化,自然",朋友,有老人,户外探险游,0.66,出行类型=0.2189; 自然兴趣=0.1376; 旅行天数=0.1339,9000,0.8445,0.0141
S0063,standard,我想去伦敦玩2天，我们喜欢文化、历史，预算比较宽裕，需要轮椅无障碍设施。,巴黎,2,高,购物,朋友,轮椅友好,奢华体验,0.47,出行类型=0.2189; 自然兴趣=0.1376; 旅行天数=0.1339,14000,0.8445,0.0141
B0097,boundary,我想去东京玩7天，我们喜欢购物，预算比较有限，有小孩子。,东京,7,低,美食,情侣,轮椅友好,美食购物游,0.51,出行类型=0.2189; 自然兴趣=0.1376; 旅行天数=0.1339,5600,0.8445,0.0145
S0510,standard,我想去东京玩5天，和爱人一起，我们喜欢历史、文化，预算中等，有小孩子。,罗马,7,低,"自然,美食",朋友,有老人,户外探险游,0.64,出行类型=0.2189; 自然兴趣=0.1376; 旅行天数=0.1339,6300,0.8445,0.0144
B0034,boundary,我想去纽约玩7天，我们喜欢美食，预算比较有限，有小孩子。,巴黎,7,低,文化,单人,有儿童,文化深度游,0.46,出行类型=0.2189; 自然兴趣=0.1376; 旅行天数=0.1339,7000,0.8445,0.014
S0571,standard,我想去罗马玩2天，和朋友一起，我们喜欢自然，预算中等。,东京,7,中,美食,家庭,有老人,美食购物游,0.56,出行类型=0.2189; 自然兴趣=0.1376; 旅行天数=0.1339,12600,0.8445,0.0141
E0026,edge,我想去东京玩5天，和爱人一起，我们喜欢奢华体验、米其林餐厅，预算比较有限。,东京,5,低,"奢华体验,米其林餐厅",情侣,无,文化深度游,0.23,出行类型=0.2189; 自然兴趣=0.1376; 旅行天数=0.1339,4000,0.8445,0.0142
S0514,standard,我想去东京玩2天，和爱人一起，我们喜欢自然，预算比较有限，需要轮椅无障碍设施。,纽约,5,低,"购物,文化",单人,无,经济观光,0.28,出行类型=0.2189; 自然兴趣=0.1376; 旅行天数=0.1339,5500,0.8445,0.0139
S0120,standard,我想去巴黎玩3天，和朋友一起，我们喜欢自然、购物，预算比较宽裕，有老人。,纽约,3,中,"文化,自然",情侣,有儿童,户外探险游,0.62,出行类型=0.2189; 自然兴趣=0.1376; 旅行天数=0.1339,7800,0.8445,0.0141
B0059,boundary,我想去东京玩1天，和爱人一起，我们喜欢历史，预算比较有限，有老人。,伦敦,1,低,历史,家庭,有老人,文化深度游,0.6,出行类型=0.2189; 自然兴趣=0.1376; 旅行天数=0.1339,1040,0.8445,0.014
S0187,standard,我想去罗马玩1天，和爱人一起，我们喜欢购物，预算中等，有老人。,罗马,1,高,"美食,购物",朋友,轮椅友好,奢华体验,0.39,出行类型=0.2189; 自然兴趣=0.1376; 旅行天数=0.1339,6000,0.8445,0.0142
B0012,boundary,我想去巴黎玩1天，和家人一起，我们喜欢历史，预算比较有限。,罗马,1,低,购物,情侣,轮椅友好,美食购物游,0.45,出行类型=0.2189; 自然兴趣=0.1376; 旅行天数=0.1339,900,0.8445,0.0141
S0297,standard,我想去伦敦玩3天，和朋友一起，我们喜欢自然，预算比较有限，有老人。,纽约,5,高,自然,单人,有老人,户外探险游,0.64,出行类型=0.2189; 自然兴趣=0.1376; 旅行天数=0.1339,38000,0.8445,0.0139
B0008,boundary,我想去罗马玩7天，和爱人一起，我们喜欢历史，预算中等。,罗马,7,中,文化,朋友,轮椅友好,文化深度游,0.49,出行类型=0.2189; 自然兴趣=0.1376; 旅行天数=0.1339,14000,0.8445,0.0136
S0519,standard,我想去纽约玩7天，和朋友一起，我们喜欢历史、文化，预算比较有限，有小孩子。,纽约,2,低,"历史,购物",单人,有老人,经济观光,0.43,出行类型=0.2189; 自然兴趣=0.1376; 旅行天数=0.1339,2200,0.8445,0.0136
B0058,boundary,我想去纽约玩7天，我们喜欢文化，预算中等，有老人。,罗马,7,中,历史,朋友,轮椅友好,文化深度游,0.51,出行类型=0.2189; 自然兴趣=0.1376; 旅行天数=0.1339,14000,0.8445,0.0138
S0417,standard,我想去伦敦玩7天，我们喜欢历史，预算比较宽裕。,罗马,1,中,"历史,文化",家庭,轮椅友好,文化深度游,0.65,出行类型=0.2189; 自然兴趣=0.1376; 旅行天数=0.1339,2000,0.8445,0.015
B0055,boundary,我想去伦敦玩1天，和爱人一起，我们喜欢文化，预算比较有限，需要轮椅无障碍设施。,纽约,1,低,购物,情侣,轮椅友好,美食购物游,0.45,出行类型=0.2189; 自然兴趣=0.1376; 旅行天数=0.1339,1100,0.8445,0.0139
E0029,edge,我想去东京玩5天，和爱人一起，我们喜欢奢华体验、米其林餐厅，预算比较有限。,东京,5,低,"奢华体验,米其林餐厅",情侣,无,文化深度游,0.23,出行类型=0.2189; 自然兴趣=0.1376; 旅行天数=0.1339,4000,0.8445,0.0153
S0067,standard,我想去东京玩7天，我们喜欢购物，预算比较有限，需要轮椅无障碍设施。,东京,1,中,自然,情侣,有儿童,文化深度游,0.4,出行类型=0.2189; 自然兴趣=0.1376; 旅行天数=0.1339,1800,0.8445,0.0164
E0093,edge,我想去东京玩5天，和爱人一起，我们喜欢奢华体验、米其林餐厅，预算比较有限。,东京,5,低,"奢华体验,米其林餐厅",情侣,无,文化深度游,0.23,出行类型=0.2189; 自然兴趣=0.1376; 旅行天数=0.1339,4000,0.8445,0.0147
S0497,standard,我想去东京玩5天，我们喜欢美食、文化，预算中等，有小孩子。,巴黎,1,低,文化,单人,有儿童,文化深度游,0.55,出行类型=0.2189; 自然兴趣=0.1376; 旅行天数=0.1339,1000,0.8445,0.0156
B0191,boundary,我想去伦敦玩7天，和朋友一起，我们喜欢购物，预算中等，需要轮椅无障碍设施。,巴黎,7,中,历史,家庭,有儿童,文化深度游,0.52,出行类型=0.2189; 自然兴趣=0.1376; 旅行天数=0.1339,16800,0.8445,0.0149
S0615,standard,我想去伦敦玩3天，和朋友一起，我们喜欢美食，预算比较有限，有老人。,东京,2,高,历史,情侣,无,情侣浪漫游,0.51,出行类型=0.2189; 自然兴趣=0.1376; 旅行天数=0.1339,11200,0.8445,0.0142
E0036,edge,我想去东京玩5天，和爱人一起，我们喜欢奢华体验、米其林餐厅，预算比较有限。,东京,5,低,"奢华体验,米其林餐厅",情侣,无,文化深度游,0.23,出行类型=0.2189; 自然兴趣=0.1376; 旅行天数=0.1339,4000,0.8445,0.0142
S0201,standard,我想去巴黎玩5天，我们喜欢自然、历史，预算中等，有老人。,纽约,3,高,"购物,自然",朋友,有儿童,户外探险游,0.57,出行类型=0.2189; 自然兴趣=0.1376; 旅行天数=0.1339,22800,0.8445,0.0147
S0020,standard,我想去巴黎玩3天，和爱人一起，我们喜欢历史、自然，预算比较宽裕，需要轮椅无障碍设施。,伦敦,7,低,"文化,自然",家庭,无,亲子家庭游,0.62,出行类型=0.2189; 自然兴趣=0.1376; 旅行天数=0.1339,7280,0.8445,0.0143
B0009,boundary,我想去罗马玩1天，和家人一起，我们喜欢历史，预算比较有限，有小孩子。,巴黎,1,低,美食,单人,有儿童,美食购物游,0.54,出行类型=0.2189; 自然兴趣=0.1376; 旅行天数=0.1339,1000,0.8445,0.0144
S0332,standard,我想去罗马玩7天，和朋友一起，我们喜欢购物，预算比较有限，有小孩子。,伦敦,7,中,购物,情侣,无,美食购物游,0.44,出行类型=0.2189; 自然兴趣=0.1376; 旅行天数=0.1339,16800,0.8445,0.014
S0160,standard,我想去纽约玩1天，和爱人一起，我们喜欢美食、文化，预算比较宽裕，有小孩子。,纽约,1,低,自然,单人,无,经济观光,0.37,出行类型=0.2189; 自然兴趣=0.1376; 旅行天数=0.1339,1100,0.8445,0.0141
E0049,edge,我想去纽约玩1天，我们喜欢文化、美食、购物、历史，预算比较宽裕。,纽约,1,高,"文化,美食,购物,历史",单人,无,奢华体验,0.55,出行类型=0.2189; 自然兴趣=0.1376; 旅行天数=0.1339,7600,0.8445,0.0141
S0318,standard,我想去罗马玩7天，和爱人一起，我们喜欢历史，预算中等，需要轮椅无障碍设施。,罗马,2,低,购物,朋友,有老人,美食购物游,0.42,出行类型=0.2189; 自然兴趣=0.1376; 旅行天数=0.1339,1800,0.8445,0.0142
S0246,standard,我想去巴黎玩5天，和朋友一起，我们喜欢购物、自然，预算比较有限，需要轮椅无障碍设施。,巴黎,2,中,购物,家庭,轮椅友好,美食购物游,0.53,出行类型=0.2189; 自然兴趣=0.1376; 旅行天数=0.1339,4800,0.8445,0.0143
S0121,standard,我想去伦敦玩1天，和朋友一起，我们喜欢自然、历史，预算中等，需要轮椅无障碍设施。,纽约,2,中,历史,家庭,有儿童,文化深度游,0.58,出行类型=0.2189; 自然兴趣=0.1376; 旅行天数=0.1339,5200,0.8445,0.0149
S0116,standard,我想去伦敦玩2天，和家人一起，我们喜欢历史、购物，预算比较宽裕。,伦敦,5,低,"文化,历史",朋友,有老人,文化深度游,0.51,出行类型=0.2189; 自然兴趣=0.1376; 旅行天数=0.1339,5200,0.8445,0.0155
B0192,boundary,我想去纽约玩7天，和爱人一起，我们喜欢文化，预算比较有限，有老人。,罗马,7,低,文化,单人,无,文化深度游,0.46,出行类型=0.2189; 自然兴趣=0.1376; 旅行天数=0.1339,6300,0.8445,0.0143
E0076,edge,我想去伦敦玩3天，和朋友一起，我们喜欢文化，不太确定。,伦敦,3,不太确定,文化,朋友,无,文化深度游,0.49,出行类型=0.2189; 自然兴趣=0.1376; 旅行天数=0.1339,5400,0.8445,0.0145
B0069,boundary,我想去伦敦玩7天，我们喜欢美食，预算中等，需要轮椅无障碍设施。,东京,7,中,文化,家庭,无,亲子家庭游,0.6,出行类型=0.2189; 自然兴趣=0.1376; 旅行天数=0.1339,12600,0.8445,0.0511
E0066,edge,我想去纽约玩1天，我们喜欢文化、美食、购物、历史，预算比较宽裕。,纽约,1,高,"文化,美食,购物,历史",单人,无,奢华体验,0.55,出行类型=0.2189; 自然兴趣=0.1376; 旅行天数=0.1339,7600,0.8445,0.0145
B0073,boundary,我想去东京玩1天，和家人一起，我们喜欢文化，预算比较有限。,纽约,1,低,购物,朋友,有老人,美食购物游,0.45,出行类型=0.2189; 自然兴趣=0.1376; 旅行天数=0.1339,1100,0.8445,0.0146
S0480,standard,我想去纽约玩7天，和爱人一起，我们喜欢自然，预算比较宽裕。,东京,1,低,自然,单人,有儿童,经济观光,0.35,出行类型=0.2189; 自然兴趣=0.1376; 旅行天数=0.1339,800,0.8445,0.0139
S0667,standard,我想去罗马玩2天，和家人一起，我们喜欢历史、文化，预算比较有限。,罗马,3,中,购物,家庭,无,亲子家庭游,0.58,出行类型=0.2189; 自然兴趣=0.1376; 旅行天数=0.1339,6000,0.8445,0.0141
S0629,standard,我想去伦敦玩7天，我们喜欢自然、购物，预算比较宽裕，有小孩子。,巴黎,7,低,"文化,自然",朋友,无,户外探险游,0.63,出行类型=0.2189; 自然兴趣=0.1376; 旅行天数=0.1339,7000,0.8445,0.0143
S0624,standard,我想去纽约玩5天，我们喜欢自然、购物，预算比较宽裕。,纽约,1,低,"文化,购物",朋友,轮椅友好,经济观光,0.38,出行类型=0.2189; 自然兴趣=0.1376; 旅行天数=0.1339,1100,0.8445,0.0142
S0447,standard,我想去罗马玩1天，和家人一起，我们喜欢美食、自然，预算比较有限，有老人。,纽约,3,高,"美食,历史",单人,有老人,奢华体验,0.5,出行类型=0.2189; 自然兴趣=0.1376; 旅行天数=0.1339,22800,0.8445,0.0141
S0266,standard,我想去巴黎玩3天，和家人一起，我们喜欢历史，预算比较有限，有小孩子。,巴黎,7,中,"历史,文化",朋友,有儿童,文化深度游,0.54,出行类型=0.2189; 自然兴趣=0.1376; 旅行天数=0.1339,16800,0.8445,0.0143
S0197,standard,我想去巴黎玩7天，和爱人一起，我们喜欢美食，预算比较宽裕，有小孩子。,纽约,2,高,购物,情侣,有老人,情侣浪漫游,0.51,出行类型=0.2189; 自然兴趣=0.1376; 旅行天数=0.1339,15200,0.8445,0.0138
S0400,standard,我想去纽约玩1天，我们喜欢文化、历史，预算比较有限，有老人。,纽约,3,中,自然,单人,轮椅友好,户外探险游,0.69,出行类型=0.2189; 自然兴趣=0.1376; 旅行天数=0.1339,7800,0.8445,0.0139
S0188,standard,我想去伦敦玩1天，和爱人一起，我们喜欢美食，预算比较有限，有老人。,东京,5,高,购物,朋友,有老人,奢华体验,0.45,出行类型=0.2189; 自然兴趣=0.1376; 旅行天数=0.1339,28000,0.8445,0.0143
S0319,standard,我想去巴黎玩2天，和家人一起，我们喜欢自然、美食，预算比较宽裕，需要轮椅无障碍设施。,纽约,3,低,文化,单人,无,文化深度游,0.47,出行类型=0.2189; 自然兴趣=0.1376; 旅行天数=0.1339,3300,0.8445,0.0144
S0303,standard,我想去巴黎玩7天，和朋友一起，我们喜欢历史、自然，预算比较有限，有老人。,纽约,3,低,自然,朋友,无,户外探险游,0.62,出行类型=0.2189; 自然兴趣=0.1376; 旅行天数=0.1339,3300,0.8445,0.0142
S0065,standard,我想去罗马玩5天，和朋友一起，我们喜欢美食、历史，预算比较宽裕，需要轮椅无障碍设施。,罗马,2,中,历史,单人,有老人,文化深度游,0.64,出行类型=0.2189; 自然兴趣=0.1376; 旅行天数=0.1339,4000,0.8445,0.0142
S0355,standard,我想去东京玩2天，和朋友一起，我们喜欢自然、购物，预算中等，需要轮椅无障碍设施。,伦敦,5,中,文化,情侣,有儿童,文化深度游,0.53,出行类型=0.2189; 自然兴趣=0.1376; 旅行天数=0.1339,12000,0.8445,0.0138
S0647,standard,我想去巴黎玩1天，和朋友一起，我们喜欢自然，预算中等，有老人。,罗马,2,低,"历史,购物",单人,有儿童,经济观光,0.43,出行类型=0.2189; 自然兴趣=0.1376; 旅行天数=0.1339,1800,0.8445,0.0135
S0181,standard,我想去东京玩3天，和家人一起，我们喜欢自然，预算中等，需要轮椅无障碍设施。,伦敦,7,中,"购物,美食",单人,轮椅友好,美食购物游,0.5,出行类型=0.2189; 自然兴趣=0.1376; 旅行天数=0.1339,16800,0.8445,0.014
S0232,standard,我想去罗马玩5天，和爱人一起，我们喜欢历史，预算中等，有老人。,巴黎,2,中,"自然,购物",家庭,有儿童,美食购物游,0.45,出行类型=0.2189; 自然兴趣=0.1376; 旅行天数=0.1339,4800,0.8445,0.0142
S0653,standard,我想去罗马玩5天，和家人一起，我们喜欢历史，预算中等，有老人。,纽约,7,中,"购物,美食",朋友,无,美食购物游,0.48,出行类型=0.2189; 自然兴趣=0.1376; 旅行天数=0.1339,18200,0.8445,0.0146
S0637,standard,我想去纽约玩7天，和家人一起，我们喜欢自然，预算中等，有老人。,伦敦,2,高,"历史,购物",情侣,有老人,情侣浪漫游,0.51,出行类型=0.2189; 自然兴趣=0.1376; 旅行天数=0.1339,14000,0.8445,0.0143
S0634,standard,我想去罗马玩3天，和朋友一起，我们喜欢自然、文化，预算中等，有小孩子。,伦敦,3,低,"历史,购物",单人,有儿童,经济观光,0.34,出行类型=0.2189; 自然兴趣=0.1376; 旅行天数=0.1339,3120,0.8445,0.0137
S0326,standard,我想去伦敦玩3天，和朋友一起，我们喜欢美食、购物，预算中等，需要轮椅无障碍设施。,纽约,3,低,"自然,文化",情侣,轮椅友好,户外探险游,0.61,出行类型=0.2189; 自然兴趣=0.1376; 旅行天数=0.1339,3300,0.8445,0.0139
B0115,boundary,我想去东京玩1天，和爱人一起，我们喜欢历史，预算比较有限。,罗马,1,低,文化,朋友,有儿童,文化深度游,0.53,出行类型=0.2189; 自然兴趣=0.1376; 旅行天数=0.1339,900,0.8445,0.0137
S0611,standard,我想去罗马玩3天，和朋友一起，我们喜欢美食、自然，预算比较有限，需要轮椅无障碍设施。,东京,7,高,美食,情侣,无,情侣浪漫游,0.51,出行类型=0.2189; 自然兴趣=0.1376; 旅行天数=0.1339,39200,0.8445,0.0148
B0074,boundary,我想去巴黎玩1天，和朋友一起，我们喜欢文化，预算比较有限，有小孩子。,罗马,1,低,历史,情侣,无,文化深度游,0.55,出行类型=0.2189; 自然兴趣=0.1376; 旅行天数=0.1339,900,0.8445,0.0147
E0089,edge,我想去伦敦玩3天，和朋友一起，我们喜欢文化，不太确定。,伦敦,3,不太确定,文化,朋友,无,文化深度游,0.49,出行类型=0.2189; 自然兴趣=0.1376; 旅行天数=0.1339,5400,0.8445,0.0143
B0131,boundary,我想去东京玩7天，和爱人一起，我们喜欢自然，预算比较宽裕，有小孩子。,罗马,7,高,购物,情侣,无,情侣浪漫游,0.52,出行类型=0.2189; 自然兴趣=0.1376; 旅行天数=0.1339,42000,0.8445,0.0141
S0574,standard,我想去伦敦玩5天，我们喜欢美食、购物，预算比较有限，有小孩子。,东京,1,中,"美食,自然",朋友,轮椅友好,美食购物游,0.43,出行类型=0.2189; 自然兴趣=0.1376; 旅行天数=0.1339,1800,0.8445,0.0151
S0062,standard,我想去巴黎玩5天，和爱人一起，我们喜欢美食，预算比较宽裕。,巴黎,5,高,美食,家庭,有老人,美食购物游,0.51,出行类型=0.2189; 自然兴趣=0.1376; 旅行天数=0.1339,35000,0.8445,0.0163
B0087,boundary,我想去罗马玩1天，和爱人一起，我们喜欢自然，预算比较有限，有小孩子。,纽约,1,低,美食,家庭,轮椅友好,美食购物游,0.6,出行类型=0.2189; 自然兴趣=0.1376; 旅行天数=0.1339,1100,0.8445,0.0139
B0084,boundary,我想去巴黎玩1天，和朋友一起，我们喜欢自然，预算比较有限，需要轮椅无障碍设施。,罗马,1,低,文化,单人,轮椅友好,文化深度游,0.55,出行类型=0.2189; 自然兴趣=0.1376; 旅行天数=0.1339,900,0.8445,0.0146
S0580,standard,我想去东京玩5天，我们喜欢美食，预算比较宽裕。,巴黎,3,低,"文化,历史",朋友,有儿童,文化深度游,0.52,出行类型=0.2189; 自然兴趣=0.1376; 旅行天数=0.1339,3000,0.8445,0.0151
S0276,standard,我想去纽约玩3天，我们喜欢美食，预算中等，需要轮椅无障碍设施。,伦敦,3,低,美食,家庭,轮椅友好,美食购物游,0.58,出行类型=0.2189; 自然兴趣=0.1376; 旅行天数=0.1339,3120,0.8445,0.0153
S0049,standard,我想去东京玩5天，和家人一起，我们喜欢美食，预算中等，需要轮椅无障碍设施。,巴黎,2,低,自然,单人,有儿童,经济观光,0.36,出行类型=0.2189; 自然兴趣=0.1376; 旅行天数=0.1339,2000,0.8445,0.0146
B0168,boundary,我想去巴黎玩7天，我们喜欢历史，预算比较宽裕，需要轮椅无障碍设施。,伦敦,7,高,文化,单人,轮椅友好,奢华体验,0.5,出行类型=0.2189; 自然兴趣=0.1376; 旅行天数=0.1339,49000,0.8445,0.0146
S0075,standard,我想去巴黎玩2天，和爱人一起，我们喜欢美食、历史，预算比较宽裕。,伦敦,2,中,"自然,美食",家庭,有儿童,美食购物游,0.48,出行类型=0.2189; 自然兴趣=0.1376; 旅行天数=0.1339,4800,0.8445,0.0143
S0250,standard,我想去东京玩5天，和朋友一起，我们喜欢文化，预算比较有限，有老人。,巴黎,7,高,"购物,自然",家庭,有儿童,美食购物游,0.39,出行类型=0.2189; 自然兴趣=0.1376; 旅行天数=0.1339,49000,0.8445,0.0143
E0067,edge,我想去罗马玩4天，和家人一起，我们喜欢历史，预算中等。,罗马,4,中,历史,家庭,有儿童和老人,文化深度游,0.55,出行类型=0.2189; 自然兴趣=0.1376; 旅行天数=0.1339,8000,0.8445,0.0146
S0044,standard,我想去巴黎玩5天，和爱人一起，我们喜欢美食，预算比较有限。,巴黎,3,低,购物,家庭,有老人,美食购物游,0.56,出行类型=0.2189; 自然兴趣=0.1376; 旅行天数=0.1339,3000,0.8445,0.0141
E0042,edge,我想去东京玩5天，和爱人一起，我们喜欢奢华体验、米其林餐厅，预算比较有限。,东京,5,低,"奢华体验,米其林餐厅",情侣,无,文化深度游,0.23,出行类型=0.2189; 自然兴趣=0.1376; 旅行天数=0.1339,4000,0.8445,0.0142
B0100,boundary,我想去纽约玩1天，和朋友一起，我们喜欢文化，预算比较有限。,伦敦,1,低,文化,朋友,无,文化深度游,0.5,出行类型=0.2189; 自然兴趣=0.1376; 旅行天数=0.1339,1040,0.8445,0.0139
S0069,standard,我想去伦敦玩7天，和家人一起，我们喜欢自然、历史，预算比较有限，需要轮椅无障碍设施。,纽约,3,中,美食,情侣,有儿童,美食购物游,0.51,出行类型=0.2189; 自然兴趣=0.1376; 旅行天数=0.1339,7800,0.8445,0.0157
S0549,standard,我想去东京玩3天，我们喜欢购物，预算比较有限，有小孩子。,东京,2,低,"购物,文化",单人,有老人,经济观光,0.35,出行类型=0.2189; 自然兴趣=0.1376; 旅行天数=0.1339,1600,0.8445,0.015
S0397,standard,我想去纽约玩3天，和朋友一起，我们喜欢历史，预算比较有限，需要轮椅无障碍设施。,巴黎,1,低,历史,单人,无,文化深度游,0.54,出行类型=0.2189; 自然兴趣=0.1376; 旅行天数=0.1339,1000,0.8445,0.0151
S0290,standard,我想去伦敦玩2天，我们喜欢文化，预算比较有限，有老人。,罗马,3,低,"购物,历史",朋友,轮椅友好,经济观光,0.36,出行类型=0.2189; 自然兴趣=0.1376; 旅行天数=0.1339,2700,0.8445,0.0146
S0013,standard,我想去纽约玩1天，我们喜欢自然、购物，预算比较宽裕，有小孩子。,伦敦,5,低,"购物,自然",情侣,无,户外探险游,0.6,出行类型=0.2189; 自然兴趣=0.1376; 旅行天数=0.1339,5200,0.8445,0.0144
S0662,standard,我想去东京玩7天，和爱人一起，我们喜欢购物，预算比较有限，需要轮椅无障碍设施。,罗马,3,高,"自然,历史",家庭,有儿童,文化深度游,0.41,出行类型=0.2189; 自然兴趣=0.1376; 旅行天数=0.1339,18000,0.8445,0.0147
B0127,boundary,我想去东京玩7天，和朋友一起，我们喜欢美食，预算比较宽裕，有老人。,东京,7,高,文化,单人,无,奢华体验,0.51,出行类型=0.2189; 自然兴趣=0.1376; 旅行天数=0.1339,39200,0.8445,0.0146
S0094,standard,我想去东京玩5天，和家人一起，我们喜欢文化，预算比较有限，有小孩子。,罗马,2,中,"自然,购物",单人,无,美食购物游,0.34,出行类型=0.2189; 自然兴趣=0.1376; 旅行天数=0.1339,4000,0.8445,0.0152
S0369,standard,我想去东京玩5天，我们喜欢文化，预算比较有限，需要轮椅无障碍设施。,纽约,1,低,"购物,历史",家庭,轮椅友好,亲子家庭游,0.41,出行类型=0.2189; 自然兴趣=0.1376; 旅行天数=0.1339,1100,0.8445,0.0144
S0606,standard,我想去巴黎玩1天，我们喜欢历史、美食，预算比较宽裕。,伦敦,7,中,自然,家庭,有儿童,户外探险游,0.5,出行类型=0.2189; 自然兴趣=0.1376; 旅行天数=0.1339,16800,0.8445,0.0144
S0277,standard,我想去纽约玩5天，我们喜欢文化，预算比较有限，有小孩子。,罗马,3,中,文化,家庭,有儿童,文化深度游,0.54,出行类型=0.2189; 自然兴趣=0.1376; 旅行天数=0.1339,6000,0.8445,0.014
S0329,standard,我想去伦敦玩2天，和朋友一起，我们喜欢历史、美食，预算比较宽裕，需要轮椅无障碍设施。,东京,3,中,"文化,美食",情侣,有老人,文化深度游,0.41,出行类型=0.2189; 自然兴趣=0.1376; 旅行天数=0.1339,5400,0.8445,0.014
E0047,edge,我想去巴黎玩3天，我们喜欢什么都想看看，预算中等。,巴黎,3,中,什么都想看看,单人,无,文化深度游,0.31,出行类型=0.2189; 自然兴趣=0.1376; 旅行天数=0.1339,7200,0.8445,0.0136
S0573,standard,我想去东京玩3天，我们喜欢文化，预算中等，有老人。,罗马,5,高,文化,单人,有儿童,奢华体验,0.52,出行类型=0.2189; 自然兴趣=0.1376; 旅行天数=0.1339,30000,0.8445,0.0141
S0113,standard,我想去巴黎玩2天，和家人一起，我们喜欢文化，预算比较有限，有小孩子。,东京,1,高,历史,情侣,有儿童,情侣浪漫游,0.51,出行类型=0.2189; 自然兴趣=0.1376; 旅行天数=0.1339,5600,0.8445,0.0147
B0148,boundary,我想去东京玩7天，和家人一起，我们喜欢购物，预算比较有限，有老人。,伦敦,7,低,购物,情侣,无,美食购物游,0.44,出行类型=0.2189; 自然兴趣=0.1376; 旅行天数=0.1339,7280,0.8445,0.0141
S0289,standard,我想去巴黎玩7天，和朋友一起，我们喜欢历史、购物，预算比较有限，有小孩子。,纽约,5,高,历史,情侣,有儿童,情侣浪漫游,0.5,出行类型=0.2189; 自然兴趣=0.1376; 旅行天数=0.1339,38000,0.8445,0.0149
B0187,boundary,我想去伦敦玩7天，和朋友一起，我们喜欢历史，预算比较有限，有小孩子。,罗马,7,低,自然,单人,无,户外探险游,0.67,出行类型=0.2189; 自然兴趣=0.1376; 旅行天数=0.1339,6300,0.8445,0.0151
S0248,standard,我想去东京玩2天，和家人一起，我们喜欢历史，预算比较有限，需要轮椅无障碍设施。,东京,7,中,自然,朋友,轮椅友好,户外探险游,0.69,出行类型=0.2189; 自然兴趣=0.1376; 旅行天数=0.1339,12600,0.8445,0.0177
S0605,standard,我想去东京玩5天，和朋友一起，我们喜欢自然，预算比较宽裕，需要轮椅无障碍设施。,纽约,1,低,购物,情侣,有老人,美食购物游,0.45,出行类型=0.2189; 自然兴趣=0.1376; 旅行天数=0.1339,1100,0.8445,0.0163
S0299,standard,我想去东京玩7天，我们喜欢购物、文化，预算比较宽裕，有老人。,巴黎,2,低,"文化,购物",家庭,无,亲子家庭游,0.65,出行类型=0.2189; 自然兴趣=0.1376; 旅行天数=0.1339,2000,0.8445,0.0167
S0556,standard,我想去伦敦玩3天，和家人一起，我们喜欢购物、历史，预算中等，需要轮椅无障碍设施。,纽约,2,低,"文化,自然",家庭,轮椅友好,文化深度游,0.49,出行类型=0.2189; 自然兴趣=0.1376; 旅行天数=0.1339,2200,0.8445,0.0175
S0125,standard,我想去罗马玩2天，和家人一起，我们喜欢购物、自然，预算比较有限，有老人。,纽约,3,低,"自然,文化",朋友,轮椅友好,户外探险游,0.62,出行类型=0.2189; 自然兴趣=0.1376; 旅行天数=0.1339,3300,0.8445,0.0176
B0160,boundary,我想去罗马玩7天，和爱人一起，我们喜欢自然，预算比较有限，有小孩子。,巴黎,7,低,文化,朋友,有儿童,文化深度游,0.43,出行类型=0.2189; 自然兴趣=0.1376; 旅行天数=0.1339,7000,0.8445,0.0172
S0378,standard,我想去伦敦玩3天，和爱人一起，我们喜欢历史、购物，预算比较有限，有老人。,罗马,3,低,历史,单人,轮椅友好,文化深度游,0.49,出行类型=0.2189; 自然兴趣=0.1376; 旅行天数=0.1339,2700,0.8445,0.0168
S0382,standard,我想去巴黎玩1天，和朋友一起，我们喜欢美食，预算中等，有小孩子。,伦敦,2,低,自然,家庭,无,亲子家庭游,0.63,出行类型=0.2189; 自然兴趣=0.1376; 旅行天数=0.1339,2080,0.8445,0.0168
E0068,edge,我想去伦敦玩3天，和朋友一起，我们喜欢文化，不太确定。,伦敦,3,不太确定,文化,朋友,无,文化深度游,0.49,出行类型=0.2189; 自然兴趣=0.1376; 旅行天数=0.1339,5400,0.8445,0.0175
B0091,boundary,我想去纽约玩7天，和家人一起，我们喜欢自然，预算比较有限。,伦敦,7,低,自然,情侣,有老人,户外探险游,0.67,出行类型=0.2189; 自然兴趣=0.1376; 旅行天数=0.1339,7280,0.8445,0.0197
S0311,standard,我想去纽约玩2天，和家人一起，我们喜欢历史，预算比较宽裕，有老人。,罗马,5,低,"美食,文化",家庭,有儿童,亲子家庭游,0.43,出行类型=0.2189; 自然兴趣=0.1376; 旅行天数=0.1339,4500,0.8445,0.0236
S0007,standard,我想去罗马玩3天，和家人一起，我们喜欢文化、美食，预算比较宽裕，有小孩子。,纽约,7,中,"历史,购物",朋友,有老人,文化深度游,0.38,出行类型=0.2189; 自然兴趣=0.1376; 旅行天数=0.1339,18200,0.8445,0.0215
S0644,standard,我想去罗马玩7天，和爱人一起，我们喜欢历史，预算比较宽裕，有老人。,罗马,5,高,文化,单人,轮椅友好,奢华体验,0.52,出行类型=0.2189; 自然兴趣=0.1376; 旅行天数=0.1339,30000,0.8445,0.0196
B0071,boundary,我想去纽约玩7天，和爱人一起，我们喜欢历史，预算比较宽裕，有小孩子。,巴黎,7,高,自然,情侣,轮椅友好,情侣浪漫游,0.51,出行类型=0.2189; 自然兴趣=0.1376; 旅行天数=0.1339,49000,0.8445,0.0197
S0552,standard,我想去东京玩3天，和爱人一起，我们喜欢美食，预算比较有限，有老人。,纽约,2,低,购物,朋友,无,美食购物游,0.43,出行类型=0.2189; 自然兴趣=0.1376; 旅行天数=0.1339,2200,0.8445,0.017
S0343,standard,我想去纽约玩2天，我们喜欢自然，预算比较宽裕。,巴黎,2,低,"历史,自然",朋友,轮椅友好,文化深度游,0.39,出行类型=0.2189; 自然兴趣=0.1376; 旅行天数=0.1339,2000,0.8445,0.017
S0183,standard,我想去东京玩1天，我们喜欢历史，预算比较有限，有老人。,伦敦,5,中,"历史,文化",情侣,无,文化深度游,0.58,出行类型=0.2189; 自然兴趣=0.1376; 旅行天数=0.1339,12000,0.8445,0.0162
E0070,edge,我想去伦敦玩3天，和朋友一起，我们喜欢文化，不太确定。,伦敦,3,不太确定,文化,朋友,无,文化深度游,0.49,出行类型=0.2189; 自然兴趣=0.1376; 旅行天数=0.1339,5400,0.8445,0.0155
E0032,edge,我想去东京玩5天，和爱人一起，我们喜欢奢华体验、米其林餐厅，预算比较有限。,东京,5,低,"奢华体验,米其林餐厅",情侣,无,文化深度游,0.23,出行类型=0.2189; 自然兴趣=0.1376; 旅行天数=0.1339,4000,0.8445,0.0152
S0036,standard,我想去罗马玩5天，和家人一起，我们喜欢历史、自然，预算比较有限。,伦敦,7,高,"美食,自然",朋友,有老人,户外探险游,0.61,出行类型=0.2189; 自然兴趣=0.1376; 旅行天数=0.1339,49000,0.8445,0.0159
S0293,standard,我想去纽约玩1天，我们喜欢美食，预算中等，需要轮椅无障碍设施。,罗马,5,低,美食,情侣,有老人,美食购物游,0.52,出行类型=0.2189; 自然兴趣=0.1376; 旅行天数=0.1339,4500,0.8445,0.015
S0529,standard,我想去伦敦玩3天，和爱人一起，我们喜欢购物，预算比较宽裕，需要轮椅无障碍设施。,东京,7,低,"历史,自然",家庭,无,亲子家庭游,0.61,出行类型=0.2189; 自然兴趣=0.1376; 旅行天数=0.1339,5600,0.8445,0.0151
B0005,boundary,我想去东京玩1天，和爱人一起，我们喜欢美食，预算比较有限，需要轮椅无障碍设施。,伦敦,1,低,美食,家庭,无,亲子家庭游,0.56,出行类型=0.2189; 自然兴趣=0.1376; 旅行天数=0.1339,1040,0.8445,0.0143
S0006,standard,我想去巴黎玩7天，和朋友一起，我们喜欢美食，预算比较宽裕，有小孩子。,巴黎,7,中,"美食,历史",朋友,无,文化深度游,0.36,出行类型=0.2189; 自然兴趣=0.1376; 旅行天数=0.1339,16800,0.8445,0.0143
S0476,standard,我想去东京玩1天，和家人一起，我们喜欢文化，预算中等，有小孩子。,纽约,2,低,购物,单人,无,美食购物游,0.4,出行类型=0.2189; 自然兴趣=0.1376; 旅行天数=0.1339,2200,0.8445,0.0144
S0622,standard,我想去罗马玩7天，和家人一起，我们喜欢购物、美食，预算中等，需要轮椅无障碍设施。,纽约,1,高,购物,朋友,有儿童,奢华体验,0.45,出行类型=0.2189; 自然兴趣=0.1376; 旅行天数=0.1339,7600,0.8445,0.014
S0292,standard,我想去纽约玩5天，和家人一起，我们喜欢自然、历史，预算比较宽裕，有老人。,纽约,7,中,美食,单人,有儿童,美食购物游,0.49,出行类型=0.2189; 自然兴趣=0.1376; 旅行天数=0.1339,18200,0.8445,0.0145
E0003,edge,我想去伦敦玩3天，和朋友一起，我们喜欢文化，不太确定。,伦敦,3,不太确定,文化,朋友,无,文化深度游,0.49,出行类型=0.2189; 自然兴趣=0.1376; 旅行天数=0.1339,5400,0.8445,0.0144
B0140,boundary,我想去巴黎玩7天，和朋友一起，我们喜欢购物，预算比较宽裕，有小孩子。,东京,7,高,文化,单人,有老人,奢华体验,0.53,出行类型=0.2189; 自然兴趣=0.1376; 旅行天数=0.1339,39200,0.8445,0.0146
B0096,boundary,我想去巴黎玩7天，和爱人一起，我们喜欢购物，预算比较宽裕，有老人。,罗马,7,高,历史,情侣,有老人,情侣浪漫游,0.51,出行类型=0.2189; 自然兴趣=0.1376; 旅行天数=0.1339,42000,0.8445,0.0147
S0695,standard,我想去伦敦玩3天，我们喜欢购物，预算比较宽裕，有小孩子。,东京,5,中,文化,朋友,有老人,文化深度游,0.5,出行类型=0.2189; 自然兴趣=0.1376; 旅行天数=0.1339,9000,0.8445,0.0145
S0008,standard,我想去纽约玩7天，和爱人一起，我们喜欢自然、购物，预算比较宽裕，有小孩子。,罗马,7,低,自然,单人,无,户外探险游,0.67,出行类型=0.2189; 自然兴趣=0.1376; 旅行天数=0.1339,6300,0.8445,0.0139
S0015,standard,我想去东京玩7天，和家人一起，我们喜欢文化、美食，预算中等。,罗马,2,高,"自然,购物",朋友,轮椅友好,奢华体验,0.37,出行类型=0.2189; 自然兴趣=0.1376; 旅行天数=0.1339,12000,0.8445,0.0145
S0379,standard,我想去罗马玩7天，和家人一起，我们喜欢购物，预算比较宽裕。,纽约,1,低,"自然,历史",朋友,有儿童,文化深度游,0.44,出行类型=0.2189; 自然兴趣=0.1376; 旅行天数=0.1339,1100,0.8445,0.0143
E0048,edge,我想去巴黎玩3天，我们喜欢什么都想看看，预算中等。,巴黎,3,中,什么都想看看,单人,无,文化深度游,0.31,出行类型=0.2189; 自然兴趣=0.1376; 旅行天数=0.1339,7200,0.8445,0.0144
S0449,standard,我想去罗马玩3天，和家人一起，我们喜欢美食、自然，预算比较有限，需要轮椅无障碍设施。,东京,7,中,"自然,历史",朋友,轮椅友好,户外探险游,0.65,出行类型=0.2189; 自然兴趣=0.1376; 旅行天数=0.1339,12600,0.8445,0.0143
S0617,standard,我想去巴黎玩2天，和朋友一起，我们喜欢自然、购物，预算比较有限，需要轮椅无障碍设施。,伦敦,3,中,"历史,自然",单人,轮椅友好,户外探险游,0.65,出行类型=0.2189; 自然兴趣=0.1376; 旅行天数=0.1339,7200,0.8445,0.015
S0416,standard,我想去罗马玩2天，和家人一起，我们喜欢美食、历史，预算比较宽裕，需要轮椅无障碍设施。,罗马,7,高,"历史,自然",情侣,有老人,情侣浪漫游,0.5,出行类型=0.2189; 自然兴趣=0.1376; 旅行天数=0.1339,42000,0.8445,0.0141
B0144,boundary,我想去伦敦玩7天，和爱人一起，我们喜欢美食，预算中等，有小孩子。,东京,7,中,购物,家庭,轮椅友好,美食购物游,0.54,出行类型=0.2189; 自然兴趣=0.1376; 旅行天数=0.1339,12600,0.8445,0.0147
S0544,standard,我想去纽约玩3天，我们喜欢自然，预算比较宽裕。,罗马,2,高,美食,家庭,有老人,美食购物游,0.47,出行类型=0.2189; 自然兴趣=0.1376; 旅行天数=0.1339,12000,0.8445,0.014
S0321,standard,我想去巴黎玩2天，和家人一起，我们喜欢美食，预算比较宽裕，需要轮椅无障碍设施。,纽约,5,高,"自然,文化",朋友,无,户外探险游,0.58,出行类型=0.2189; 自然兴趣=0.1376; 旅行天数=0.1339,38000,0.8445,0.015
S0537,standard,我想去罗马玩2天，和朋友一起，我们喜欢自然、购物，预算中等，需要轮椅无障碍设施。,巴黎,3,高,历史,家庭,轮椅友好,文化深度游,0.47,出行类型=0.2189; 自然兴趣=0.1376; 旅行天数=0.1339,21000,0.8445,0.0155
S0012,standard,我想去东京玩1天，和家人一起，我们喜欢历史、自然，预算比较有限，有小孩子。,伦敦,3,高,购物,家庭,有老人,美食购物游,0.49,出行类型=0.2189; 自然兴趣=0.1376; 旅行天数=0.1339,21000,0.8445,0.0155
B0038,boundary,我想去东京玩7天，和家人一起，我们喜欢文化，预算比较有限，有老人。,纽约,7,低,自然,单人,轮椅友好,户外探险游,0.7,出行类型=0.2189; 自然兴趣=0.1376; 旅行天数=0.1339,7700,0.8445,0.0151
E0017,edge,我想去纽约玩1天，我们喜欢文化、美食、购物、历史，预算比较宽裕。,纽约,1,高,"文化,美食,购物,历史",单人,无,奢华体验,0.55,出行类型=0.2189; 自然兴趣=0.1376; 旅行天数=0.1339,7600,0.8445,0.0153
S0324,standard,我想去东京玩5天，和爱人一起，我们喜欢购物，预算中等，有老人。,罗马,5,高,文化,朋友,有儿童,奢华体验,0.44,出行类型=0.2189; 自然兴趣=0.1376; 旅行天数=0.1339,30000,0.8445,0.0146
S0691,standard,我想去纽约玩2天，我们喜欢文化、美食，预算中等，有小孩子。,罗马,5,低,"文化,历史",情侣,有儿童,文化深度游,0.53,出行类型=0.2189; 自然兴趣=0.1376; 旅行天数=0.1339,4500,0.8445,0.0148
S0024,standard,我想去巴黎玩5天，我们喜欢自然、文化，预算比较有限，有小孩子。,罗马,2,低,"历史,自然",家庭,无,亲子家庭游,0.6,出行类型=0.2189; 自然兴趣=0.1376; 旅行天数=0.1339,1800,0.8445,0.0146
E0096,edge,我想去纽约玩1天，我们喜欢文化、美食、购物、历史，预算比较宽裕。,纽约,1,高,"文化,美食,购物,历史",单人,无,奢华体验,0.55,出行类型=0.2189; 自然兴趣=0.1376; 旅行天数=0.1339,7600,0.8445,0.015
S0139,standard,我想去纽约玩5天，我们喜欢文化、美食，预算比较宽裕。,伦敦,7,低,"自然,历史",家庭,有老人,文化深度游,0.38,出行类型=0.2189; 自然兴趣=0.1376; 旅行天数=0.1339,7280,0.8445,0.015
E0091,edge,我想去伦敦玩3天，和朋友一起，我们喜欢文化，不太确定。,伦敦,3,不太确定,文化,朋友,无,文化深度游,0.49,出行类型=0.2189; 自然兴趣=0.1376; 旅行天数=0.1339,5400,0.8445,0.0152
S0657,standard,我想去东京玩3天，我们喜欢购物，预算中等，有小孩子。,伦敦,7,低,自然,朋友,无,户外探险游,0.64,出行类型=0.2189; 自然兴趣=0.1376; 旅行天数=0.1339,7280,0.8445,0.0152
S0598,standard,我想去伦敦玩5天，和朋友一起，我们喜欢自然、文化，预算比较宽裕，有小孩子。,东京,2,高,"文化,购物",朋友,轮椅友好,奢华体验,0.55,出行类型=0.2189; 自然兴趣=0.1376; 旅行天数=0.1339,11200,0.8445,0.015
B0171,boundary,我想去东京玩7天，我们喜欢美食，预算比较有限，有老人。,巴黎,7,低,文化,情侣,有儿童,文化深度游,0.45,出行类型=0.2189; 自然兴趣=0.1376; 旅行天数=0.1339,7000,0.8445,0.0155
E0037,edge,我想去东京玩5天，和爱人一起，我们喜欢奢华体验、米其林餐厅，预算比较有限。,东京,5,低,"奢华体验,米其林餐厅",情侣,无,文化深度游,0.23,出行类型=0.2189; 自然兴趣=0.1376; 旅行天数=0.1339,4000,0.8445,0.0158
S0086,standard,我想去纽约玩2天，和爱人一起，我们喜欢自然、美食，预算比较宽裕，需要轮椅无障碍设施。,纽约,3,中,文化,家庭,轮椅友好,文化深度游,0.54,出行类型=0.2189; 自然兴趣=0.1376; 旅行天数=0.1339,7800,0.8445,0.0163
S0098,standard,我想去罗马玩1天，和爱人一起，我们喜欢购物，预算比较有限，需要轮椅无障碍设施。,纽约,1,低,"历史,自然",单人,有儿童,文化深度游,0.42,出行类型=0.2189; 自然兴趣=0.1376; 旅行天数=0.1339,1100,0.8445,0.0157
S0027,standard,我想去伦敦玩1天，和家人一起，我们喜欢美食、购物，预算比较有限，需要轮椅无障碍设施。,东京,2,中,"自然,美食",家庭,无,亲子家庭游,0.62,出行类型=0.2189; 自然兴趣=0.1376; 旅行天数=0.1339,3600,0.8445,0.0159
B0062,boundary,我想去巴黎玩7天，和朋友一起，我们喜欢历史，预算比较宽裕。,巴黎,7,高,历史,情侣,有老人,情侣浪漫游,0.51,出行类型=0.2189; 自然兴趣=0.1376; 旅行天数=0.1339,49000,0.8445,0.0147
S0229,standard,我想去纽约玩5天，和家人一起，我们喜欢文化、历史，预算比较有限，有小孩子。,纽约,5,低,历史,情侣,轮椅友好,文化深度游,0.5,出行类型=0.2189; 自然兴趣=0.1376; 旅行天数=0.1339,5500,0.8445,0.0138
S0327,standard,我想去纽约玩5天，和朋友一起，我们喜欢文化、购物，预算中等。,伦敦,3,中,"历史,美食",情侣,有老人,文化深度游,0.44,出行类型=0.2189; 自然兴趣=0.1376; 旅行天数=0.1339,7200,0.8445,0.0144
S0444,standard,我想去东京玩7天，和爱人一起，我们喜欢自然、美食，预算中等，需要轮椅无障碍设施。,纽约,2,中,历史,情侣,有老人,文化深度游,0.64,出行类型=0.2189; 自然兴趣=0.1376; 旅行天数=0.1339,5200,0.8445,0.0167
S0223,standard,我想去伦敦玩5天，和家人一起，我们喜欢购物，预算比较宽裕，有老人。,罗马,2,中,美食,朋友,有儿童,美食购物游,0.55,出行类型=0.2189; 自然兴趣=0.1376; 旅行天数=0.1339,4000,0.8445,0.0174
E0065,edge,我想去罗马玩4天，和家人一起，我们喜欢历史，预算中等。,罗马,4,中,历史,家庭,有儿童和老人,文化深度游,0.55,出行类型=0.2189; 自然兴趣=0.1376; 旅行天数=0.1339,8000,0.8445,0.019
S0244,standard,我想去东京玩1天，和家人一起，我们喜欢美食、自然，预算比较宽裕，有小孩子。,东京,5,低,历史,情侣,有儿童,文化深度游,0.49,出行类型=0.2189; 自然兴趣=0.1376; 旅行天数=0.1339,4000,0.8445,0.0173
S0381,standard,我想去东京玩5天，和爱人一起，我们喜欢购物、文化，预算比较宽裕，有小孩子。,罗马,1,高,"自然,历史",朋友,有老人,奢华体验,0.37,出行类型=0.2189; 自然兴趣=0.1376; 旅行天数=0.1339,6000,0.8445,0.0162
S0233,standard,我想去伦敦玩2天，和爱人一起，我们喜欢购物，预算比较宽裕，有小孩子。,巴黎,2,高,文化,朋友,无,奢华体验,0.52,出行类型=0.2189; 自然兴趣=0.1376; 旅行天数=0.1339,14000,0.8445,0.0166
S0083,standard,我想去纽约玩2天，和朋友一起，我们喜欢美食、文化，预算比较宽裕，有小孩子。,伦敦,3,中,美食,单人,无,美食购物游,0.5,出行类型=0.2189; 自然兴趣=0.1376; 旅行天数=0.1339,7200,0.8445,0.0163
S0484,standard,我想去巴黎玩3天，我们喜欢自然、文化，预算中等，需要轮椅无障碍设施。,巴黎,3,高,历史,朋友,轮椅友好,奢华体验,0.46,出行类型=0.2189; 自然兴趣=0.1376; 旅行天数=0.1339,21000,0.8445,0.0157
E0039,edge,我想去罗马玩4天，和家人一起，我们喜欢历史，预算中等。,罗马,4,中,历史,家庭,有儿童和老人,文化深度游,0.55,出行类型=0.2189; 自然兴趣=0.1376; 旅行天数=0.1339,8000,0.8445,0.0164
B0049,boundary,我想去纽约玩7天，和家人一起，我们喜欢文化，预算比较宽裕，需要轮椅无障碍设施。,东京,7,高,文化,情侣,轮椅友好,情侣浪漫游,0.5,出行类型=0.2189; 自然兴趣=0.1376; 旅行天数=0.1339,39200,0.8445,0.0152
S0018,standard,我想去罗马玩7天，和朋友一起，我们喜欢购物，预算比较有限，有老人。,纽约,5,低,"美食,历史",家庭,轮椅友好,亲子家庭游,0.38,出行类型=0.2189; 自然兴趣=0.1376; 旅行天数=0.1339,5500,0.8445,0.0141
B0042,boundary,我想去罗马玩1天，和朋友一起，我们喜欢自然，预算比较有限，有小孩子。,东京,1,低,自然,家庭,轮椅友好,亲子家庭游,0.33,出行类型=0.2189; 自然兴趣=0.1376; 旅行天数=0.1339,800,0.8445,0.0155
S0558,standard,我想去东京玩2天，我们喜欢购物，预算中等，有小孩子。,伦敦,3,高,"购物,美食",家庭,轮椅友好,美食购物游,0.54,出行类型=0.2189; 自然兴趣=0.1376; 旅行天数=0.1339,21000,0.8445,0.0152
S0264,standard,我想去巴黎玩2天，我们喜欢文化、美食，预算中等，有小孩子。,罗马,3,高,"购物,历史",家庭,轮椅友好,亲子家庭游,0.44,出行类型=0.2189; 自然兴趣=0.1376; 旅行天数=0.1339,18000,0.8445,0.0144
S0334,standard,我想去巴黎玩7天，和朋友一起，我们喜欢购物，预算比较宽裕，有小孩子。,纽约,7,中,美食,单人,有老人,美食购物游,0.49,出行类型=0.2189; 自然兴趣=0.1376; 旅行天数=0.1339,18200,0.8445,0.0144
S0439,standard,我想去巴黎玩3天，我们喜欢自然，预算比较宽裕，有小孩子。,纽约,7,中,"美食,购物",家庭,轮椅友好,美食购物游,0.62,出行类型=0.2189; 自然兴趣=0.1376; 旅行天数=0.1339,18200,0.8445,0.0149
S0608,standard,我想去东京玩7天，和朋友一起，我们喜欢文化、美食，预算比较有限。,纽约,5,低,历史,朋友,有儿童,文化深度游,0.48,出行类型=0.2189; 自然兴趣=0.1376; 旅行天数=0.1339,5500,0.8445,0.0143
S0404,standard,我想去伦敦玩1天，和朋友一起，我们喜欢文化，预算比较宽裕。,伦敦,5,高,"历史,文化",朋友,有老人,奢华体验,0.47,出行类型=0.2189; 自然兴趣=0.1376; 旅行天数=0.1339,35000,0.8445,0.0145
S0043,standard,我想去罗马玩2天，和爱人一起，我们喜欢文化，预算比较宽裕，有小孩子。,巴黎,2,中,"历史,文化",情侣,无,文化深度游,0.66,出行类型=0.2189; 自然兴趣=0.1376; 旅行天数=0.1339,4800,0.8445,0.0138
S0052,standard,我想去纽约玩5天，和朋友一起，我们喜欢自然、美食，预算比较有限，有小孩子。,罗马,2,高,"美食,文化",情侣,无,情侣浪漫游,0.48,出行类型=0.2189; 自然兴趣=0.1376; 旅行天数=0.1339,12000,0.8445,0.0141
S0167,standard,我想去罗马玩2天，和家人一起，我们喜欢历史、文化，预算比较宽裕，有老人。,罗马,5,高,"文化,自然",情侣,有老人,情侣浪漫游,0.49,出行类型=0.2189; 自然兴趣=0.1376; 旅行天数=0.1339,30000,0.8445,0.0145
E0080,edge,我想去巴黎玩3天，我们喜欢什么都想看看，预算中等。,巴黎,3,中,什么都想看看,单人,无,文化深度游,0.31,出行类型=0.2189; 自然兴趣=0.1376; 旅行天数=0.1339,7200,0.8445,0.0139
S0194,standard,我想去巴黎玩3天，我们喜欢购物、历史，预算比较有限，需要轮椅无障碍设施。,东京,7,高,文化,朋友,无,奢华体验,0.46,出行类型=0.2189; 自然兴趣=0.1376; 旅行天数=0.1339,39200,0.8445,0.0147
B0194,boundary,我想去伦敦玩7天，和家人一起，我们喜欢历史，预算中等，有老人。,东京,7,中,美食,单人,无,美食购物游,0.46,出行类型=0.2189; 自然兴趣=0.1376; 旅行天数=0.1339,12600,0.8445,0.0142
S0475,standard,我想去东京玩2天，和朋友一起，我们喜欢历史、文化，预算比较宽裕。,巴黎,7,中,购物,家庭,有儿童,美食购物游,0.55,出行类型=0.2189; 自然兴趣=0.1376; 旅行天数=0.1339,16800,0.8445,0.0144
S0670,standard,我想去东京玩5天，和朋友一起，我们喜欢购物，预算中等。,巴黎,5,低,自然,单人,轮椅友好,户外探险游,0.7,出行类型=0.2189; 自然兴趣=0.1376; 旅行天数=0.1339,5000,0.8445,0.0144
S0304,standard,我想去伦敦玩7天，我们喜欢文化、自然，预算中等，有老人。,罗马,2,低,"美食,文化",朋友,无,经济观光,0.4,出行类型=0.2189; 自然兴趣=0.1376; 旅行天数=0.1339,1800,0.8445,0.0142
S0350,standard,我想去伦敦玩7天，和爱人一起，我们喜欢文化、购物，预算比较宽裕，需要轮椅无障碍设施。,伦敦,2,低,"历史,文化",单人,轮椅友好,文化深度游,0.59,出行类型=0.2189; 自然兴趣=0.1376; 旅行天数=0.1339,2080,0.8445,0.0141
S0040,standard,我想去纽约玩2天，我们喜欢美食，预算比较有限，有小孩子。,巴黎,2,高,"购物,文化",情侣,有老人,情侣浪漫游,0.5,出行类型=0.2189; 自然兴趣=0.1376; 旅行天数=0.1339,14000,0.8445,0.0141
S0263,standard,我想去巴黎玩2天，和家人一起，我们喜欢自然，预算中等。,纽约,7,高,"文化,自然",情侣,无,情侣浪漫游,0.49,出行类型=0.2189; 自然兴趣=0.1376; 旅行天数=0.1339,53200,0.8445,0.0143
B0159,boundary,我想去东京玩7天，和爱人一起，我们喜欢美食，预算中等，有老人。,伦敦,7,中,购物,单人,轮椅友好,美食购物游,0.44,出行类型=0.2189; 自然兴趣=0.1376; 旅行天数=0.1339,16800,0.8445,0.0141
S0690,standard,我想去伦敦玩3天，和爱人一起，我们喜欢文化、购物，预算中等。,罗马,3,高,历史,朋友,有老人,奢华体验,0.46,出行类型=0.2189; 自然兴趣=0.1376; 旅行天数=0.1339,18000,0.8445,0.0148
S0613,standard,我想去伦敦玩5天，我们喜欢历史、文化，预算比较有限。,纽约,5,高,自然,家庭,无,亲子家庭游,0.64,出行类型=0.2189; 自然兴趣=0.1376; 旅行天数=0.1339,38000,0.8445,0.0142
S0061,standard,我想去伦敦玩2天，和爱人一起，我们喜欢美食、历史，预算比较宽裕。,东京,3,中,美食,家庭,轮椅友好,美食购物游,0.56,出行类型=0.2189; 自然兴趣=0.1376; 旅行天数=0.1339,5400,0.8445,0.014
B0030,boundary,我想去伦敦玩7天，和爱人一起，我们喜欢文化，预算比较有限，有小孩子。,东京,7,低,文化,朋友,有儿童,文化深度游,0.41,出行类型=0.2189; 自然兴趣=0.1376; 旅行天数=0.1339,5600,0.8445,0.0146
E0030,edge,我想去伦敦玩3天，和朋友一起，我们喜欢文化，不太确定。,伦敦,3,不太确定,文化,朋友,无,文化深度游,0.49,出行类型=0.2189; 自然兴趣=0.1376; 旅行天数=0.1339,5400,0.8445,0.0146
S0095,standard,我想去东京玩7天，我们喜欢自然，预算比较有限。,东京,5,高,自然,情侣,有儿童,情侣浪漫游,0.51,出行类型=0.2189; 自然兴趣=0.1376; 旅行天数=0.1339,28000,0.8445,0.0146
E0083,edge,我想去纽约玩1天，我们喜欢文化、美食、购物、历史，预算比较宽裕。,纽约,1,高,"文化,美食,购物,历史",单人,无,奢华体验,0.55,出行类型=0.2189; 自然兴趣=0.1376; 旅行天数=0.1339,7600,0.8445,0.0141
S0602,standard,我想去纽约玩2天，和家人一起，我们喜欢自然，预算中等。,伦敦,5,高,"历史,自然",家庭,有儿童,文化深度游,0.41,出行类型=0.2189; 自然兴趣=0.1376; 旅行天数=0.1339,35000,0.8445,0.014
S0493,standard,我想去伦敦玩3天，和家人一起，我们喜欢文化，预算比较宽裕，有老人。,伦敦,2,高,"购物,历史",情侣,轮椅友好,情侣浪漫游,0.51,出行类型=0.2189; 自然兴趣=0.1376; 旅行天数=0.1339,14000,0.8445,0.0138
S0697,standard,我想去巴黎玩1天，和家人一起，我们喜欢美食、文化，预算比较有限，需要轮椅无障碍设施。,罗马,2,中,自然,情侣,有老人,文化深度游,0.37,出行类型=0.2189; 自然兴趣=0.1376; 旅行天数=0.1339,4000,0.8445,0.0142
S0150,standard,我想去伦敦玩5天，我们喜欢美食、文化，预算中等，有小孩子。,巴黎,1,中,"美食,历史",家庭,有儿童,亲子家庭游,0.42,出行类型=0.2189; 自然兴趣=0.1376; 旅行天数=0.1339,2400,0.8445,0.0144
S0022,standard,我想去纽约玩7天，和爱人一起，我们喜欢历史、美食，预算比较有限。,东京,7,中,"历史,美食",单人,轮椅友好,文化深度游,0.38,出行类型=0.2189; 自然兴趣=0.1376; 旅行天数=0.1339,12600,0.8445,0.0143
S0093,standard,我想去罗马玩2天，和家人一起，我们喜欢历史、自然，预算中等，需要轮椅无障碍设施。,罗马,1,低,自然,情侣,轮椅友好,经济观光,0.33,出行类型=0.2189; 自然兴趣=0.1376; 旅行天数=0.1339,900,0.8445,0.0139
S0235,standard,我想去伦敦玩7天，和家人一起，我们喜欢购物、自然，预算比较宽裕，需要轮椅无障碍设施。,巴黎,1,中,"购物,历史",家庭,轮椅友好,亲子家庭游,0.44,出行类型=0.2189; 自然兴趣=0.1376; 旅行天数=0.1339,2400,0.8445,0.0139
S0506,standard,我想去罗马玩1天，我们喜欢美食、历史，预算比较有限，有小孩子。,罗马,1,中,"自然,美食",家庭,有儿童,美食购物游,0.5,出行类型=0.2189; 自然兴趣=0.1376; 旅行天数=0.1339,2000,0.8445,0.0143
E0033,edge,我想去纽约玩1天，我们喜欢文化、美食、购物、历史，预算比较宽裕。,纽约,1,高,"文化,美食,购物,历史",单人,无,奢华体验,0.55,出行类型=0.2189; 自然兴趣=0.1376; 旅行天数=0.1339,7600,0.8445,0.0143
E0051,edge,我想去伦敦玩3天，和朋友一起，我们喜欢文化，不太确定。,伦敦,3,不太确定,文化,朋友,无,文化深度游,0.49,出行类型=0.2189; 自然兴趣=0.1376; 旅行天数=0.1339,5400,0.8445,0.0143
S0237,standard,我想去东京玩5天，我们喜欢文化、购物，预算比较有限，有小孩子。,东京,5,高,美食,朋友,轮椅友好,奢华体验,0.45,出行类型=0.2189; 自然兴趣=0.1376; 旅行天数=0.1339,28000,0.8445,0.0143
S0534,standard,我想去罗马玩1天，我们喜欢美食、历史，预算比较宽裕。,纽约,3,高,自然,家庭,有儿童,户外探险游,0.42,出行类型=0.2189; 自然兴趣=0.1376; 旅行天数=0.1339,22800,0.8445,0.0143
B0025,boundary,我想去伦敦玩7天，和朋友一起，我们喜欢购物，预算比较宽裕，有老人。,巴黎,7,高,自然,情侣,轮椅友好,情侣浪漫游,0.51,出行类型=0.2189; 自然兴趣=0.1376; 旅行天数=0.1339,49000,0.8445,0.0142
S0333,standard,我想去罗马玩2天，和爱人一起，我们喜欢文化、美食，预算中等，有老人。,巴黎,5,低,"美食,购物",朋友,有老人,美食购物游,0.52,出行类型=0.2189; 自然兴趣=0.1376; 旅行天数=0.1339,5000,0.8445,0.0142
B0164,boundary,我想去纽约玩1天，和家人一起，我们喜欢历史，预算比较有限，有小孩子。,纽约,1,低,美食,单人,有老人,美食购物游,0.53,出行类型=0.2189; 自然兴趣=0.1376; 旅行天数=0.1339,1100,0.8445,0.0141
B0170,boundary,我想去东京玩7天，和朋友一起，我们喜欢历史，预算比较宽裕，有小孩子。,纽约,7,高,购物,单人,无,奢华体验,0.46,出行类型=0.2189; 自然兴趣=0.1376; 旅行天数=0.1339,53200,0.8445,0.0147
S0041,standard,我想去纽约玩1天，我们喜欢购物、自然，预算比较宽裕，有小孩子。,罗马,5,低,"自然,购物",朋友,无,户外探险游,0.62,出行类型=0.2189; 自然兴趣=0.1376; 旅行天数=0.1339,4500,0.8445,0.015
S0386,standard,我想去东京玩1天，和家人一起，我们喜欢美食，预算中等，有老人。,伦敦,1,高,"文化,购物",情侣,无,情侣浪漫游,0.52,出行类型=0.2189; 自然兴趣=0.1376; 旅行天数=0.1339,7000,0.8445,0.015
S0692,standard,我想去纽约玩2天，和家人一起，我们喜欢购物，预算比较有限，有老人。,巴黎,3,高,"文化,购物",单人,有老人,奢华体验,0.52,出行类型=0.2189; 自然兴趣=0.1376; 旅行天数=0.1339,21000,0.8445,0.0151
S0532,standard,我想去罗马玩7天，和家人一起，我们喜欢美食、文化，预算中等。,罗马,7,高,"自然,文化",家庭,有老人,户外探险游,0.36,出行类型=0.2189; 自然兴趣=0.1376; 旅行天数=0.1339,42000,0.8445,0.0159
S0255,standard,我想去纽约玩7天，我们喜欢美食、购物，预算比较宽裕，需要轮椅无障碍设施。,伦敦,7,高,文化,单人,有儿童,奢华体验,0.5,出行类型=0.2189; 自然兴趣=0.1376; 旅行天数=0.1339,49000,0.8445,0.0152
S0425,standard,我想去伦敦玩1天，和家人一起，我们喜欢自然、文化，预算比较有限，有小孩子。,纽约,5,低,"自然,历史",单人,无,户外探险游,0.63,出行类型=0.2189; 自然兴趣=0.1376; 旅行天数=0.1339,5500,0.8445,0.0142
B0083,boundary,我想去罗马玩7天，和家人一起，我们喜欢自然，预算中等。,伦敦,7,中,历史,情侣,有儿童,文化深度游,0.54,出行类型=0.2189; 自然兴趣=0.1376; 旅行天数=0.1339,16800,0.8445,0.0144
S0010,standard,我想去罗马玩7天，和家人一起，我们喜欢自然、购物，预算比较宽裕，有小孩子。,巴黎,1,低,"文化,购物",家庭,无,亲子家庭游,0.65,出行类型=0.2189; 自然兴趣=0.1376; 旅行天数=0.1339,1000,0.8445,0.0148
S0486,standard,我想去纽约玩7天，我们喜欢自然、美食，预算中等，有小孩子。,纽约,5,高,美食,单人,轮椅友好,奢华体验,0.44,出行类型=0.2189; 自然兴趣=0.1376; 旅行天数=0.1339,38000,0.8445,0.0143
E0097,edge,我想去罗马玩4天，和家人一起，我们喜欢历史，预算中等。,罗马,4,中,历史,家庭,有儿童和老人,文化深度游,0.55,出行类型=0.2189; 自然兴趣=0.1376; 旅行天数=0.1339,8000,0.8445,0.0143
B0051,boundary,我想去纽约玩7天，和朋友一起，我们喜欢自然，预算中等。,伦敦,7,中,自然,朋友,有儿童,户外探险游,0.69,出行类型=0.2189; 自然兴趣=0.1376; 旅行天数=0.1339,16800,0.8445,0.0148
S0282,standard,我想去罗马玩3天，和家人一起，我们喜欢文化，预算中等，有老人。,伦敦,3,低,"购物,历史",情侣,有儿童,经济观光,0.35,出行类型=0.2189; 自然兴趣=0.1376; 旅行天数=0.1339,3120,0.8445,0.0141
S0451,standard,我想去纽约玩2天，和家人一起，我们喜欢购物、历史，预算中等，需要轮椅无障碍设施。,纽约,2,高,美食,朋友,无,奢华体验,0.43,出行类型=0.2189; 自然兴趣=0.1376; 旅行天数=0.1339,15200,0.8445,0.0142
S0699,standard,我想去东京玩7天，和朋友一起，我们喜欢自然、购物，预算中等。,东京,1,低,"历史,美食",朋友,轮椅友好,经济观光,0.36,出行类型=0.2189; 自然兴趣=0.1376; 旅行天数=0.1339,800,0.8445,0.0141
B0035,boundary,我想去罗马玩7天，和爱人一起，我们喜欢自然，预算比较宽裕，有小孩子。,伦敦,7,高,文化,单人,轮椅友好,奢华体验,0.5,出行类型=0.2189; 自然兴趣=0.1376; 旅行天数=0.1339,49000,0.8445,0.0142
S0581,standard,我想去巴黎玩1天，和爱人一起，我们喜欢购物、历史，预算中等，有小孩子。,纽约,5,中,"历史,自然",单人,轮椅友好,户外探险游,0.67,出行类型=0.2189; 自然兴趣=0.1376; 旅行天数=0.1339,13000,0.8445,0.0142
B0033,boundary,我想去罗马玩7天，和朋友一起，我们喜欢购物，预算比较有限，有小孩子。,东京,7,低,自然,家庭,无,亲子家庭游,0.61,出行类型=0.2189; 自然兴趣=0.1376; 旅行天数=0.1339,5600,0.8445,0.0141
S0011,standard,我想去罗马玩2天，和朋友一起，我们喜欢自然，预算比较有限。,巴黎,7,低,历史,情侣,有儿童,文化深度游,0.47,出行类型=0.2189; 自然兴趣=0.1376; 旅行天数=0.1339,7000,0.8445,0.0141
B0117,boundary,我想去巴黎玩1天，和朋友一起，我们喜欢购物，预算比较有限，有老人。,罗马,1,低,美食,单人,轮椅友好,美食购物游,0.54,出行类型=0.2189; 自然兴趣=0.1376; 旅行天数=0.1339,900,0.8445,0.0143
S0490,standard,我想去伦敦玩7天，和爱人一起，我们喜欢自然，预算中等，有老人。,罗马,1,高,购物,情侣,无,情侣浪漫游,0.53,出行类型=0.2189; 自然兴趣=0.1376; 旅行天数=0.1339,6000,0.8445,0.014
S0298,standard,我想去罗马玩1天，和朋友一起，我们喜欢历史、购物，预算比较有限。,罗马,1,低,"购物,自然",家庭,有儿童,美食购物游,0.48,出行类型=0.2189; 自然兴趣=0.1376; 旅行天数=0.1339,900,0.8445,0.0142
S0161,standard,我想去伦敦玩2天，和家人一起，我们喜欢历史，预算比较有限，有小孩子。,东京,3,中,购物,单人,有儿童,美食购物游,0.42,出行类型=0.2189; 自然兴趣=0.1376; 旅行天数=0.1339,5400,0.8445,0.0142
B0039,boundary,我想去巴黎玩7天，和爱人一起，我们喜欢美食，预算中等，有小孩子。,东京,7,中,购物,家庭,轮椅友好,美食购物游,0.54,出行类型=0.2189; 自然兴趣=0.1376; 旅行天数=0.1339,12600,0.8445,0.0139
S0665,standard,我想去伦敦玩7天，和爱人一起，我们喜欢历史、自然，预算比较宽裕，需要轮椅无障碍设施。,巴黎,2,中,文化,家庭,无,亲子家庭游,0.58,出行类型=0.2189; 自然兴趣=0.1376; 旅行天数=0.1339,4800,0.8445,0.0162
B0082,boundary,我想去东京玩7天，我们喜欢购物，预算中等，有老人。,纽约,7,中,文化,家庭,无,亲子家庭游,0.6,出行类型=0.2189; 自然兴趣=0.1376; 旅行天数=0.1339,18200,0.8445,0.0147
S0165,standard,我想去东京玩1天，和朋友一起，我们喜欢文化，预算中等，需要轮椅无障碍设施。,纽约,5,低,购物,朋友,有儿童,美食购物游,0.45,出行类型=0.2189; 自然兴趣=0.1376; 旅行天数=0.1339,5500,0.8445,0.0147
B0006,boundary,我想去纽约玩7天，和朋友一起，我们喜欢购物，预算比较有限。,罗马,7,低,购物,单人,无,美食购物游,0.42,出行类型=0.2189; 自然兴趣=0.1376; 旅行天数=0.1339,6300,0.8445,0.014
S0512,standard,我想去伦敦玩1天，我们喜欢美食、历史，预算中等，有老人。,东京,7,高,"历史,自然",家庭,有老人,文化深度游,0.39,出行类型=0.2189; 自然兴趣=0.1376; 旅行天数=0.1339,39200,0.8445,0.0146
S0314,standard,我想去罗马玩1天，和朋友一起，我们喜欢美食，预算比较有限。,东京,2,低,文化,单人,有儿童,文化深度游,0.52,出行类型=0.2189; 自然兴趣=0.1376; 旅行天数=0.1339,1600,0.8445,0.0141
S0672,standard,我想去伦敦玩7天，我们喜欢美食，预算中等。,东京,5,中,自然,情侣,轮椅友好,户外探险游,0.68,出行类型=0.2189; 自然兴趣=0.1376; 旅行天数=0.1339,9000,0.8445,0.0139
S0535,standard,我想去纽约玩5天，和家人一起，我们喜欢自然，预算比较有限，需要轮椅无障碍设施。,巴黎,7,高,购物,情侣,轮椅友好,情侣浪漫游,0.51,出行类型=0.2189; 自然兴趣=0.1376; 旅行天数=0.1339,49000,0.8445,0.014
E0006,edge,我想去罗马玩4天，和家人一起，我们喜欢历史，预算中等。,罗马,4,中,历史,家庭,有儿童和老人,文化深度游,0.55,出行类型=0.2189; 自然兴趣=0.1376; 旅行天数=0.1339,8000,0.8445,0.014
S0100,standard,我想去巴黎玩7天，和朋友一起，我们喜欢购物、文化，预算中等，有小孩子。,巴黎,7,高,历史,家庭,无,亲子家庭游,0.65,出行类型=0.2189; 自然兴趣=0.1376; 旅行天数=0.1339,49000,0.8445,0.0147
E0019,edge,我想去巴黎玩3天，我们喜欢什么都想看看，预算中等。,巴黎,3,中,什么都想看看,单人,无,文化深度游,0.31,出行类型=0.2189; 自然兴趣=0.1376; 旅行天数=0.1339,7200,0.8445,0.0141
E0008,edge,我想去巴黎玩3天，我们喜欢什么都想看看，预算中等。,巴黎,3,中,什么都想看看,单人,无,文化深度游,0.31,出行类型=0.2189; 自然兴趣=0.1376; 旅行天数=0.1339,7200,0.8445,0.0135
E0038,edge,我想去罗马玩4天，和家人一起，我们喜欢历史，预算中等。,罗马,4,中,历史,家庭,有儿童和老人,文化深度游,0.55,出行类型=0.2189; 自然兴趣=0.1376; 旅行天数=0.1339,8000,0.8445,0.0138
E0016,edge,我想去东京玩5天，和爱人一起，我们喜欢奢华体验、米其林餐厅，预算比较有限。,东京,5,低,"奢华体验,米其林餐厅",情侣,无,文化深度游,0.23,出行类型=0.2189; 自然兴趣=0.1376; 旅行天数=0.1339,4000,0.8445,0.0138
S0288,standard,我想去纽约玩5天，和朋友一起，我们喜欢自然，预算比较宽裕，有小孩子。,巴黎,5,中,"文化,购物",情侣,有儿童,文化深度游,0.45,出行类型=0.2189; 自然兴趣=0.1376; 旅行天数=0.1339,12000,0.8445,0.0142
S0173,standard,我想去纽约玩3天，和朋友一起，我们喜欢美食、购物，预算中等，需要轮椅无障碍设施。,伦敦,3,高,"购物,美食",朋友,有老人,奢华体验,0.39,出行类型=0.2189; 自然兴趣=0.1376; 旅行天数=0.1339,21000,0.8445,0.0153
S0431,standard,我想去伦敦玩5天，和朋友一起，我们喜欢文化、自然，预算中等，有小孩子。,伦敦,1,高,自然,朋友,无,奢华体验,0.37,出行类型=0.2189; 自然兴趣=0.1376; 旅行天数=0.1339,7000,0.8445,0.0142
S0623,standard,我想去东京玩1天，和朋友一起，我们喜欢美食、历史，预算中等，需要轮椅无障碍设施。,纽约,5,高,购物,朋友,轮椅友好,奢华体验,0.38,出行类型=0.2189; 自然兴趣=0.1376; 旅行天数=0.1339,38000,0.8445,0.0142
B0195,boundary,我想去东京玩1天，和家人一起，我们喜欢美食，预算比较有限，有老人。,纽约,1,低,自然,情侣,无,经济观光,0.33,出行类型=0.2189; 自然兴趣=0.1376; 旅行天数=0.1339,1100,0.8445,0.0141
S0543,standard,我想去纽约玩2天，和家人一起，我们喜欢历史、自然，预算比较宽裕。,纽约,1,低,历史,单人,有老人,文化深度游,0.55,出行类型=0.2189; 自然兴趣=0.1376; 旅行天数=0.1339,1100,0.8445,0.0142
S0680,standard,我想去纽约玩1天，和朋友一起，我们喜欢历史、购物，预算比较有限，有小孩子。,东京,7,中,"美食,历史",朋友,有老人,文化深度游,0.37,出行类型=0.2189; 自然兴趣=0.1376; 旅行天数=0.1339,12600,0.8445,0.0139
S0551,standard,我想去纽约玩7天，我们喜欢美食、文化，预算比较宽裕，有小孩子。,罗马,2,中,"自然,美食",朋友,有儿童,美食购物游,0.43,出行类型=0.2189; 自然兴趣=0.1376; 旅行天数=0.1339,4000,0.8445,0.0139
S0521,standard,我想去纽约玩1天，和朋友一起，我们喜欢文化、美食，预算比较有限。,伦敦,7,中,文化,单人,轮椅友好,文化深度游,0.51,出行类型=0.2189; 自然兴趣=0.1376; 旅行天数=0.1339,16800,0.8445,0.0141
S0257,standard,我想去巴黎玩3天，和爱人一起，我们喜欢自然，预算比较有限，有老人。,东京,2,高,历史,情侣,无,情侣浪漫游,0.51,出行类型=0.2189; 自然兴趣=0.1376; 旅行天数=0.1339,11200,0.8445,0.0139
S0085,standard,我想去巴黎玩1天，和朋友一起，我们喜欢购物，预算中等，需要轮椅无障碍设施。,东京,3,中,"美食,自然",朋友,有老人,户外探险游,0.62,出行类型=0.2189; 自然兴趣=0.1376; 旅行天数=0.1339,5400,0.8445,0.0142
E0098,edge,我想去巴黎玩3天，我们喜欢什么都想看看，预算中等。,巴黎,3,中,什么都想看看,单人,无,文化深度游,0.31,出行类型=0.2189; 自然兴趣=0.1376; 旅行天数=0.1339,7200,0.8445,0.0139
B0162,boundary,我想去罗马玩7天，我们喜欢购物，预算比较宽裕，需要轮椅无障碍设施。,巴黎,7,高,历史,单人,有老人,奢华体验,0.51,出行类型=0.2189; 自然兴趣=0.1376; 旅行天数=0.1339,49000,0.8445,0.0137
S0316,standard,我想去东京玩3天，我们喜欢历史、美食，预算比较有限。,伦敦,2,中,"文化,美食",单人,有儿童,文化深度游,0.5,出行类型=0.2189; 自然兴趣=0.1376; 旅行天数=0.1339,4800,0.8445,0.0144
S0285,standard,我想去伦敦玩1天，我们喜欢自然、文化，预算比较宽裕，需要轮椅无障碍设施。,伦敦,1,低,"自然,美食",朋友,有儿童,美食购物游,0.4,出行类型=0.2189; 自然兴趣=0.1376; 旅行天数=0.1339,1040,0.8445,0.0148
S0079,standard,我想去巴黎玩1天，我们喜欢自然、购物，预算比较宽裕，有老人。,东京,7,低,"历史,购物",单人,无,经济观光,0.31,出行类型=0.2189; 自然兴趣=0.1376; 旅行天数=0.1339,5600,0.8445,0.0144
S0240,standard,我想去罗马玩5天，我们喜欢购物、历史，预算比较宽裕。,伦敦,3,高,购物,家庭,轮椅友好,美食购物游,0.49,出行类型=0.2189; 自然兴趣=0.1376; 旅行天数=0.1339,21000,0.8445,0.0153
B0133,boundary,我想去纽约玩7天，我们喜欢美食，预算比较有限，有老人。,纽约,7,低,美食,单人,轮椅友好,美食购物游,0.49,出行类型=0.2189; 自然兴趣=0.1376; 旅行天数=0.1339,7700,0.8445,0.0157
B0103,boundary,我想去巴黎玩7天，我们喜欢历史，预算中等，需要轮椅无障碍设施。,伦敦,7,中,历史,家庭,无,亲子家庭游,0.62,出行类型=0.2189; 自然兴趣=0.1376; 旅行天数=0.1339,16800,0.8445,0.0145
B0016,boundary,我想去伦敦玩7天，和家人一起，我们喜欢历史，预算比较宽裕，有老人。,巴黎,7,高,文化,朋友,有老人,奢华体验,0.43,出行类型=0.2189; 自然兴趣=0.1376; 旅行天数=0.1339,49000,0.8445,0.0141
S0243,standard,我想去东京玩7天，和家人一起，我们喜欢文化，预算比较有限。,伦敦,1,中,美食,家庭,无,亲子家庭游,0.57,出行类型=0.2189; 自然兴趣=0.1376; 旅行天数=0.1339,2400,0.8445,0.014
S0114,standard,我想去罗马玩2天，和朋友一起，我们喜欢文化、美食，预算比较宽裕，有老人。,东京,1,中,"美食,自然",单人,有儿童,美食购物游,0.42,出行类型=0.2189; 自然兴趣=0.1376; 旅行天数=0.1339,1800,0.8445,0.0138
S0434,standard,我想去纽约玩2天，我们喜欢文化，预算比较有限，需要轮椅无障碍设施。,巴黎,5,低,"文化,购物",朋友,有老人,经济观光,0.29,出行类型=0.2189; 自然兴趣=0.1376; 旅行天数=0.1339,5000,0.8445,0.0145
B0037,boundary,我想去纽约玩1天，和朋友一起，我们喜欢购物，预算比较有限，需要轮椅无障碍设施。,巴黎,1,低,自然,朋友,有儿童,经济观光,0.33,出行类型=0.2189; 自然兴趣=0.1376; 旅行天数=0.1339,1000,0.8445,0.014
S0081,standard,我想去东京玩2天，我们喜欢自然，预算中等，有老人。,纽约,2,低,历史,家庭,轮椅友好,文化深度游,0.57,出行类型=0.2189; 自然兴趣=0.1376; 旅行天数=0.1339,2200,0.8445,0.0146
E0085,edge,我想去纽约玩1天，我们喜欢文化、美食、购物、历史，预算比较宽裕。,纽约,1,高,"文化,美食,购物,历史",单人,无,奢华体验,0.55,出行类型=0.2189; 自然兴趣=0.1376; 旅行天数=0.1339,7600,0.8445,0.0143
S0384,standard,我想去罗马玩1天，我们喜欢美食、历史，预算中等，有老人。,纽约,5,高,"自然,文化",朋友,轮椅友好,户外探险游,0.61,出行类型=0.2189; 自然兴趣=0.1376; 旅行天数=0.1339,38000,0.8445,0.0143
B0122,boundary,我想去纽约玩7天，和朋友一起，我们喜欢自然，预算中等。,伦敦,7,中,自然,单人,有儿童,户外探险游,0.72,出行类型=0.2189; 自然兴趣=0.1376; 旅行天数=0.1339,16800,0.8445,0.0144
E0078,edge,我想去伦敦玩3天，和朋友一起，我们喜欢文化，不太确定。,伦敦,3,不太确定,文化,朋友,无,文化深度游,0.49,出行类型=0.2189; 自然兴趣=0.1376; 旅行天数=0.1339,5400,0.8445,0.0138
B0146,boundary,我想去罗马玩7天，我们喜欢购物，预算中等，需要轮椅无障碍设施。,东京,7,中,自然,单人,有老人,户外探险游,0.72,出行类型=0.2189; 自然兴趣=0.1376; 旅行天数=0.1339,12600,0.8445,0.014
E0057,edge,我想去东京玩5天，和爱人一起，我们喜欢奢华体验、米其林餐厅，预算比较有限。,东京,5,低,"奢华体验,米其林餐厅",情侣,无,文化深度游,0.23,出行类型=0.2189; 自然兴趣=0.1376; 旅行天数=0.1339,4000,0.8445,0.014
S0500,standard,我想去东京玩2天，我们喜欢文化，预算中等。,东京,3,高,历史,情侣,有儿童,情侣浪漫游,0.5,出行类型=0.2189; 自然兴趣=0.1376; 旅行天数=0.1339,16800,0.8445,0.0142
B0126,boundary,我想去东京玩7天，和家人一起，我们喜欢购物，预算比较宽裕，有小孩子。,东京,7,高,历史,情侣,有老人,情侣浪漫游,0.5,出行类型=0.2189; 自然兴趣=0.1376; 旅行天数=0.1339,39200,0.8445,0.0143
B0181,boundary,我想去伦敦玩7天，和朋友一起，我们喜欢文化，预算比较宽裕，有老人。,巴黎,7,高,美食,情侣,有老人,情侣浪漫游,0.5,出行类型=0.2189; 自然兴趣=0.1376; 旅行天数=0.1339,49000,0.8445,0.0141
S0306,standard,我想去东京玩1天，我们喜欢美食、购物，预算比较宽裕，有小孩子。,罗马,7,低,"美食,购物",情侣,轮椅友好,美食购物游,0.52,出行类型=0.2189; 自然兴趣=0.1376; 旅行天数=0.1339,6300,0.8445,0.0135
S0600,standard,我想去罗马玩2天，和爱人一起，我们喜欢历史、文化，预算比较宽裕，有老人。,巴黎,1,中,自然,朋友,轮椅友好,文化深度游,0.39,出行类型=0.2189; 自然兴趣=0.1376; 旅行天数=0.1339,2400,0.8445,0.0143
B0024,boundary,我想去伦敦玩1天，和爱人一起，我们喜欢自然，预算比较有限，需要轮椅无障碍设施。,罗马,1,低,自然,情侣,轮椅友好,经济观光,0.33,出行类型=0.2189; 自然兴趣=0.1376; 旅行天数=0.1339,900,0.8445,0.0136
S0586,standard,我想去罗马玩3天，和朋友一起，我们喜欢美食、文化，预算比较宽裕，有老人。,罗马,5,中,"文化,自然",家庭,无,亲子家庭游,0.6,出行类型=0.2189; 自然兴趣=0.1376; 旅行天数=0.1339,10000,0.8445,0.0143
S0234,standard,我想去伦敦玩7天，我们喜欢历史、美食，预算比较宽裕。,纽约,7,高,文化,单人,轮椅友好,奢华体验,0.5,出行类型=0.2189; 自然兴趣=0.1376; 旅行天数=0.1339,53200,0.8445,0.0142
B0107,boundary,我想去罗马玩7天，和家人一起，我们喜欢自然，预算中等，有小孩子。,罗马,7,中,自然,单人,有老人,户外探险游,0.72,出行类型=0.2189; 自然兴趣=0.1376; 旅行天数=0.1339,14000,0.8445,0.0142
B0046,boundary,我想去伦敦玩7天，我们喜欢美食，预算比较有限，有小孩子。,东京,7,低,美食,朋友,轮椅友好,美食购物游,0.5,出行类型=0.2189; 自然兴趣=0.1376; 旅行天数=0.1339,5600,0.8445,0.0139
S0588,standard,我想去罗马玩7天，我们喜欢文化，预算比较有限。,巴黎,1,高,"历史,美食",朋友,有儿童,奢华体验,0.49,出行类型=0.2189; 自然兴趣=0.1376; 旅行天数=0.1339,7000,0.8445,0.0142
S0360,standard,我想去东京玩1天，和爱人一起，我们喜欢文化，预算比较宽裕。,东京,5,高,"购物,历史",情侣,轮椅友好,情侣浪漫游,0.5,出行类型=0.2189; 自然兴趣=0.1376; 旅行天数=0.1339,28000,0.8445,0.0142
S0128,standard,我想去东京玩2天，我们喜欢自然，预算比较宽裕，需要轮椅无障碍设施。,罗马,5,低,"文化,自然",情侣,有儿童,户外探险游,0.64,出行类型=0.2189; 自然兴趣=0.1376; 旅行天数=0.1339,4500,0.8445,0.0145
S0612,standard,我想去东京玩2天，我们喜欢历史、美食，预算比较有限。,伦敦,5,低,"购物,文化",朋友,无,经济观光,0.28,出行类型=0.2189; 自然兴趣=0.1376; 旅行天数=0.1339,5200,0.8445,0.0143
S0195,standard,我想去纽约玩3天，和朋友一起，我们喜欢文化、美食，预算比较有限，有小孩子。,东京,3,高,美食,朋友,轮椅友好,奢华体验,0.45,出行类型=0.2189; 自然兴趣=0.1376; 旅行天数=0.1339,16800,0.8445,0.0142
S0446,standard,我想去巴黎玩7天，和朋友一起，我们喜欢购物，预算比较宽裕。,巴黎,5,中,"美食,历史",情侣,有儿童,文化深度游,0.43,出行类型=0.2189; 自然兴趣=0.1376; 旅行天数=0.1339,12000,0.8445,0.0139
S0655,standard,我想去东京玩7天，我们喜欢历史、购物，预算中等，有老人。,东京,7,高,购物,家庭,有儿童,美食购物游,0.49,出行类型=0.2189; 自然兴趣=0.1376; 旅行天数=0.1339,39200,0.8445,0.0145
S0507,standard,我想去伦敦玩5天，我们喜欢美食、购物，预算比较宽裕，需要轮椅无障碍设施。,纽约,3,低,文化,情侣,无,文化深度游,0.46,出行类型=0.2189; 自然兴趣=0.1376; 旅行天数=0.1339,3300,0.8445,0.0141
S0643,standard,我想去东京玩1天，我们喜欢历史，预算中等，有小孩子。,东京,3,中,"自然,文化",朋友,有儿童,户外探险游,0.63,出行类型=0.2189; 自然兴趣=0.1376; 旅行天数=0.1339,5400,0.8445,0.0141
S0570,standard,我想去纽约玩1天，和爱人一起，我们喜欢购物，预算比较有限，需要轮椅无障碍设施。,纽约,1,中,美食,朋友,有儿童,美食购物游,0.56,出行类型=0.2189; 自然兴趣=0.1376; 旅行天数=0.1339,2600,0.8445,0.0143
S0265,standard,我想去巴黎玩7天，我们喜欢文化，预算中等，需要轮椅无障碍设施。,东京,3,低,"历史,美食",朋友,有老人,经济观光,0.29,出行类型=0.2189; 自然兴趣=0.1376; 旅行天数=0.1339,2400,0.8445,0.0143
S0530,standard,我想去纽约玩1天，和爱人一起，我们喜欢文化、自然，预算比较有限，有老人。,巴黎,2,高,"美食,文化",朋友,有儿童,奢华体验,0.53,出行类型=0.2189; 自然兴趣=0.1376; 旅行天数=0.1339,14000,0.8445,0.0146
S0538,standard,我想去巴黎玩1天，我们喜欢自然、美食，预算比较有限，有老人。,巴黎,7,高,"购物,自然",朋友,轮椅友好,户外探险游,0.6,出行类型=0.2189; 自然兴趣=0.1376; 旅行天数=0.1339,49000,0.8445,0.0147
S0141,standard,我想去纽约玩1天，和爱人一起，我们喜欢文化，预算中等，有小孩子。,纽约,5,高,美食,单人,轮椅友好,奢华体验,0.44,出行类型=0.2189; 自然兴趣=0.1376; 旅行天数=0.1339,38000,0.8445,0.0141
S0252,standard,我想去东京玩3天，我们喜欢购物、文化，预算比较宽裕。,纽约,2,中,"购物,历史",家庭,轮椅友好,亲子家庭游,0.46,出行类型=0.2189; 自然兴趣=0.1376; 旅行天数=0.1339,5200,0.8445,0.0142
B0104,boundary,我想去伦敦玩7天，和家人一起，我们喜欢文化，预算中等，有小孩子。,罗马,7,中,美食,朋友,有儿童,美食购物游,0.49,出行类型=0.2189; 自然兴趣=0.1376; 旅行天数=0.1339,14000,0.8445,0.0144
S0274,standard,我想去纽约玩5天，我们喜欢文化，预算中等。,东京,1,高,"文化,历史",家庭,无,亲子家庭游,0.6,出行类型=0.2189; 自然兴趣=0.1376; 旅行天数=0.1339,5600,0.8445,0.0144
E0064,edge,我想去伦敦玩3天，和朋友一起，我们喜欢文化，不太确定。,伦敦,3,不太确定,文化,朋友,无,文化深度游,0.49,出行类型=0.2189; 自然兴趣=0.1376; 旅行天数=0.1339,5400,0.8445,0.014
S0553,standard,我想去纽约玩3天，和朋友一起，我们喜欢自然、文化，预算中等，有老人。,东京,7,低,自然,情侣,轮椅友好,户外探险游,0.67,出行类型=0.2189; 自然兴趣=0.1376; 旅行天数=0.1339,5600,0.8445,0.014
S0565,standard,我想去纽约玩2天，和爱人一起，我们喜欢文化、历史，预算比较宽裕。,伦敦,5,低,"美食,历史",朋友,无,经济观光,0.31,出行类型=0.2189; 自然兴趣=0.1376; 旅行天数=0.1339,5200,0.8445,0.0141
B0079,boundary,我想去纽约玩7天，我们喜欢美食，预算比较有限，需要轮椅无障碍设施。,纽约,7,低,自然,情侣,无,户外探险游,0.63,出行类型=0.2189; 自然兴趣=0.1376; 旅行天数=0.1339,7700,0.8445,0.0141
S0579,standard,我想去罗马玩1天，和家人一起，我们喜欢文化、自然，预算中等，有老人。,罗马,3,中,美食,单人,轮椅友好,美食购物游,0.51,出行类型=0.2189; 自然兴趣=0.1376; 旅行天数=0.1339,6000,0.8445,0.0146
S0700,standard,我想去巴黎玩1天，我们喜欢自然、购物，预算比较宽裕。,东京,7,高,"历史,美食",情侣,有老人,情侣浪漫游,0.5,出行类型=0.2189; 自然兴趣=0.1376; 旅行天数=0.1339,39200,0.8445,0.0143
S0224,standard,我想去巴黎玩3天，和爱人一起，我们喜欢文化、购物，预算中等，需要轮椅无障碍设施。,罗马,1,高,历史,单人,轮椅友好,奢华体验,0.56,出行类型=0.2189; 自然兴趣=0.1376; 旅行天数=0.1339,6000,0.8445,0.0142
B0085,boundary,我想去东京玩1天，和爱人一起，我们喜欢美食，预算比较有限，需要轮椅无障碍设施。,东京,1,低,历史,家庭,有儿童,文化深度游,0.6,出行类型=0.2189; 自然兴趣=0.1376; 旅行天数=0.1339,800,0.8445,0.0142
S0666,standard,我想去纽约玩5天，和家人一起，我们喜欢文化、自然，预算比较有限，有老人。,罗马,7,中,自然,单人,轮椅友好,户外探险游,0.72,出行类型=0.2189; 自然兴趣=0.1376; 旅行天数=0.1339,14000,0.8445,0.0139
S0164,standard,我想去巴黎玩2天，和爱人一起，我们喜欢美食，预算比较宽裕，有老人。,巴黎,7,低,"自然,美食",家庭,轮椅友好,美食购物游,0.43,出行类型=0.2189; 自然兴趣=0.1376; 旅行天数=0.1339,7000,0.8445,0.0143
S0305,standard,我想去巴黎玩2天，我们喜欢历史、购物，预算比较有限，有小孩子。,纽约,7,低,"历史,文化",情侣,轮椅友好,文化深度游,0.52,出行类型=0.2189; 自然兴趣=0.1376; 旅行天数=0.1339,7700,0.8445,0.0141
S0575,standard,我想去巴黎玩2天，我们喜欢美食，预算比较有限，有小孩子。,罗马,3,高,"美食,购物",单人,无,奢华体验,0.43,出行类型=0.2189; 自然兴趣=0.1376; 旅行天数=0.1339,18000,0.8445,0.0142
S0650,standard,我想去罗马玩7天，和爱人一起，我们喜欢文化，预算比较宽裕。,巴黎,7,低,"购物,历史",单人,有儿童,经济观光,0.34,出行类型=0.2189; 自然兴趣=0.1376; 旅行天数=0.1339,7000,0.8445,0.0144
E0060,edge,我想去东京玩5天，和爱人一起，我们喜欢奢华体验、米其林餐厅，预算比较有限。,东京,5,低,"奢华体验,米其林餐厅",情侣,无,文化深度游,0.23,出行类型=0.2189; 自然兴趣=0.1376; 旅行天数=0.1339,4000,0.8445,0.0142
S0540,standard,我想去罗马玩7天，我们喜欢自然，预算中等。,东京,5,低,历史,情侣,无,文化深度游,0.48,出行类型=0.2189; 自然兴趣=0.1376; 旅行天数=0.1339,4000,0.8445,0.0139
B0053,boundary,我想去伦敦玩1天，和家人一起，我们喜欢美食，预算比较有限，有老人。,东京,1,低,历史,家庭,无,亲子家庭游,0.52,出行类型=0.2189; 自然兴趣=0.1376; 旅行天数=0.1339,800,0.8445,0.0141
S0310,standard,我想去伦敦玩3天，和家人一起，我们喜欢自然，预算比较有限，有小孩子。,巴黎,7,高,购物,单人,有老人,奢华体验,0.46,出行类型=0.2189; 自然兴趣=0.1376; 旅行天数=0.1339,49000,0.8445,0.0141
S0373,standard,我想去巴黎玩3天，和朋友一起，我们喜欢购物、美食，预算比较有限，有老人。,巴黎,5,中,"购物,美食",家庭,有老人,美食购物游,0.62,出行类型=0.2189; 自然兴趣=0.1376; 旅行天数=0.1339,12000,0.8445,0.0141
B0177,boundary,我想去巴黎玩7天，和朋友一起，我们喜欢购物，预算比较宽裕。,罗马,7,高,购物,家庭,有老人,美食购物游,0.5,出行类型=0.2189; 自然兴趣=0.1376; 旅行天数=0.1339,42000,0.8445,0.0142
S0554,standard,我想去东京玩5天，和朋友一起，我们喜欢美食、自然，预算中等，有小孩子。,纽约,7,中,美食,情侣,轮椅友好,美食购物游,0.51,出行类型=0.2189; 自然兴趣=0.1376; 旅行天数=0.1339,18200,0.8445,0.0139
S0413,standard,我想去罗马玩7天，和家人一起，我们喜欢历史，预算比较宽裕。,巴黎,7,高,购物,单人,有老人,奢华体验,0.46,出行类型=0.2189; 自然兴趣=0.1376; 旅行天数=0.1339,49000,0.8445,0.0158
S0180,standard,我想去罗马玩7天，我们喜欢文化，预算比较有限，需要轮椅无障碍设施。,东京,7,高,美食,朋友,无,奢华体验,0.42,出行类型=0.2189; 自然兴趣=0.1376; 旅行天数=0.1339,39200,0.8445,0.0154
B0092,boundary,我想去伦敦玩7天，和朋友一起，我们喜欢美食，预算比较有限。,东京,7,低,历史,朋友,无,文化深度游,0.43,出行类型=0.2189; 自然兴趣=0.1376; 旅行天数=0.1339,5600,0.8445,0.0156
S0372,standard,我想去东京玩7天，和家人一起，我们喜欢自然，预算中等，需要轮椅无障碍设施。,东京,1,高,自然,单人,无,奢华体验,0.45,出行类型=0.2189; 自然兴趣=0.1376; 旅行天数=0.1339,5600,0.8445,0.0155
S0312,standard,我想去东京玩5天，我们喜欢自然，预算中等，有老人。,罗马,3,低,美食,朋友,无,美食购物游,0.5,出行类型=0.2189; 自然兴趣=0.1376; 旅行天数=0.1339,2700,0.8445,0.0161
S0632,standard,我想去伦敦玩3天，和爱人一起，我们喜欢美食、自然，预算中等，有小孩子。,东京,3,高,"自然,购物",朋友,有儿童,户外探险游,0.56,出行类型=0.2189; 自然兴趣=0.1376; 旅行天数=0.1339,16800,0.8445,0.0168
B0120,boundary,我想去巴黎玩1天，和爱人一起，我们喜欢美食，预算比较有限，有小孩子。,伦敦,1,低,购物,朋友,有老人,美食购物游,0.44,出行类型=0.2189; 自然兴趣=0.1376; 旅行天数=0.1339,1040,0.8445,0.0156
B0189,boundary,我想去伦敦玩7天，和爱人一起，我们喜欢历史，预算比较有限。,罗马,7,低,历史,情侣,有老人,文化深度游,0.47,出行类型=0.2189; 自然兴趣=0.1376; 旅行天数=0.1339,6300,0.8445,0.0154
S0147,standard,我想去巴黎玩5天，和爱人一起，我们喜欢历史，预算中等，有小孩子。,纽约,1,中,"文化,美食",家庭,无,亲子家庭游,0.64,出行类型=0.2189; 自然兴趣=0.1376; 旅行天数=0.1339,2600,0.8445,0.0145
B0067,boundary,我想去巴黎玩1天，和家人一起，我们喜欢文化，预算比较有限，有老人。,罗马,1,低,自然,单人,有儿童,经济观光,0.36,出行类型=0.2189; 自然兴趣=0.1376; 旅行天数=0.1339,900,0.8445,0.0143
E0005,edge,我想去纽约玩1天，我们喜欢文化、美食、购物、历史，预算比较宽裕。,纽约,1,高,"文化,美食,购物,历史",单人,无,奢华体验,0.55,出行类型=0.2189; 自然兴趣=0.1376; 旅行天数=0.1339,7600,0.8445,0.0149
S0127,standard,我想去巴黎玩5天，和朋友一起，我们喜欢美食，预算比较有限。,巴黎,1,高,"美食,自然",单人,有儿童,奢华体验,0.32,出行类型=0.2189; 自然兴趣=0.1376; 旅行天数=0.1339,7000,0.8445,0.0146
S0115,standard,我想去罗马玩1天，和爱人一起，我们喜欢历史、购物，预算比较有限。,纽约,3,低,文化,单人,轮椅友好,文化深度游,0.48,出行类型=0.2189; 自然兴趣=0.1376; 旅行天数=0.1339,3300,0.8445,0.0146
S0694,standard,我想去罗马玩7天，和爱人一起，我们喜欢文化，预算比较有限，需要轮椅无障碍设施。,东京,1,低,历史,朋友,有老人,文化深度游,0.55,出行类型=0.2189; 自然兴趣=0.1376; 旅行天数=0.1339,800,0.8445,0.0144
S0445,standard,我想去巴黎玩2天，和朋友一起，我们喜欢美食，预算中等。,纽约,2,低,"购物,文化",家庭,有儿童,亲子家庭游,0.44,出行类型=0.2189; 自然兴趣=0.1376; 旅行天数=0.1339,2200,0.8445,0.0142
B0021,boundary,我想去罗马玩1天，和家人一起，我们喜欢美食，预算比较有限。,巴黎,1,低,自然,单人,无,经济观光,0.36,出行类型=0.2189; 自然兴趣=0.1376; 旅行天数=0.1339,1000,0.8445,0.0147
S0283,standard,我想去纽约玩2天，我们喜欢自然，预算比较宽裕，有老人。,东京,7,中,历史,情侣,有儿童,文化深度游,0.54,出行类型=0.2189; 自然兴趣=0.1376; 旅行天数=0.1339,12600,0.8445,0.0141
S0466,standard,我想去东京玩3天，和家人一起，我们喜欢历史，预算比较宽裕，需要轮椅无障碍设施。,伦敦,7,高,"文化,购物",情侣,有儿童,情侣浪漫游,0.51,出行类型=0.2189; 自然兴趣=0.1376; 旅行天数=0.1339,49000,0.8445,0.0145
E0082,edge,我想去东京玩5天，和爱人一起，我们喜欢奢华体验、米其林餐厅，预算比较有限。,东京,5,低,"奢华体验,米其林餐厅",情侣,无,文化深度游,0.23,出行类型=0.2189; 自然兴趣=0.1376; 旅行天数=0.1339,4000,0.8445,0.0142
S0042,standard,我想去巴黎玩1天，和朋友一起，我们喜欢自然，预算比较有限，有老人。,罗马,1,低,历史,情侣,有儿童,文化深度游,0.56,出行类型=0.2189; 自然兴趣=0.1376; 旅行天数=0.1339,900,0.8445,0.014
S0227,standard,我想去罗马玩7天，和家人一起，我们喜欢历史，预算比较宽裕，有小孩子。,伦敦,2,低,美食,家庭,有儿童,美食购物游,0.58,出行类型=0.2189; 自然兴趣=0.1376; 旅行天数=0.1339,2080,0.8445,0.0141
S0221,standard,我想去东京玩7天，和家人一起，我们喜欢美食，预算中等，有老人。,东京,5,中,"自然,购物",单人,有老人,户外探险游,0.69,出行类型=0.2189; 自然兴趣=0.1376; 旅行天数=0.1339,9000,0.8445,0.014
S0576,standard,我想去罗马玩7天，和朋友一起，我们喜欢美食、自然，预算比较有限，需要轮椅无障碍设施。,纽约,2,中,"自然,历史",家庭,有儿童,文化深度游,0.53,出行类型=0.2189; 自然兴趣=0.1376; 旅行天数=0.1339,5200,0.8445,0.014
S0528,standard,我想去巴黎玩1天，和家人一起，我们喜欢购物，预算比较宽裕，有老人。,纽约,5,低,文化,情侣,有老人,文化深度游,0.47,出行类型=0.2189; 自然兴趣=0.1376; 旅行天数=0.1339,5500,0.8445,0.0139
S0467,standard,我想去巴黎玩1天，我们喜欢历史，预算中等，需要轮椅无障碍设施。,伦敦,3,中,"文化,历史",情侣,有儿童,文化深度游,0.59,出行类型=0.2189; 自然兴趣=0.1376; 旅行天数=0.1339,7200,0.8445,0.0143
E0034,edge,我想去罗马玩4天，和家人一起，我们喜欢历史，预算中等。,罗马,4,中,历史,家庭,有儿童和老人,文化深度游,0.55,出行类型=0.2189; 自然兴趣=0.1376; 旅行天数=0.1339,8000,0.8445,0.014
S0477,standard,我想去伦敦玩1天，和爱人一起，我们喜欢文化，预算中等，需要轮椅无障碍设施。,纽约,1,中,自然,单人,有老人,文化深度游,0.37,出行类型=0.2189; 自然兴趣=0.1376; 旅行天数=0.1339,2600,0.8445,0.0147
S0421,standard,我想去纽约玩3天，和爱人一起，我们喜欢自然、文化，预算比较宽裕，有小孩子。,东京,7,低,"美食,购物",家庭,轮椅友好,美食购物游,0.63,出行类型=0.2189; 自然兴趣=0.1376; 旅行天数=0.1339,5600,0.8445,0.0145
S0220,standard,我想去纽约玩1天，和家人一起，我们喜欢文化，预算比较宽裕，有老人。,巴黎,1,中,文化,家庭,无,亲子家庭游,0.55,出行类型=0.2189; 自然兴趣=0.1376; 旅行天数=0.1339,2400,0.8445,0.014
B0199,boundary,我想去巴黎玩1天，和爱人一起，我们喜欢美食，预算比较有限，需要轮椅无障碍设施。,东京,1,低,自然,单人,轮椅友好,经济观光,0.35,出行类型=0.2189; 自然兴趣=0.1376; 旅行天数=0.1339,800,0.8445,0.014
S0294,standard,我想去伦敦玩7天，和家人一起，我们喜欢美食，预算比较有限，需要轮椅无障碍设施。,伦敦,7,高,"自然,历史",朋友,轮椅友好,户外探险游,0.61,出行类型=0.2189; 自然兴趣=0.1376; 旅行天数=0.1339,49000,0.8445,0.0152
S0256,standard,我想去东京玩1天，和朋友一起，我们喜欢购物，预算中等，有老人。,巴黎,1,高,"文化,美食",家庭,无,亲子家庭游,0.66,出行类型=0.2189; 自然兴趣=0.1376; 旅行天数=0.1339,7000,0.8445,0.0146
S0336,standard,我想去罗马玩5天，和爱人一起，我们喜欢历史、美食，预算比较宽裕，需要轮椅无障碍设施。,东京,5,低,自然,情侣,有老人,户外探险游,0.67,出行类型=0.2189; 自然兴趣=0.1376; 旅行天数=0.1339,4000,0.8445,0.0146
S0228,standard,我想去纽约玩5天，我们喜欢美食，预算比较有限，需要轮椅无障碍设施。,东京,7,中,"历史,文化",情侣,有儿童,文化深度游,0.54,出行类型=0.2189; 自然兴趣=0.1376; 旅行天数=0.1339,12600,0.8445,0.0144
S0482,standard,我想去伦敦玩3天，和朋友一起，我们喜欢历史、文化，预算比较有限，需要轮椅无障碍设施。,伦敦,5,高,"购物,文化",情侣,有儿童,情侣浪漫游,0.51,出行类型=0.2189; 自然兴趣=0.1376; 旅行天数=0.1339,35000,0.8445,0.0144
E0041,edge,我想去东京玩5天，和爱人一起，我们喜欢奢华体验、米其林餐厅，预算比较有限。,东京,5,低,"奢华体验,米其林餐厅",情侣,无,文化深度游,0.23,出行类型=0.2189; 自然兴趣=0.1376; 旅行天数=0.1339,4000,0.8445,0.0141
B0112,boundary,我想去巴黎玩7天，我们喜欢历史，预算比较宽裕。,巴黎,7,高,美食,家庭,无,亲子家庭游,0.63,出行类型=0.2189; 自然兴趣=0.1376; 旅行天数=0.1339,49000,0.8445,0.0141
S0340,standard,我想去东京玩5天，我们喜欢美食、购物，预算中等，需要轮椅无障碍设施。,东京,1,高,"自然,美食",朋友,无,奢华体验,0.33,出行类型=0.2189; 自然兴趣=0.1376; 旅行天数=0.1339,5600,0.8445,0.0139
B0056,boundary,我想去巴黎玩7天，和爱人一起，我们喜欢自然，预算比较有限，有小孩子。,巴黎,7,低,自然,朋友,无,户外探险游,0.64,出行类型=0.2189; 自然兴趣=0.1376; 旅行天数=0.1339,7000,0.8445,0.0142
S0356,standard,我想去巴黎玩7天，和家人一起，我们喜欢购物，预算比较有限，有老人。,纽约,3,中,美食,家庭,有儿童,美食购物游,0.58,出行类型=0.2189; 自然兴趣=0.1376; 旅行天数=0.1339,7800,0.8445,0.0143
S0577,standard,我想去巴黎玩1天，和朋友一起，我们喜欢自然、美食，预算比较宽裕。,巴黎,5,高,"历史,购物",朋友,无,奢华体验,0.46,出行类型=0.2189; 自然兴趣=0.1376; 旅行天数=0.1339,35000,0.8445,0.0145
S0251,standard,我想去伦敦玩7天，我们喜欢自然，预算中等，有老人。,巴黎,5,中,"自然,购物",朋友,无,户外探险游,0.64,出行类型=0.2189; 自然兴趣=0.1376; 旅行天数=0.1339,12000,0.8445,0.0153
S0541,standard,我想去罗马玩2天，和爱人一起，我们喜欢美食，预算中等，需要轮椅无障碍设施。,罗马,7,中,"历史,自然",单人,有儿童,户外探险游,0.68,出行类型=0.2189; 自然兴趣=0.1376; 旅行天数=0.1339,14000,0.8445,0.0143
S0169,standard,我想去巴黎玩3天，和朋友一起，我们喜欢美食，预算中等，有小孩子。,伦敦,3,中,自然,单人,轮椅友好,户外探险游,0.69,出行类型=0.2189; 自然兴趣=0.1376; 旅行天数=0.1339,7200,0.8445,0.0139
S0259,standard,我想去伦敦玩7天，和朋友一起，我们喜欢自然，预算中等，有老人。,纽约,2,中,自然,家庭,轮椅友好,亲子家庭游,0.36,出行类型=0.2189; 自然兴趣=0.1376; 旅行天数=0.1339,5200,0.8445,0.0137
E0074,edge,我想去伦敦玩3天，和朋友一起，我们喜欢文化，不太确定。,伦敦,3,不太确定,文化,朋友,无,文化深度游,0.49,出行类型=0.2189; 自然兴趣=0.1376; 旅行天数=0.1339,5400,0.8445,0.0141
S0154,standard,我想去巴黎玩2天，我们喜欢历史，预算比较有限。,伦敦,3,高,"购物,文化",家庭,轮椅友好,亲子家庭游,0.41,出行类型=0.2189; 自然兴趣=0.1376; 旅行天数=0.1339,21000,0.8445,0.015
S0099,standard,我想去东京玩5天，和家人一起，我们喜欢文化，预算比较有限，需要轮椅无障碍设施。,纽约,3,低,美食,单人,有儿童,美食购物游,0.51,出行类型=0.2189; 自然兴趣=0.1376; 旅行天数=0.1339,3300,0.8445,0.014
E0046,edge,我想去罗马玩4天，和家人一起，我们喜欢历史，预算中等。,罗马,4,中,历史,家庭,有儿童和老人,文化深度游,0.55,出行类型=0.2189; 自然兴趣=0.1376; 旅行天数=0.1339,8000,0.8445,0.0141
S0546,standard,我想去伦敦玩7天，和朋友一起，我们喜欢历史、美食，预算比较有限，有老人。,纽约,7,低,美食,家庭,有老人,美食购物游,0.59,出行类型=0.2189; 自然兴趣=0.1376; 旅行天数=0.1339,7700,0.8445,0.0141
S0502,standard,我想去东京玩2天，我们喜欢美食、历史，预算比较宽裕，有小孩子。,伦敦,1,高,历史,单人,有儿童,奢华体验,0.56,出行类型=0.2189; 自然兴趣=0.1376; 旅行天数=0.1339,7000,0.8445,0.0146
S0111,standard,我想去纽约玩7天，和家人一起，我们喜欢自然、美食，预算中等，有老人。,东京,3,低,"文化,历史",朋友,有儿童,文化深度游,0.52,出行类型=0.2189; 自然兴趣=0.1376; 旅行天数=0.1339,2400,0.8445,0.0141
B0032,boundary,我想去伦敦玩7天，和爱人一起，我们喜欢自然，预算中等，有老人。,巴黎,7,中,自然,情侣,有儿童,户外探险游,0.68,出行类型=0.2189; 自然兴趣=0.1376; 旅行天数=0.1339,16800,0.8445,0.0147
S0209,standard,我想去东京玩2天，和爱人一起，我们喜欢购物，预算中等，需要轮椅无障碍设施。,纽约,1,低,美食,家庭,有老人,美食购物游,0.6,出行类型=0.2189; 自然兴趣=0.1376; 旅行天数=0.1339,1100,0.8445,0.0149
S0499,standard,我想去巴黎玩5天，和爱人一起，我们喜欢自然，预算比较有限，有老人。,罗马,5,中,历史,朋友,轮椅友好,文化深度游,0.54,出行类型=0.2189; 自然兴趣=0.1376; 旅行天数=0.1339,10000,0.8445,0.0143
S0442,standard,我想去罗马玩1天，和朋友一起，我们喜欢美食、历史，预算比较有限，需要轮椅无障碍设施。,纽约,7,中,美食,朋友,有儿童,美食购物游,0.5,出行类型=0.2189; 自然兴趣=0.1376; 旅行天数=0.1339,18200,0.8445,0.0145
S0137,standard,我想去东京玩2天，和朋友一起，我们喜欢历史、自然，预算比较宽裕，需要轮椅无障碍设施。,东京,1,高,自然,单人,有儿童,奢华体验,0.46,出行类型=0.2189; 自然兴趣=0.1376; 旅行天数=0.1339,5600,0.8445,0.0141
B0197,boundary,我想去纽约玩1天，和爱人一起，我们喜欢自然，预算比较有限，需要轮椅无障碍设施。,巴黎,1,低,美食,情侣,轮椅友好,美食购物游,0.55,出行类型=0.2189; 自然兴趣=0.1376; 旅行天数=0.1339,1000,0.8445,0.0139
S0696,standard,我想去纽约玩3天，和家人一起，我们喜欢购物、自然，预算比较有限，有小孩子。,纽约,3,高,文化,家庭,有老人,文化深度游,0.44,出行类型=0.2189; 自然兴趣=0.1376; 旅行天数=0.1339,22800,0.8445,0.0141
S0103,standard,我想去罗马玩1天，和爱人一起，我们喜欢自然，预算比较宽裕，需要轮椅无障碍设施。,伦敦,2,高,历史,朋友,轮椅友好,奢华体验,0.51,出行类型=0.2189; 自然兴趣=0.1376; 旅行天数=0.1339,14000,0.8445,0.0142
B0031,boundary,我想去东京玩1天，和朋友一起，我们喜欢自然，预算比较有限。,巴黎,1,低,文化,家庭,有老人,文化深度游,0.58,出行类型=0.2189; 自然兴趣=0.1376; 旅行天数=0.1339,1000,0.8445,0.0142
E0009,edge,我想去罗马玩4天，和家人一起，我们喜欢历史，预算中等。,罗马,4,中,历史,家庭,有儿童和老人,文化深度游,0.55,出行类型=0.2189; 自然兴趣=0.1376; 旅行天数=0.1339,8000,0.8445,0.0146
E0040,edge,我想去东京玩5天，和爱人一起，我们喜欢奢华体验、米其林餐厅，预算比较有限。,东京,5,低,"奢华体验,米其林餐厅",情侣,无,文化深度游,0.23,出行类型=0.2189; 自然兴趣=0.1376; 旅行天数=0.1339,4000,0.8445,0.0146
S0557,standard,我想去纽约玩1天，我们喜欢美食，预算中等，有老人。,伦敦,7,高,"历史,自然",单人,无,户外探险游,0.59,出行类型=0.2189; 自然兴趣=0.1376; 旅行天数=0.1339,49000,0.8445,0.0159
B0157,boundary,我想去罗马玩1天，和朋友一起，我们喜欢美食，预算比较有限。,巴黎,1,低,美食,朋友,无,美食购物游,0.54,出行类型=0.2189; 自然兴趣=0.1376; 旅行天数=0.1339,1000,0.8445,0.0148
S0403,standard,我想去东京玩1天，和家人一起，我们喜欢历史，预算比较宽裕。,罗马,3,低,自然,家庭,无,亲子家庭游,0.61,出行类型=0.2189; 自然兴趣=0.1376; 旅行天数=0.1339,2700,0.8445,0.015
B0023,boundary,我想去东京玩1天，我们喜欢购物，预算比较有限，需要轮椅无障碍设施。,东京,1,低,历史,单人,无,文化深度游,0.55,出行类型=0.2189; 自然兴趣=0.1376; 旅行天数=0.1339,800,0.8445,0.0145
S0349,standard,我想去巴黎玩2天，和家人一起，我们喜欢美食、文化，预算比较有限，有老人。,罗马,1,低,文化,情侣,有儿童,文化深度游,0.55,出行类型=0.2189; 自然兴趣=0.1376; 旅行天数=0.1339,900,0.8445,0.0138
S0005,standard,我想去巴黎玩7天，和朋友一起，我们喜欢购物，预算比较宽裕，有小孩子。,纽约,5,低,自然,朋友,无,户外探险游,0.65,出行类型=0.2189; 自然兴趣=0.1376; 旅行天数=0.1339,5500,0.8445,0.0149
S0472,standard,我想去纽约玩5天，我们喜欢购物，预算中等。,巴黎,1,中,美食,单人,有老人,美食购物游,0.56,出行类型=0.2189; 自然兴趣=0.1376; 旅行天数=0.1339,2400,0.8445,0.0145
B0136,boundary,我想去纽约玩7天，和朋友一起，我们喜欢文化，预算比较有限，有老人。,罗马,7,低,历史,情侣,无,文化深度游,0.46,出行类型=0.2189; 自然兴趣=0.1376; 旅行天数=0.1339,6300,0.8445,0.0142
S0520,standard,我想去罗马玩5天，我们喜欢自然，预算比较宽裕。,东京,7,低,"文化,购物",情侣,有儿童,经济观光,0.28,出行类型=0.2189; 自然兴趣=0.1376; 旅行天数=0.1339,5600,0.8445,0.014
B0080,boundary,我想去罗马玩1天，和爱人一起，我们喜欢文化，预算比较有限，有小孩子。,纽约,1,低,购物,朋友,有儿童,美食购物游,0.45,出行类型=0.2189; 自然兴趣=0.1376; 旅行天数=0.1339,1100,0.8445,0.0139
S0688,standard,我想去伦敦玩3天，和家人一起，我们喜欢美食，预算比较宽裕，有老人。,东京,1,高,"购物,文化",朋友,轮椅友好,奢华体验,0.54,出行类型=0.2189; 自然兴趣=0.1376; 旅行天数=0.1339,5600,0.8445,0.0145
S0539,standard,我想去罗马玩3天，我们喜欢历史、购物，预算比较有限，需要轮椅无障碍设施。,东京,5,高,自然,家庭,无,亲子家庭游,0.65,出行类型=0.2189; 自然兴趣=0.1376; 旅行天数=0.1339,28000,0.8445,0.014
B0186,boundary,我想去纽约玩1天，我们喜欢文化，预算比较有限，有老人。,巴黎,1,低,自然,情侣,轮椅友好,经济观光,0.33,出行类型=0.2189; 自然兴趣=0.1376; 旅行天数=0.1339,1000,0.8445,0.0149
S0271,standard,我想去伦敦玩2天，和爱人一起，我们喜欢历史，预算中等，有小孩子。,东京,3,低,美食,单人,轮椅友好,美食购物游,0.51,出行类型=0.2189; 自然兴趣=0.1376; 旅行天数=0.1339,2400,0.8445,0.0157
E0075,edge,我想去纽约玩1天，我们喜欢文化、美食、购物、历史，预算比较宽裕。,纽约,1,高,"文化,美食,购物,历史",单人,无,奢华体验,0.55,出行类型=0.2189; 自然兴趣=0.1376; 旅行天数=0.1339,7600,0.8445,0.0146
B0070,boundary,我想去伦敦玩7天，和朋友一起，我们喜欢历史，预算比较有限，有小孩子。,东京,7,低,文化,朋友,有老人,文化深度游,0.41,出行类型=0.2189; 自然兴趣=0.1376; 旅行天数=0.1339,5600,0.8445,0.0144
S0636,standard,我想去东京玩2天，和朋友一起，我们喜欢历史、文化，预算比较宽裕。,巴黎,1,中,"文化,购物",家庭,无,亲子家庭游,0.66,出行类型=0.2189; 自然兴趣=0.1376; 旅行天数=0.1339,2400,0.8445,0.0138
S0408,standard,我想去纽约玩1天，和家人一起，我们喜欢文化、购物，预算比较有限，有老人。,东京,3,低,文化,朋友,轮椅友好,文化深度游,0.46,出行类型=0.2189; 自然兴趣=0.1376; 旅行天数=0.1339,2400,0.8445,0.0138
S0392,standard,我想去巴黎玩5天，和家人一起，我们喜欢历史，预算中等。,伦敦,1,低,历史,单人,轮椅友好,文化深度游,0.54,出行类型=0.2189; 自然兴趣=0.1376; 旅行天数=0.1339,1040,0.8445,0.0135
S0485,standard,我想去东京玩5天，我们喜欢美食、自然，预算中等。,巴黎,3,低,历史,情侣,无,文化深度游,0.49,出行类型=0.2189; 自然兴趣=0.1376; 旅行天数=0.1339,3000,0.8445,0.0136
S0003,standard,我想去巴黎玩7天，和家人一起，我们喜欢文化、购物，预算比较有限，需要轮椅无障碍设施。,罗马,5,高,文化,朋友,无,奢华体验,0.44,出行类型=0.2189; 自然兴趣=0.1376; 旅行天数=0.1339,30000,0.8445,0.0142
B0147,boundary,我想去伦敦玩1天，和家人一起，我们喜欢美食，预算比较有限，有老人。,伦敦,1,低,自然,家庭,有儿童,亲子家庭游,0.33,出行类型=0.2189; 自然兴趣=0.1376; 旅行天数=0.1339,1040,0.8445,0.0145
S0155,standard,我想去罗马玩1天，和爱人一起，我们喜欢历史，预算比较宽裕，需要轮椅无障碍设施。,巴黎,2,中,购物,情侣,无,美食购物游,0.47,出行类型=0.2189; 自然兴趣=0.1376; 旅行天数=0.1339,4800,0.8445,0.0142
S0492,standard,我想去巴黎玩2天，和朋友一起，我们喜欢购物，预算中等，有老人。,罗马,5,中,"购物,美食",单人,有儿童,美食购物游,0.52,出行类型=0.2189; 自然兴趣=0.1376; 旅行天数=0.1339,10000,0.8445,0.0144
E0055,edge,我想去伦敦玩3天，和朋友一起，我们喜欢文化，不太确定。,伦敦,3,不太确定,文化,朋友,无,文化深度游,0.49,出行类型=0.2189; 自然兴趣=0.1376; 旅行天数=0.1339,5400,0.8445,0.0137
S0071,standard,我想去东京玩3天，和爱人一起，我们喜欢文化，预算中等，有小孩子。,纽约,5,低,"美食,文化",家庭,轮椅友好,亲子家庭游,0.41,出行类型=0.2189; 自然兴趣=0.1376; 旅行天数=0.1339,5500,0.8445,0.0146
S0390,standard,我想去罗马玩3天，我们喜欢文化、历史，预算中等，有小孩子。,东京,2,低,历史,情侣,有老人,文化深度游,0.52,出行类型=0.2189; 自然兴趣=0.1376; 旅行天数=0.1339,1600,0.8445,0.0149
S0109,standard,我想去罗马玩2天，和爱人一起，我们喜欢购物，预算中等，需要轮椅无障碍设施。,伦敦,5,高,"美食,购物",朋友,轮椅友好,奢华体验,0.39,出行类型=0.2189; 自然兴趣=0.1376; 旅行天数=0.1339,35000,0.8445,0.0149
S0153,standard,我想去巴黎玩1天，和朋友一起，我们喜欢购物，预算中等，有小孩子。,巴黎,2,低,文化,情侣,有老人,文化深度游,0.52,出行类型=0.2189; 自然兴趣=0.1376; 旅行天数=0.1339,2000,0.8445,0.0142
S0032,standard,我想去巴黎玩3天，和朋友一起，我们喜欢自然、文化，预算中等。,伦敦,2,低,"文化,美食",朋友,有老人,经济观光,0.41,出行类型=0.2189; 自然兴趣=0.1376; 旅行天数=0.1339,2080,0.8445,0.0149
S0171,standard,我想去巴黎玩7天，和朋友一起，我们喜欢美食，预算比较宽裕，需要轮椅无障碍设施。,巴黎,3,中,"自然,文化",朋友,无,户外探险游,0.62,出行类型=0.2189; 自然兴趣=0.1376; 旅行天数=0.1339,7200,0.8445,0.0142
S0354,standard,我想去纽约玩2天，和朋友一起，我们喜欢美食，预算比较宽裕，有老人。,东京,7,中,美食,家庭,有老人,美食购物游,0.56,出行类型=0.2189; 自然兴趣=0.1376; 旅行天数=0.1339,12600,0.8445,0.0144
S0361,standard,我想去巴黎玩5天，我们喜欢历史，预算比较有限，有小孩子。,东京,2,中,历史,朋友,有儿童,文化深度游,0.62,出行类型=0.2189; 自然兴趣=0.1376; 旅行天数=0.1339,3600,0.8445,0.0141
S0045,standard,我想去巴黎玩3天，我们喜欢自然、历史，预算比较有限，有老人。,伦敦,5,中,"美食,自然",家庭,有儿童,美食购物游,0.44,出行类型=0.2189; 自然兴趣=0.1376; 旅行天数=0.1339,12000,0.8445,0.0139
B0150,boundary,我想去罗马玩1天，和爱人一起，我们喜欢美食，预算比较有限，有老人。,纽约,1,低,购物,家庭,轮椅友好,美食购物游,0.58,出行类型=0.2189; 自然兴趣=0.1376; 旅行天数=0.1339,1100,0.8445,0.0151
B0041,boundary,我想去纽约玩7天，和家人一起，我们喜欢购物，预算比较宽裕，需要轮椅无障碍设施。,东京,7,高,购物,家庭,无,亲子家庭游,0.64,出行类型=0.2189; 自然兴趣=0.1376; 旅行天数=0.1339,39200,0.8445,0.0143
S0163,standard,我想去东京玩1天，我们喜欢美食，预算比较有限。,纽约,3,高,"历史,自然",单人,有老人,户外探险游,0.61,出行类型=0.2189; 自然兴趣=0.1376; 旅行天数=0.1339,22800,0.8445,0.0155
B0003,boundary,我想去伦敦玩7天，我们喜欢文化，预算比较有限，有小孩子。,纽约,7,低,自然,情侣,有老人,户外探险游,0.66,出行类型=0.2189; 自然兴趣=0.1376; 旅行天数=0.1339,7700,0.8445,0.0154
S0654,standard,我想去纽约玩1天，和朋友一起，我们喜欢美食，预算中等，有老人。,罗马,3,高,购物,单人,有儿童,奢华体验,0.48,出行类型=0.2189; 自然兴趣=0.1376; 旅行天数=0.1339,18000,0.8445,0.0143
S0365,standard,我想去巴黎玩2天，和朋友一起，我们喜欢自然，预算比较有限，有小孩子。,伦敦,5,低,"历史,购物",情侣,无,经济观光,0.33,出行类型=0.2189; 自然兴趣=0.1376; 旅行天数=0.1339,5200,0.8445,0.0141
S0226,standard,我想去巴黎玩1天，和朋友一起，我们喜欢历史，预算比较有限。,纽约,3,高,"自然,美食",单人,有儿童,户外探险游,0.62,出行类型=0.2189; 自然兴趣=0.1376; 旅行天数=0.1339,22800,0.8445,0.0145
S0030,standard,我想去东京玩7天，和朋友一起，我们喜欢美食、文化，预算比较有限，有小孩子。,纽约,5,中,"历史,购物",情侣,轮椅友好,文化深度游,0.46,出行类型=0.2189; 自然兴趣=0.1376; 旅行天数=0.1339,13000,0.8445,0.0146
S0207,standard,我想去伦敦玩7天，和朋友一起，我们喜欢文化、美食，预算比较宽裕。,巴黎,1,低,自然,朋友,有老人,经济观光,0.33,出行类型=0.2189; 自然兴趣=0.1376; 旅行天数=0.1339,1000,0.8445,0.0142
B0165,boundary,我想去东京玩1天，和家人一起，我们喜欢文化，预算比较有限，有小孩子。,巴黎,1,低,文化,家庭,轮椅友好,文化深度游,0.58,出行类型=0.2189; 自然兴趣=0.1376; 旅行天数=0.1339,1000,0.8445,0.0143
S0359,standard,我想去罗马玩1天，和家人一起，我们喜欢购物、美食，预算比较宽裕。,巴黎,3,低,"购物,美食",朋友,轮椅友好,美食购物游,0.52,出行类型=0.2189; 自然兴趣=0.1376; 旅行天数=0.1339,3000,0.8445,0.0166
S0211,standard,我想去东京玩2天，我们喜欢文化，预算中等，有老人。,伦敦,7,低,自然,家庭,有儿童,户外探险游,0.5,出行类型=0.2189; 自然兴趣=0.1376; 旅行天数=0.1339,7280,0.8445,0.0316
S0358,standard,我想去纽约玩3天，和家人一起，我们喜欢购物，预算比较有限。,东京,1,高,"购物,历史",家庭,有老人,亲子家庭游,0.43,出行类型=0.2189; 自然兴趣=0.1376; 旅行天数=0.1339,5600,0.8445,0.0164
S0023,standard,我想去罗马玩1天，我们喜欢自然，预算比较宽裕，有老人。,东京,5,低,自然,家庭,无,亲子家庭游,0.62,出行类型=0.2189; 自然兴趣=0.1376; 旅行天数=0.1339,4000,0.8445,0.0148
S0536,standard,我想去伦敦玩3天，和爱人一起，我们喜欢历史、自然，预算比较宽裕，需要轮椅无障碍设施。,纽约,3,中,文化,单人,轮椅友好,文化深度游,0.53,出行类型=0.2189; 自然兴趣=0.1376; 旅行天数=0.1339,7800,0.8445,0.0148
S0070,standard,我想去巴黎玩7天，和朋友一起，我们喜欢历史，预算比较有限，有老人。,伦敦,5,高,"历史,文化",单人,无,奢华体验,0.53,出行类型=0.2189; 自然兴趣=0.1376; 旅行天数=0.1339,35000,0.8445,0.0146
S0452,standard,我想去伦敦玩2天，和家人一起，我们喜欢文化，预算中等。,巴黎,1,低,"购物,美食",情侣,有儿童,美食购物游,0.57,出行类型=0.2189; 自然兴趣=0.1376; 旅行天数=0.1339,1000,0.8445,0.0143
S0592,standard,我想去纽约玩2天，和家人一起，我们喜欢文化、历史，预算中等。,东京,1,高,"历史,购物",情侣,无,情侣浪漫游,0.52,出行类型=0.2189; 自然兴趣=0.1376; 旅行天数=0.1339,5600,0.8445,0.0153
S0524,standard,我想去巴黎玩3天，和爱人一起，我们喜欢美食、历史，预算中等。,东京,3,中,自然,家庭,轮椅友好,户外探险游,0.46,出行类型=0.2189; 自然兴趣=0.1376; 旅行天数=0.1339,5400,0.8445,0.015
S0640,standard,我想去罗马玩2天，我们喜欢文化、美食，预算比较宽裕，有小孩子。,伦敦,7,中,"历史,购物",朋友,无,文化深度游,0.37,出行类型=0.2189; 自然兴趣=0.1376; 旅行天数=0.1339,16800,0.8445,0.0145
B0047,boundary,我想去巴黎玩1天，和家人一起，我们喜欢自然，预算比较有限。,罗马,1,低,美食,单人,无,美食购物游,0.54,出行类型=0.2189; 自然兴趣=0.1376; 旅行天数=0.1339,900,0.8445,0.0143
B0088,boundary,我想去纽约玩1天，和朋友一起，我们喜欢文化，预算比较有限，有老人。,罗马,1,低,历史,朋友,有儿童,文化深度游,0.53,出行类型=0.2189; 自然兴趣=0.1376; 旅行天数=0.1339,900,0.8445,0.014
B0138,boundary,我想去巴黎玩7天，和家人一起，我们喜欢自然，预算比较有限，有小孩子。,巴黎,7,低,历史,单人,轮椅友好,文化深度游,0.47,出行类型=0.2189; 自然兴趣=0.1376; 旅行天数=0.1339,7000,0.8445,0.014
S0339,standard,我想去巴黎玩2天，和爱人一起，我们喜欢自然、购物，预算比较有限。,伦敦,3,低,文化,朋友,有儿童,文化深度游,0.46,出行类型=0.2189; 自然兴趣=0.1376; 旅行天数=0.1339,3120,0.8445,0.0138
S0678,standard,我想去东京玩1天，和爱人一起，我们喜欢美食，预算比较宽裕，需要轮椅无障碍设施。,纽约,7,低,"文化,美食",家庭,有儿童,亲子家庭游,0.41,出行类型=0.2189; 自然兴趣=0.1376; 旅行天数=0.1339,7700,0.8445,0.0141
E0031,edge,我想去纽约玩1天，我们喜欢文化、美食、购物、历史，预算比较宽裕。,纽约,1,高,"文化,美食,购物,历史",单人,无,奢华体验,0.55,出行类型=0.2189; 自然兴趣=0.1376; 旅行天数=0.1339,7600,0.8445,0.015
B0116,boundary,我想去巴黎玩7天，和朋友一起，我们喜欢购物，预算比较宽裕，有小孩子。,东京,7,高,历史,朋友,有儿童,奢华体验,0.48,出行类型=0.2189; 自然兴趣=0.1376; 旅行天数=0.1339,39200,0.8445,0.0142
E0025,edge,我想去罗马玩4天，和家人一起，我们喜欢历史，预算中等。,罗马,4,中,历史,家庭,有儿童和老人,文化深度游,0.55,出行类型=0.2189; 自然兴趣=0.1376; 旅行天数=0.1339,8000,0.8445,0.0142
S0105,standard,我想去巴黎玩7天，和朋友一起，我们喜欢购物、历史，预算比较有限。,罗马,7,高,"历史,购物",单人,轮椅友好,奢华体验,0.51,出行类型=0.2189; 自然兴趣=0.1376; 旅行天数=0.1339,42000,0.8445,0.0144
S0610,standard,我想去巴黎玩2天，和家人一起，我们喜欢自然，预算比较有限，有老人。,伦敦,5,高,"自然,美食",情侣,有老人,情侣浪漫游,0.48,出行类型=0.2189; 自然兴趣=0.1376; 旅行天数=0.1339,35000,0.8445,0.0144
S0337,standard,我想去伦敦玩7天，和爱人一起，我们喜欢自然，预算比较宽裕，有老人。,东京,5,高,"美食,自然",单人,无,户外探险游,0.6,出行类型=0.2189; 自然兴趣=0.1376; 旅行天数=0.1339,28000,0.8445,0.014
B0028,boundary,我想去巴黎玩7天，和家人一起，我们喜欢自然，预算比较有限，有老人。,东京,7,低,文化,家庭,无,亲子家庭游,0.6,出行类型=0.2189; 自然兴趣=0.1376; 旅行天数=0.1339,5600,0.8445,0.0142
B0145,boundary,我想去巴黎玩7天，我们喜欢文化，预算中等，需要轮椅无障碍设施。,东京,7,中,美食,朋友,轮椅友好,美食购物游,0.48,出行类型=0.2189; 自然兴趣=0.1376; 旅行天数=0.1339,12600,0.8445,0.014
S0039,standard,我想去东京玩5天，和家人一起，我们喜欢文化、购物，预算中等。,伦敦,1,高,购物,单人,有儿童,奢华体验,0.53,出行类型=0.2189; 自然兴趣=0.1376; 旅行天数=0.1339,7000,0.8445,0.015
S0210,standard,我想去罗马玩3天，和爱人一起，我们喜欢历史，预算比较有限，有小孩子。,罗马,3,低,历史,单人,有儿童,文化深度游,0.49,出行类型=0.2189; 自然兴趣=0.1376; 旅行天数=0.1339,2700,0.8445,0.014
B0089,boundary,我想去纽约玩1天，我们喜欢美食，预算比较有限。,东京,1,低,购物,单人,有儿童,美食购物游,0.4,出行类型=0.2189; 自然兴趣=0.1376; 旅行天数=0.1339,800,0.8445,0.014
B0121,boundary,我想去东京玩7天，和家人一起，我们喜欢购物，预算比较有限，有小孩子。,罗马,7,低,历史,朋友,无,文化深度游,0.43,出行类型=0.2189; 自然兴趣=0.1376; 旅行天数=0.1339,6300,0.8445,0.0141
S0151,standard,我想去巴黎玩1天，我们喜欢文化，预算比较宽裕，需要轮椅无障碍设施。,巴黎,1,中,"自然,购物",家庭,有儿童,美食购物游,0.48,出行类型=0.2189; 自然兴趣=0.1376; 旅行天数=0.1339,2400,0.8445,0.0137
S0438,standard,我想去罗马玩3天，和朋友一起，我们喜欢购物，预算中等，有小孩子。,巴黎,3,中,自然,朋友,无,户外探险游,0.65,出行类型=0.2189; 自然兴趣=0.1376; 旅行天数=0.1339,7200,0.8445,0.0141
S0122,standard,我想去罗马玩3天，和爱人一起，我们喜欢自然、美食，预算中等，需要轮椅无障碍设施。,纽约,3,高,美食,单人,无,奢华体验,0.43,出行类型=0.2189; 自然兴趣=0.1376; 旅行天数=0.1339,22800,0.8445,0.0145
S0420,standard,我想去东京玩2天，和朋友一起，我们喜欢美食、购物，预算比较有限，有老人。,罗马,5,低,自然,情侣,有老人,户外探险游,0.67,出行类型=0.2189; 自然兴趣=0.1376; 旅行天数=0.1339,4500,0.8445,0.0139
S0401,standard,我想去东京玩1天，和家人一起，我们喜欢美食、历史，预算比较有限，有小孩子。,伦敦,2,低,自然,朋友,轮椅友好,经济观光,0.35,出行类型=0.2189; 自然兴趣=0.1376; 旅行天数=0.1339,2080,0.8445,0.0147
S0216,standard,我想去伦敦玩3天，我们喜欢自然，预算中等，有老人。,伦敦,7,高,"自然,历史",单人,无,户外探险游,0.59,出行类型=0.2189; 自然兴趣=0.1376; 旅行天数=0.1339,49000,0.8445,0.014
E0024,edge,我想去东京玩5天，和爱人一起，我们喜欢奢华体验、米其林餐厅，预算比较有限。,东京,5,低,"奢华体验,米其林餐厅",情侣,无,文化深度游,0.23,出行类型=0.2189; 自然兴趣=0.1376; 旅行天数=0.1339,4000,0.8445,0.0139
S0278,standard,我想去巴黎玩3天，和爱人一起，我们喜欢美食、历史，预算比较宽裕，有老人。,纽约,2,高,美食,单人,无,奢华体验,0.49,出行类型=0.2189; 自然兴趣=0.1376; 旅行天数=0.1339,15200,0.8445,0.0139
B0026,boundary,我想去伦敦玩7天，和家人一起，我们喜欢文化，预算比较宽裕。,罗马,7,高,历史,单人,无,奢华体验,0.51,出行类型=0.2189; 自然兴趣=0.1376; 旅行天数=0.1339,42000,0.8445,0.014
B0132,boundary,我想去东京玩7天，和爱人一起，我们喜欢美食，预算中等。,伦敦,7,中,美食,朋友,有老人,美食购物游,0.49,出行类型=0.2189; 自然兴趣=0.1376; 旅行天数=0.1339,16800,0.8445,0.0152
S0682,standard,我想去纽约玩2天，和家人一起，我们喜欢文化、历史，预算比较宽裕，有小孩子。,巴黎,1,低,"购物,美食",单人,有老人,美食购物游,0.56,出行类型=0.2189; 自然兴趣=0.1376; 旅行天数=0.1339,1000,0.8445,0.014
S0275,standard,我想去东京玩5天，和爱人一起，我们喜欢自然，预算比较有限。,巴黎,1,高,历史,单人,有老人,奢华体验,0.56,出行类型=0.2189; 自然兴趣=0.1376; 旅行天数=0.1339,7000,0.8445,0.0142
B0019,boundary,我想去纽约玩1天，我们喜欢美食，预算比较有限。,纽约,1,低,美食,家庭,有儿童,美食购物游,0.6,出行类型=0.2189; 自然兴趣=0.1376; 旅行天数=0.1339,1100,0.8445,0.0139
S0687,standard,我想去罗马玩5天，我们喜欢美食，预算中等，有老人。,伦敦,2,低,文化,单人,有儿童,文化深度游,0.52,出行类型=0.2189; 自然兴趣=0.1376; 旅行天数=0.1339,2080,0.8445,0.0139
S0441,standard,我想去巴黎玩3天，和朋友一起，我们喜欢自然，预算比较有限，需要轮椅无障碍设施。,伦敦,2,低,"美食,文化",情侣,有老人,经济观光,0.4,出行类型=0.2189; 自然兴趣=0.1376; 旅行天数=0.1339,2080,0.8445,0.0137
S0410,standard,我想去巴黎玩7天，我们喜欢购物，预算中等，有老人。,东京,3,高,"自然,文化",朋友,轮椅友好,户外探险游,0.57,出行类型=0.2189; 自然兴趣=0.1376; 旅行天数=0.1339,16800,0.8445,0.0141
S0134,standard,我想去东京玩2天，和家人一起，我们喜欢美食、历史，预算比较有限，有老人。,东京,1,低,"文化,自然",情侣,有儿童,文化深度游,0.42,出行类型=0.2189; 自然兴趣=0.1376; 旅行天数=0.1339,800,0.8445,0.0137
S0566,standard,我想去伦敦玩7天，我们喜欢自然、文化，预算比较宽裕。,巴黎,5,高,"美食,自然",朋友,有儿童,户外探险游,0.6,出行类型=0.2189; 自然兴趣=0.1376; 旅行天数=0.1339,35000,0.8445,0.0142
E0027,edge,我想去纽约玩1天，我们喜欢文化、美食、购物、历史，预算比较宽裕。,纽约,1,高,"文化,美食,购物,历史",单人,无,奢华体验,0.55,出行类型=0.2189; 自然兴趣=0.1376; 旅行天数=0.1339,7600,0.8445,0.0138
B0099,boundary,我想去伦敦玩1天，和家人一起，我们喜欢购物，预算比较有限，需要轮椅无障碍设施。,伦敦,1,低,文化,情侣,有儿童,文化深度游,0.55,出行类型=0.2189; 自然兴趣=0.1376; 旅行天数=0.1339,1040,0.8445,0.0145
S0458,standard,我想去伦敦玩1天，和朋友一起，我们喜欢文化，预算比较宽裕。,纽约,5,高,美食,单人,有老人,奢华体验,0.44,出行类型=0.2189; 自然兴趣=0.1376; 旅行天数=0.1339,38000,0.8445,0.0143
B0044,boundary,我想去东京玩7天，和朋友一起，我们喜欢历史，预算中等，需要轮椅无障碍设施。,巴黎,7,中,购物,情侣,有老人,美食购物游,0.46,出行类型=0.2189; 自然兴趣=0.1376; 旅行天数=0.1339,16800,0.8445,0.014
S0118,standard,我想去纽约玩1天，和爱人一起，我们喜欢文化，预算比较有限，需要轮椅无障碍设施。,巴黎,1,中,"自然,美食",家庭,有老人,美食购物游,0.5,出行类型=0.2189; 自然兴趣=0.1376; 旅行天数=0.1339,2400,0.8445,0.0142
S0440,standard,我想去纽约玩7天，和朋友一起，我们喜欢自然、美食，预算比较宽裕，需要轮椅无障碍设施。,罗马,7,中,"购物,历史",单人,有儿童,文化深度游,0.43,出行类型=0.2189; 自然兴趣=0.1376; 旅行天数=0.1339,14000,0.8445,0.0141
S0559,standard,我想去伦敦玩2天，和朋友一起，我们喜欢文化、美食，预算中等。,纽约,1,高,美食,单人,有儿童,奢华体验,0.45,出行类型=0.2189; 自然兴趣=0.1376; 旅行天数=0.1339,7600,0.8445,0.0142
S0407,standard,我想去东京玩2天，和朋友一起，我们喜欢文化、历史，预算比较有限，需要轮椅无障碍设施。,伦敦,5,低,"美食,历史",单人,有儿童,经济观光,0.3,出行类型=0.2189; 自然兴趣=0.1376; 旅行天数=0.1339,5200,0.8445,0.0138
S0175,standard,我想去巴黎玩2天，和朋友一起，我们喜欢历史，预算比较宽裕。,伦敦,7,中,美食,家庭,无,亲子家庭游,0.61,出行类型=0.2189; 自然兴趣=0.1376; 旅行天数=0.1339,16800,0.8445,0.0143
B0101,boundary,我想去伦敦玩7天，我们喜欢购物，预算中等，有小孩子。,纽约,7,中,美食,单人,有儿童,美食购物游,0.49,出行类型=0.2189; 自然兴趣=0.1376; 旅行天数=0.1339,18200,0.8445,0.0137
S0504,standard,我想去伦敦玩1天，和朋友一起，我们喜欢购物，预算中等，有小孩子。,伦敦,3,高,"美食,文化",朋友,无,奢华体验,0.46,出行类型=0.2189; 自然兴趣=0.1376; 旅行天数=0.1339,21000,0.8445,0.0145
S0238,standard,我想去东京玩5天，我们喜欢文化，预算中等，有小孩子。,罗马,2,低,"文化,购物",情侣,有儿童,经济观光,0.36,出行类型=0.2189; 自然兴趣=0.1376; 旅行天数=0.1339,1800,0.8445,0.014
S0455,standard,我想去伦敦玩1天，和爱人一起，我们喜欢文化，预算中等，有小孩子。,东京,5,低,"历史,美食",单人,无,经济观光,0.27,出行类型=0.2189; 自然兴趣=0.1376; 旅行天数=0.1339,4000,0.8445,0.0142
S0214,standard,我想去罗马玩2天，我们喜欢文化、购物，预算中等，需要轮椅无障碍设施。,巴黎,1,中,历史,朋友,有儿童,文化深度游,0.64,出行类型=0.2189; 自然兴趣=0.1376; 旅行天数=0.1339,2400,0.8445,0.0141
S0511,standard,我想去巴黎玩5天，和家人一起，我们喜欢历史，预算中等，有老人。,东京,7,高,"自然,美食",情侣,有老人,情侣浪漫游,0.49,出行类型=0.2189; 自然兴趣=0.1376; 旅行天数=0.1339,39200,0.8445,0.0141
S0269,standard,我想去东京玩1天，和爱人一起，我们喜欢自然，预算中等，需要轮椅无障碍设施。,东京,1,低,美食,朋友,无,美食购物游,0.55,出行类型=0.2189; 自然兴趣=0.1376; 旅行天数=0.1339,800,0.8445,0.0141
S0501,standard,我想去罗马玩1天，和爱人一起，我们喜欢历史，预算比较有限，有老人。,伦敦,5,高,"购物,历史",朋友,轮椅友好,奢华体验,0.46,出行类型=0.2189; 自然兴趣=0.1376; 旅行天数=0.1339,35000,0.8445,0.0151
S0123,standard,我想去纽约玩5天，和家人一起，我们喜欢文化、美食，预算比较宽裕，有老人。,巴黎,3,高,"历史,购物",单人,有儿童,奢华体验,0.52,出行类型=0.2189; 自然兴趣=0.1376; 旅行天数=0.1339,21000,0.8445,0.0149
S0033,standard,我想去罗马玩5天，和爱人一起，我们喜欢美食，预算比较宽裕。,伦敦,3,高,文化,情侣,轮椅友好,情侣浪漫游,0.5,出行类型=0.2189; 自然兴趣=0.1376; 旅行天数=0.1339,21000,0.8445,0.0146
B0158,boundary,我想去罗马玩1天，我们喜欢购物，预算比较有限，有老人。,纽约,1,低,购物,家庭,有儿童,美食购物游,0.58,出行类型=0.2189; 自然兴趣=0.1376; 旅行天数=0.1339,1100,0.8445,0.0143
S0433,standard,我想去巴黎玩7天，和朋友一起，我们喜欢自然，预算比较有限，需要轮椅无障碍设施。,东京,2,中,自然,情侣,有老人,文化深度游,0.37,出行类型=0.2189; 自然兴趣=0.1376; 旅行天数=0.1339,3600,0.8445,0.0145
S0517,standard,我想去伦敦玩7天，我们喜欢美食，预算比较有限。,巴黎,1,中,"美食,历史",单人,有老人,文化深度游,0.52,出行类型=0.2189; 自然兴趣=0.1376; 旅行天数=0.1339,2400,0.8445,0.0139
S0675,standard,我想去纽约玩7天，和朋友一起，我们喜欢文化，预算比较宽裕，有老人。,东京,3,高,"美食,历史",情侣,轮椅友好,情侣浪漫游,0.49,出行类型=0.2189; 自然兴趣=0.1376; 旅行天数=0.1339,16800,0.8445,0.014
B0061,boundary,我想去伦敦玩1天，我们喜欢文化，预算比较有限，有老人。,纽约,1,低,购物,单人,有老人,美食购物游,0.41,出行类型=0.2189; 自然兴趣=0.1376; 旅行天数=0.1339,1100,0.8445,0.0139
S0059,standard,我想去伦敦玩1天，和朋友一起，我们喜欢文化、购物，预算比较宽裕，有老人。,纽约,2,中,历史,情侣,轮椅友好,文化深度游,0.64,出行类型=0.2189; 自然兴趣=0.1376; 旅行天数=0.1339,5200,0.8445,0.0142
S0686,standard,我想去纽约玩1天，和朋友一起，我们喜欢文化，预算中等。,纽约,1,低,购物,情侣,有儿童,美食购物游,0.45,出行类型=0.2189; 自然兴趣=0.1376; 旅行天数=0.1339,1100,0.8445,0.0141
S0626,standard,我想去伦敦玩3天，和家人一起，我们喜欢自然，预算中等，有老人。,巴黎,2,高,"文化,自然",单人,无,奢华体验,0.46,出行类型=0.2189; 自然兴趣=0.1376; 旅行天数=0.1339,14000,0.8445,0.0146
S0204,standard,我想去罗马玩2天，和家人一起，我们喜欢美食，预算比较宽裕，有小孩子。,罗马,1,高,文化,家庭,有老人,文化深度游,0.44,出行类型=0.2189; 自然兴趣=0.1376; 旅行天数=0.1339,6000,0.8445,0.0142
S0072,standard,我想去东京玩3天，和爱人一起，我们喜欢美食，预算比较宽裕，有老人。,伦敦,1,中,"购物,美食",家庭,有老人,美食购物游,0.63,出行类型=0.2189; 自然兴趣=0.1376; 旅行天数=0.1339,2400,0.8445,0.0142
S0616,standard,我想去巴黎玩2天，我们喜欢自然，预算比较宽裕，有老人。,伦敦,7,低,文化,情侣,无,文化深度游,0.45,出行类型=0.2189; 自然兴趣=0.1376; 旅行天数=0.1339,7280,0.8445,0.0138
S0454,standard,我想去东京玩3天，我们喜欢美食、历史，预算中等，需要轮椅无障碍设施。,罗马,2,中,"美食,文化",朋友,无,文化深度游,0.46,出行类型=0.2189; 自然兴趣=0.1376; 旅行天数=0.1339,4000,0.8445,0.0141
S0527,standard,我想去纽约玩5天，和朋友一起，我们喜欢历史、文化，预算中等，有老人。,罗马,7,中,购物,家庭,有老人,美食购物游,0.55,出行类型=0.2189; 自然兴趣=0.1376; 旅行天数=0.1339,14000,0.8445,0.0163
S0664,standard,我想去巴黎玩1天，和朋友一起，我们喜欢美食，预算比较有限，有老人。,罗马,7,高,"购物,文化",情侣,无,情侣浪漫游,0.51,出行类型=0.2189; 自然兴趣=0.1376; 旅行天数=0.1339,42000,0.8445,0.0171
S0364,standard,我想去东京玩3天，和爱人一起，我们喜欢购物，预算比较有限，有老人。,东京,3,中,"自然,文化",情侣,有儿童,户外探险游,0.62,出行类型=0.2189; 自然兴趣=0.1376; 旅行天数=0.1339,5400,0.8445,0.0151
S0136,standard,我想去纽约玩5天，和朋友一起，我们喜欢购物、历史，预算中等。,东京,7,中,"购物,美食",家庭,有老人,美食购物游,0.61,出行类型=0.2189; 自然兴趣=0.1376; 旅行天数=0.1339,12600,0.8445,0.0159
B0002,boundary,我想去罗马玩7天，和爱人一起，我们喜欢购物，预算比较宽裕，有老人。,纽约,7,高,自然,情侣,轮椅友好,情侣浪漫游,0.5,出行类型=0.2189; 自然兴趣=0.1376; 旅行天数=0.1339,53200,0.8445,0.0161
B0020,boundary,我想去伦敦玩1天，和爱人一起，我们喜欢购物，预算比较有限，需要轮椅无障碍设施。,东京,1,低,文化,情侣,无,文化深度游,0.53,出行类型=0.2189; 自然兴趣=0.1376; 旅行天数=0.1339,800,0.8445,0.0145
S0698,standard,我想去罗马玩7天，和爱人一起，我们喜欢美食、购物，预算中等，有小孩子。,纽约,5,高,"购物,自然",情侣,无,情侣浪漫游,0.5,出行类型=0.2189; 自然兴趣=0.1376; 旅行天数=0.1339,38000,0.8445,0.0146
S0089,standard,我想去东京玩1天，和爱人一起，我们喜欢历史，预算中等，有小孩子。,伦敦,7,低,历史,朋友,有儿童,文化深度游,0.45,出行类型=0.2189; 自然兴趣=0.1376; 旅行天数=0.1339,7280,0.8445,0.0142
S0531,standard,我想去罗马玩7天，我们喜欢文化、购物，预算比较有限，有老人。,伦敦,3,中,"购物,美食",单人,轮椅友好,美食购物游,0.51,出行类型=0.2189; 自然兴趣=0.1376; 旅行天数=0.1339,7200,0.8445,0.0142
E0079,edge,我想去纽约玩1天，我们喜欢文化、美食、购物、历史，预算比较宽裕。,纽约,1,高,"文化,美食,购物,历史",单人,无,奢华体验,0.55,出行类型=0.2189; 自然兴趣=0.1376; 旅行天数=0.1339,7600,0.8445,0.0141
S0567,standard,我想去罗马玩3天，我们喜欢自然，预算中等，需要轮椅无障碍设施。,巴黎,2,高,美食,家庭,有儿童,美食购物游,0.47,出行类型=0.2189; 自然兴趣=0.1376; 旅行天数=0.1339,14000,0.8445,0.0143
S0017,standard,我想去罗马玩7天，和家人一起，我们喜欢购物，预算比较有限，有老人。,东京,2,中,"美食,历史",朋友,有儿童,文化深度游,0.48,出行类型=0.2189; 自然兴趣=0.1376; 旅行天数=0.1339,3600,0.8445,0.0147
S0112,standard,我想去巴黎玩3天，我们喜欢美食，预算比较有限，有小孩子。,巴黎,3,低,自然,朋友,轮椅友好,户外探险游,0.65,出行类型=0.2189; 自然兴趣=0.1376; 旅行天数=0.1339,3000,0.8445,0.0142
S0429,standard,我想去伦敦玩7天，和家人一起，我们喜欢文化，预算中等，需要轮椅无障碍设施。,罗马,5,中,历史,朋友,无,文化深度游,0.52,出行类型=0.2189; 自然兴趣=0.1376; 旅行天数=0.1339,10000,0.8445,0.0143
S0347,standard,我想去纽约玩2天，和家人一起，我们喜欢自然，预算比较宽裕，有老人。,罗马,2,低,"自然,历史",朋友,无,文化深度游,0.37,出行类型=0.2189; 自然兴趣=0.1376; 旅行天数=0.1339,1800,0.8445,0.0139
S0102,standard,我想去伦敦玩7天，和家人一起，我们喜欢文化、历史，预算比较宽裕，有老人。,纽约,1,低,购物,情侣,有老人,美食购物游,0.45,出行类型=0.2189; 自然兴趣=0.1376; 旅行天数=0.1339,1100,0.8445,0.0142
B0139,boundary,我想去罗马玩1天，和爱人一起，我们喜欢文化，预算比较有限。,纽约,1,低,自然,情侣,有儿童,经济观光,0.33,出行类型=0.2189; 自然兴趣=0.1376; 旅行天数=0.1339,1100,0.8445,0.0145
S0481,standard,我想去罗马玩2天，我们喜欢文化、购物，预算比较有限，需要轮椅无障碍设施。,东京,2,低,"历史,文化",单人,有儿童,文化深度游,0.58,出行类型=0.2189; 自然兴趣=0.1376; 旅行天数=0.1339,1600,0.8445,0.0141
S0393,standard,我想去东京玩2天，和朋友一起，我们喜欢自然、历史，预算比较宽裕。,罗马,5,中,"文化,购物",情侣,有儿童,文化深度游,0.45,出行类型=0.2189; 自然兴趣=0.1376; 旅行天数=0.1339,10000,0.8445,0.0144
E0072,edge,我想去东京玩5天，和爱人一起，我们喜欢奢华体验、米其林餐厅，预算比较有限。,东京,5,低,"奢华体验,米其林餐厅",情侣,无,文化深度游,0.23,出行类型=0.2189; 自然兴趣=0.1376; 旅行天数=0.1339,4000,0.8445,0.0142
S0555,standard,我想去罗马玩1天，和爱人一起，我们喜欢美食、自然，预算比较有限，有老人。,巴黎,1,中,购物,家庭,有儿童,美食购物游,0.55,出行类型=0.2189; 自然兴趣=0.1376; 旅行天数=0.1339,2400,0.8445,0.0143
S0104,standard,我想去东京玩2天，和爱人一起，我们喜欢美食，预算比较宽裕。,东京,7,高,自然,单人,有儿童,户外探险游,0.64,出行类型=0.2189; 自然兴趣=0.1376; 旅行天数=0.1339,39200,0.8445,0.0144
B0018,boundary,我想去纽约玩1天，和朋友一起，我们喜欢美食，预算比较有限，有老人。,罗马,1,低,历史,家庭,无,亲子家庭游,0.52,出行类型=0.2189; 自然兴趣=0.1376; 旅行天数=0.1339,900,0.8445,0.0143
S0206,standard,我想去纽约玩2天，和爱人一起，我们喜欢历史，预算比较宽裕，需要轮椅无障碍设施。,东京,7,中,"美食,历史",单人,有老人,文化深度游,0.38,出行类型=0.2189; 自然兴趣=0.1376; 旅行天数=0.1339,12600,0.8445,0.0141
S0578,standard,我想去罗马玩5天，我们喜欢文化、购物，预算比较有限，有老人。,东京,2,高,"自然,购物",情侣,轮椅友好,情侣浪漫游,0.52,出行类型=0.2189; 自然兴趣=0.1376; 旅行天数=0.1339,11200,0.8445,0.0143
S0309,standard,我想去纽约玩7天，和家人一起，我们喜欢购物，预算中等，需要轮椅无障碍设施。,巴黎,1,低,"文化,购物",单人,有儿童,经济观光,0.37,出行类型=0.2189; 自然兴趣=0.1376; 旅行天数=0.1339,1000,0.8445,0.0144
S0547,standard,我想去罗马玩2天，我们喜欢购物、自然，预算比较宽裕，需要轮椅无障碍设施。,罗马,3,低,"自然,历史",单人,无,户外探险游,0.61,出行类型=0.2189; 自然兴趣=0.1376; 旅行天数=0.1339,2700,0.8445,0.0142
S0630,standard,我想去伦敦玩2天，和家人一起，我们喜欢文化、美食，预算中等。,巴黎,7,高,"文化,美食",朋友,有老人,奢华体验,0.45,出行类型=0.2189; 自然兴趣=0.1376; 旅行天数=0.1339,49000,0.8445,0.0144
B0184,boundary,我想去罗马玩1天，和爱人一起，我们喜欢自然，预算比较有限，有小孩子。,罗马,1,低,文化,单人,无,文化深度游,0.54,出行类型=0.2189; 自然兴趣=0.1376; 旅行天数=0.1339,900,0.8445,0.0139
S0261,standard,我想去伦敦玩1天，和爱人一起，我们喜欢美食，预算比较宽裕，有小孩子。,罗马,2,低,"文化,自然",单人,有儿童,文化深度游,0.39,出行类型=0.2189; 自然兴趣=0.1376; 旅行天数=0.1339,1800,0.8445,0.0145
S0184,standard,我想去罗马玩3天，和爱人一起，我们喜欢购物，预算比较宽裕，需要轮椅无障碍设施。,东京,5,高,"购物,历史",朋友,有老人,奢华体验,0.5,出行类型=0.2189; 自然兴趣=0.1376; 旅行天数=0.1339,28000,0.8445,0.0144
B0078,boundary,我想去纽约玩1天，和爱人一起，我们喜欢美食，预算比较有限，需要轮椅无障碍设施。,纽约,1,低,文化,情侣,轮椅友好,文化深度游,0.54,出行类型=0.2189; 自然兴趣=0.1376; 旅行天数=0.1339,1100,0.8445,0.0146
S0193,standard,我想去纽约玩3天，和家人一起，我们喜欢自然，预算中等，有老人。,巴黎,7,低,历史,朋友,有儿童,文化深度游,0.45,出行类型=0.2189; 自然兴趣=0.1376; 旅行天数=0.1339,7000,0.8445,0.0145
S0456,standard,我想去巴黎玩2天，我们喜欢文化，预算比较宽裕。,纽约,1,中,美食,朋友,有儿童,美食购物游,0.56,出行类型=0.2189; 自然兴趣=0.1376; 旅行天数=0.1339,2600,0.8445,0.0142
S0182,standard,我想去纽约玩3天，和爱人一起，我们喜欢自然，预算比较有限，需要轮椅无障碍设施。,纽约,3,低,自然,朋友,轮椅友好,户外探险游,0.64,出行类型=0.2189; 自然兴趣=0.1376; 旅行天数=0.1339,3300,0.8445,0.0144
S0241,standard,我想去伦敦玩5天，和爱人一起，我们喜欢美食，预算比较有限，需要轮椅无障碍设施。,东京,5,中,"历史,文化",家庭,无,亲子家庭游,0.6,出行类型=0.2189; 自然兴趣=0.1376; 旅行天数=0.1339,9000,0.8445,0.0141
S0415,standard,我想去罗马玩7天，和爱人一起，我们喜欢历史、自然，预算中等，有老人。,罗马,3,低,历史,单人,轮椅友好,文化深度游,0.49,出行类型=0.2189; 自然兴趣=0.1376; 旅行天数=0.1339,2700,0.8445,0.0139
S0639,standard,我想去纽约玩5天，和朋友一起，我们喜欢历史、美食，预算比较有限，需要轮椅无障碍设施。,东京,5,高,"文化,美食",单人,有儿童,奢华体验,0.53,出行类型=0.2189; 自然兴趣=0.1376; 旅行天数=0.1339,28000,0.8445,0.0141
E0069,edge,我想去罗马玩4天，和家人一起，我们喜欢历史，预算中等。,罗马,4,中,历史,家庭,有儿童和老人,文化深度游,0.55,出行类型=0.2189; 自然兴趣=0.1376; 旅行天数=0.1339,8000,0.8445,0.0146
S0560,standard,我想去伦敦玩1天，我们喜欢历史、自然，预算比较宽裕，有老人。,罗马,5,中,"自然,文化",单人,轮椅友好,户外探险游,0.69,出行类型=0.2189; 自然兴趣=0.1376; 旅行天数=0.1339,10000,0.8445,0.0148
S0230,standard,我想去巴黎玩2天，和朋友一起，我们喜欢历史、美食，预算比较宽裕，有小孩子。,巴黎,1,低,"自然,历史",朋友,轮椅友好,文化深度游,0.44,出行类型=0.2189; 自然兴趣=0.1376; 旅行天数=0.1339,1000,0.8445,0.0143
B0040,boundary,我想去东京玩1天，和家人一起，我们喜欢文化，预算比较有限，有小孩子。,伦敦,1,低,文化,家庭,轮椅友好,文化深度游,0.58,出行类型=0.2189; 自然兴趣=0.1376; 旅行天数=0.1339,1040,0.8445,0.0155
E0073,edge,我想去罗马玩4天，和家人一起，我们喜欢历史，预算中等。,罗马,4,中,历史,家庭,有儿童和老人,文化深度游,0.55,出行类型=0.2189; 自然兴趣=0.1376; 旅行天数=0.1339,8000,0.8445,0.0151
S0185,standard,我想去伦敦玩7天，和爱人一起，我们喜欢购物，预算比较有限，需要轮椅无障碍设施。,巴黎,7,中,历史,家庭,轮椅友好,文化深度游,0.52,出行类型=0.2189; 自然兴趣=0.1376; 旅行天数=0.1339,16800,0.8445,0.0148
S0101,standard,我想去纽约玩5天，和爱人一起，我们喜欢美食、购物，预算中等，有小孩子。,纽约,2,高,购物,家庭,无,亲子家庭游,0.62,出行类型=0.2189; 自然兴趣=0.1376; 旅行天数=0.1339,15200,0.8445,0.0154
E0056,edge,我想去东京玩5天，和爱人一起，我们喜欢奢华体验、米其林餐厅，预算比较有限。,东京,5,低,"奢华体验,米其林餐厅",情侣,无,文化深度游,0.23,出行类型=0.2189; 自然兴趣=0.1376; 旅行天数=0.1339,4000,0.8445,0.0143
S0614,standard,我想去纽约玩5天，我们喜欢购物，预算中等，有老人。,伦敦,1,高,"文化,自然",单人,有老人,奢华体验,0.44,出行类型=0.2189; 自然兴趣=0.1376; 旅行天数=0.1339,7000,0.8445,0.0143
S0196,standard,我想去纽约玩3天，和家人一起，我们喜欢自然、美食，预算中等，需要轮椅无障碍设施。,伦敦,5,高,文化,朋友,无,奢华体验,0.44,出行类型=0.2189; 自然兴趣=0.1376; 旅行天数=0.1339,35000,0.8445,0.0153
S0656,standard,我想去纽约玩2天，我们喜欢美食，预算中等。,东京,3,高,自然,朋友,有儿童,户外探险游,0.58,出行类型=0.2189; 自然兴趣=0.1376; 旅行天数=0.1339,16800,0.8445,0.0153
E0094,edge,我想去罗马玩4天，和家人一起，我们喜欢历史，预算中等。,罗马,4,中,历史,家庭,有儿童和老人,文化深度游,0.55,出行类型=0.2189; 自然兴趣=0.1376; 旅行天数=0.1339,8000,0.8445,0.0164
S0426,standard,我想去东京玩3天，我们喜欢购物、美食，预算中等，有老人。,巴黎,1,高,"文化,美食",家庭,有老人,亲子家庭游,0.45,出行类型=0.2189; 自然兴趣=0.1376; 旅行天数=0.1339,7000,0.8445,0.0158
S0463,standard,我想去东京玩5天，我们喜欢美食、自然，预算中等，有老人。,东京,7,高,文化,朋友,有老人,奢华体验,0.48,出行类型=0.2189; 自然兴趣=0.1376; 旅行天数=0.1339,39200,0.8445,0.0147
S0092,standard,我想去纽约玩7天，和朋友一起，我们喜欢美食，预算比较有限，有小孩子。,伦敦,5,高,历史,情侣,轮椅友好,情侣浪漫游,0.51,出行类型=0.2189; 自然兴趣=0.1376; 旅行天数=0.1339,35000,0.8445,0.0151
B0050,boundary,我想去巴黎玩1天，我们喜欢自然，预算比较有限。,伦敦,1,低,美食,家庭,有儿童,美食购物游,0.59,出行类型=0.2189; 自然兴趣=0.1376; 旅行天数=0.1339,1040,0.8445,0.015
S0583,standard,我想去罗马玩1天，和家人一起，我们喜欢美食、文化，预算中等，有小孩子。,东京,5,中,购物,朋友,无,美食购物游,0.44,出行类型=0.2189; 自然兴趣=0.1376; 旅行天数=0.1339,9000,0.8445,0.0144
S0428,standard,我想去东京玩2天，和家人一起，我们喜欢文化、美食，预算比较宽裕。,巴黎,2,中,"文化,购物",朋友,无,文化深度游,0.49,出行类型=0.2189; 自然兴趣=0.1376; 旅行天数=0.1339,4800,0.8445,0.0149
E0001,edge,我想去巴黎玩3天，我们喜欢什么都想看看，预算中等。,巴黎,3,中,什么都想看看,单人,无,文化深度游,0.31,出行类型=0.2189; 自然兴趣=0.1376; 旅行天数=0.1339,7200,0.8445,0.0145
S0641,standard,我想去巴黎玩3天，和爱人一起，我们喜欢购物，预算比较宽裕，需要轮椅无障碍设施。,巴黎,7,高,"文化,购物",朋友,有儿童,奢华体验,0.43,出行类型=0.2189; 自然兴趣=0.1376; 旅行天数=0.1339,49000,0.8445,0.0142
S0148,standard,我想去罗马玩2天，我们喜欢自然，预算比较宽裕，需要轮椅无障碍设施。,纽约,7,高,"文化,历史",情侣,轮椅友好,情侣浪漫游,0.5,出行类型=0.2189; 自然兴趣=0.1376; 旅行天数=0.1339,53200,0.8445,0.0145
S0601,standard,我想去巴黎玩3天，我们喜欢自然，预算比较宽裕。,纽约,2,中,文化,单人,有儿童,文化深度游,0.61,出行类型=0.2189; 自然兴趣=0.1376; 旅行天数=0.1339,5200,0.8445,0.0143
B0106,boundary,我想去罗马玩1天，我们喜欢购物，预算比较有限，有小孩子。,纽约,1,低,美食,朋友,轮椅友好,美食购物游,0.55,出行类型=0.2189; 自然兴趣=0.1376; 旅行天数=0.1339,1100,0.8445,0.0139
S0215,standard,我想去东京玩3天，和爱人一起，我们喜欢购物，预算中等，有小孩子。,纽约,7,低,"购物,自然",情侣,有儿童,户外探险游,0.63,出行类型=0.2189; 自然兴趣=0.1376; 旅行天数=0.1339,7700,0.8445,0.0142
B0052,boundary,我想去巴黎玩1天，和朋友一起，我们喜欢美食，预算比较有限，需要轮椅无障碍设施。,罗马,1,低,购物,朋友,有老人,美食购物游,0.44,出行类型=0.2189; 自然兴趣=0.1376; 旅行天数=0.1339,900,0.8445,0.0151
E0092,edge,我想去伦敦玩3天，和朋友一起，我们喜欢文化，不太确定。,伦敦,3,不太确定,文化,朋友,无,文化深度游,0.49,出行类型=0.2189; 自然兴趣=0.1376; 旅行天数=0.1339,5400,0.8445,0.0143
S0658,standard,我想去罗马玩5天，和朋友一起，我们喜欢自然、购物，预算比较宽裕，需要轮椅无障碍设施。,巴黎,2,高,"历史,自然",朋友,有老人,奢华体验,0.41,出行类型=0.2189; 自然兴趣=0.1376; 旅行天数=0.1339,14000,0.8445,0.0143
S0296,standard,我想去东京玩1天，和家人一起，我们喜欢美食，预算比较宽裕，需要轮椅无障碍设施。,东京,5,中,"购物,美食",单人,有儿童,美食购物游,0.51,出行类型=0.2189; 自然兴趣=0.1376; 旅行天数=0.1339,9000,0.8445,0.0144
B0180,boundary,我想去纽约玩1天，和爱人一起，我们喜欢自然，预算比较有限，有小孩子。,伦敦,1,低,历史,朋友,轮椅友好,文化深度游,0.53,出行类型=0.2189; 自然兴趣=0.1376; 旅行天数=0.1339,1040,0.8445,0.0141
S0002,standard,我想去东京玩1天，我们喜欢文化、自然，预算比较宽裕，有小孩子。,纽约,1,中,"购物,自然",朋友,轮椅友好,美食购物游,0.39,出行类型=0.2189; 自然兴趣=0.1376; 旅行天数=0.1339,2600,0.8445,0.0142
B0125,boundary,我想去东京玩7天，和朋友一起，我们喜欢自然，预算比较宽裕，有老人。,罗马,7,高,文化,家庭,无,亲子家庭游,0.63,出行类型=0.2189; 自然兴趣=0.1376; 旅行天数=0.1339,42000,0.8445,0.015
S0649,standard,我想去伦敦玩7天，和朋友一起，我们喜欢文化，预算比较宽裕，有小孩子。,纽约,2,高,文化,朋友,有老人,奢华体验,0.51,出行类型=0.2189; 自然兴趣=0.1376; 旅行天数=0.1339,15200,0.8445,0.0142
S0448,standard,我想去纽约玩1天，和家人一起，我们喜欢历史、美食，预算比较有限，有小孩子。,伦敦,7,低,"历史,美食",朋友,轮椅友好,经济观光,0.32,出行类型=0.2189; 自然兴趣=0.1376; 旅行天数=0.1339,7280,0.8445,0.0147
B0130,boundary,我想去罗马玩7天，我们喜欢文化，预算比较宽裕，需要轮椅无障碍设施。,伦敦,7,高,购物,朋友,轮椅友好,奢华体验,0.37,出行类型=0.2189; 自然兴趣=0.1376; 旅行天数=0.1339,49000,0.8445,0.0141
S0189,standard,我想去罗马玩1天，和朋友一起，我们喜欢美食，预算比较宽裕，有小孩子。,东京,2,高,"自然,购物",情侣,有老人,情侣浪漫游,0.52,出行类型=0.2189; 自然兴趣=0.1376; 旅行天数=0.1339,11200,0.8445,0.0144
S0693,standard,我想去纽约玩3天，和朋友一起，我们喜欢自然，预算比较有限，有小孩子。,巴黎,3,中,自然,情侣,轮椅友好,户外探险游,0.66,出行类型=0.2189; 自然兴趣=0.1376; 旅行天数=0.1339,7200,0.8445,0.0145
B0161,boundary,我想去巴黎玩7天，和爱人一起，我们喜欢文化，预算比较宽裕，需要轮椅无障碍设施。,罗马,7,高,购物,朋友,有老人,奢华体验,0.37,出行类型=0.2189; 自然兴趣=0.1376; 旅行天数=0.1339,42000,0.8445,0.0141
S0437,standard,我想去纽约玩2天，和朋友一起，我们喜欢文化，预算比较宽裕，有小孩子。,东京,5,中,美食,情侣,轮椅友好,美食购物游,0.51,出行类型=0.2189; 自然兴趣=0.1376; 旅行天数=0.1339,9000,0.8445,0.0142
S0225,standard,我想去伦敦玩1天，和朋友一起，我们喜欢自然，预算比较宽裕。,罗马,1,中,"文化,美食",单人,有儿童,文化深度游,0.52,出行类型=0.2189; 自然兴趣=0.1376; 旅行天数=0.1339,2000,0.8445,0.014
S0391,standard,我想去巴黎玩2天，和家人一起，我们喜欢美食、购物，预算比较有限，有小孩子。,伦敦,5,中,自然,情侣,有老人,户外探险游,0.68,出行类型=0.2189; 自然兴趣=0.1376; 旅行天数=0.1339,12000,0.8445,0.0145
S0342,standard,我想去巴黎玩7天，和爱人一起，我们喜欢美食、自然，预算中等。,纽约,7,高,购物,情侣,有儿童,情侣浪漫游,0.5,出行类型=0.2189; 自然兴趣=0.1376; 旅行天数=0.1339,53200,0.8445,0.0138
S0509,standard,我想去罗马玩5天，和朋友一起，我们喜欢美食、购物，预算中等，需要轮椅无障碍设施。,罗马,1,低,历史,朋友,轮椅友好,文化深度游,0.53,出行类型=0.2189; 自然兴趣=0.1376; 旅行天数=0.1339,900,0.8445,0.0144
B0066,boundary,我想去巴黎玩7天，和家人一起，我们喜欢购物，预算中等，需要轮椅无障碍设施。,罗马,7,中,购物,朋友,有儿童,美食购物游,0.45,出行类型=0.2189; 自然兴趣=0.1376; 旅行天数=0.1339,14000,0.8445,0.0143
S0564,standard,我想去罗马玩7天，和家人一起，我们喜欢文化，预算比较宽裕，有小孩子。,东京,2,低,"自然,文化",情侣,有老人,文化深度游,0.38,出行类型=0.2189; 自然兴趣=0.1376; 旅行天数=0.1339,1600,0.8445,0.0143
S0009,standard,我想去巴黎玩1天，和朋友一起，我们喜欢美食、历史，预算比较宽裕，有老人。,伦敦,1,中,"历史,文化",朋友,轮椅友好,文化深度游,0.68,出行类型=0.2189; 自然兴趣=0.1376; 旅行天数=0.1339,2400,0.8445,0.0148
S0149,standard,我想去东京玩2天，我们喜欢美食、自然，预算比较有限。,巴黎,5,低,美食,朋友,有老人,美食购物游,0.51,出行类型=0.2189; 自然兴趣=0.1376; 旅行天数=0.1339,5000,0.8445,0.0152
B0185,boundary,我想去巴黎玩7天，和朋友一起，我们喜欢文化，预算中等，有老人。,纽约,7,中,购物,情侣,有老人,美食购物游,0.46,出行类型=0.2189; 自然兴趣=0.1376; 旅行天数=0.1339,18200,0.8445,0.0155
S0673,standard,我想去罗马玩7天，和爱人一起，我们喜欢自然、文化，预算比较有限。,巴黎,1,高,"自然,文化",情侣,无,情侣浪漫游,0.54,出行类型=0.2189; 自然兴趣=0.1376; 旅行天数=0.1339,7000,0.8445,0.0159
S0281,standard,我想去伦敦玩3天，和爱人一起，我们喜欢历史，预算比较宽裕，需要轮椅无障碍设施。,东京,2,中,历史,朋友,轮椅友好,文化深度游,0.62,出行类型=0.2189; 自然兴趣=0.1376; 旅行天数=0.1339,3600,0.8445,0.0149
E0090,edge,我想去巴黎玩3天，我们喜欢什么都想看看，预算中等。,巴黎,3,中,什么都想看看,单人,无,文化深度游,0.31,出行类型=0.2189; 自然兴趣=0.1376; 旅行天数=0.1339,7200,0.8445,0.014
B0190,boundary,我想去罗马玩1天，我们喜欢文化，预算比较有限，有小孩子。,纽约,1,低,自然,单人,轮椅友好,经济观光,0.37,出行类型=0.2189; 自然兴趣=0.1376; 旅行天数=0.1339,1100,0.8445,0.0142
S0117,standard,我想去罗马玩1天，和爱人一起，我们喜欢自然，预算中等，需要轮椅无障碍设施。,东京,3,低,"历史,自然",单人,有老人,户外探险游,0.62,出行类型=0.2189; 自然兴趣=0.1376; 旅行天数=0.1339,2400,0.8445,0.0149
B0137,boundary,我想去巴黎玩1天，我们喜欢购物，预算比较有限。,巴黎,1,低,自然,朋友,轮椅友好,经济观光,0.33,出行类型=0.2189; 自然兴趣=0.1376; 旅行天数=0.1339,1000,0.8445,0.0148
S0166,standard,我想去东京玩3天，我们喜欢历史、购物，预算中等，需要轮椅无障碍设施。,巴黎,5,低,"美食,文化",家庭,有老人,亲子家庭游,0.43,出行类型=0.2189; 自然兴趣=0.1376; 旅行天数=0.1339,5000,0.8445,0.0156
B0029,boundary,我想去纽约玩1天，和家人一起，我们喜欢购物，预算比较有限，有小孩子。,伦敦,1,低,美食,家庭,有儿童,美食购物游,0.59,出行类型=0.2189; 自然兴趣=0.1376; 旅行天数=0.1339,1040,0.8445,0.0151
S0203,standard,我想去东京玩7天，和家人一起，我们喜欢购物、历史，预算比较宽裕，有小孩子。,巴黎,5,低,"美食,历史",朋友,无,经济观光,0.31,出行类型=0.2189; 自然兴趣=0.1376; 旅行天数=0.1339,5000,0.8445,0.0151
S0273,standard,我想去伦敦玩3天，和爱人一起，我们喜欢购物，预算比较有限。,东京,7,高,历史,朋友,有老人,奢华体验,0.48,出行类型=0.2189; 自然兴趣=0.1376; 旅行天数=0.1339,39200,0.8445,0.0146
S0135,standard,我想去巴黎玩7天，和朋友一起，我们喜欢购物、自然，预算比较宽裕，需要轮椅无障碍设施。,巴黎,5,中,购物,单人,轮椅友好,美食购物游,0.45,出行类型=0.2189; 自然兴趣=0.1376; 旅行天数=0.1339,12000,0.8445,0.0151
S0394,standard,我想去东京玩2天，和爱人一起，我们喜欢历史、文化，预算中等，有小孩子。,巴黎,3,高,文化,情侣,无,情侣浪漫游,0.51,出行类型=0.2189; 自然兴趣=0.1376; 旅行天数=0.1339,21000,0.8445,0.0144
B0075,boundary,我想去巴黎玩1天，和朋友一起，我们喜欢自然，预算比较有限，需要轮椅无障碍设施。,罗马,1,低,历史,朋友,有儿童,文化深度游,0.53,出行类型=0.2189; 自然兴趣=0.1376; 旅行天数=0.1339,900,0.8445,0.0155
S0295,standard,我想去纽约玩3天，和朋友一起，我们喜欢自然，预算中等，需要轮椅无障碍设施。,巴黎,7,中,"购物,自然",情侣,有儿童,户外探险游,0.65,出行类型=0.2189; 自然兴趣=0.1376; 旅行天数=0.1339,16800,0.8445,0.0159
E0011,edge,我想去巴黎玩3天，我们喜欢什么都想看看，预算中等。,巴黎,3,中,什么都想看看,单人,无,文化深度游,0.31,出行类型=0.2189; 自然兴趣=0.1376; 旅行天数=0.1339,7200,0.8445,0.0153
B0193,boundary,我想去罗马玩7天，和爱人一起，我们喜欢文化，预算比较宽裕，有老人。,纽约,7,高,自然,单人,有老人,户外探险游,0.64,出行类型=0.2189; 自然兴趣=0.1376; 旅行天数=0.1339,53200,0.8445,0.015
S0057,standard,我想去东京玩3天，和爱人一起，我们喜欢自然、历史，预算比较宽裕，需要轮椅无障碍设施。,伦敦,7,中,"购物,文化",情侣,有老人,文化深度游,0.42,出行类型=0.2189; 自然兴趣=0.1376; 旅行天数=0.1339,16800,0.8445,0.0145
E0010,edge,我想去东京玩5天，和爱人一起，我们喜欢奢华体验、米其林餐厅，预算比较有限。,东京,5,低,"奢华体验,米其林餐厅",情侣,无,文化深度游,0.23,出行类型=0.2189; 自然兴趣=0.1376; 旅行天数=0.1339,4000,0.8445,0.0149
S0683,standard,我想去纽约玩2天，和家人一起，我们喜欢自然、美食，预算比较宽裕，有小孩子。,东京,7,中,"文化,历史",单人,有老人,文化深度游,0.54,出行类型=0.2189; 自然兴趣=0.1376; 旅行天数=0.1339,12600,0.8445,0.0149
E0059,edge,我想去东京玩5天，和爱人一起，我们喜欢奢华体验、米其林餐厅，预算比较有限。,东京,5,低,"奢华体验,米其林餐厅",情侣,无,文化深度游,0.23,出行类型=0.2189; 自然兴趣=0.1376; 旅行天数=0.1339,4000,0.8445,0.0148
S0414,standard,我想去东京玩2天，和爱人一起，我们喜欢购物、美食，预算比较宽裕，有小孩子。,巴黎,3,低,"购物,自然",情侣,轮椅友好,户外探险游,0.61,出行类型=0.2189; 自然兴趣=0.1376; 旅行天数=0.1339,3000,0.8445,0.0153
B0183,boundary,我想去伦敦玩7天，我们喜欢美食，预算中等。,东京,7,中,文化,情侣,有儿童,文化深度游,0.49,出行类型=0.2189; 自然兴趣=0.1376; 旅行天数=0.1339,12600,0.8445,0.0146
S0419,standard,我想去纽约玩3天，和朋友一起，我们喜欢文化、购物，预算中等。,巴黎,7,中,"自然,购物",情侣,有儿童,户外探险游,0.65,出行类型=0.2189; 自然兴趣=0.1376; 旅行天数=0.1339,16800,0.8445,0.0137
S0068,standard,我想去纽约玩2天，和家人一起，我们喜欢历史、文化，预算比较宽裕，有小孩子。,东京,5,低,购物,家庭,有儿童,美食购物游,0.56,出行类型=0.2189; 自然兴趣=0.1376; 旅行天数=0.1339,4000,0.8445,0.0149
S0469,standard,我想去罗马玩1天，和朋友一起，我们喜欢美食，预算比较有限，需要轮椅无障碍设施。,东京,2,低,"文化,美食",单人,有老人,经济观光,0.39,出行类型=0.2189; 自然兴趣=0.1376; 旅行天数=0.1339,1600,0.8445,0.0148
S0465,standard,我想去罗马玩7天，和爱人一起，我们喜欢购物、文化，预算比较有限，有小孩子。,伦敦,1,高,文化,家庭,有老人,文化深度游,0.44,出行类型=0.2189; 自然兴趣=0.1376; 旅行天数=0.1339,7000,0.8445,0.0151
B0124,boundary,我想去东京玩1天，我们喜欢文化，预算比较有限。,伦敦,1,低,购物,朋友,轮椅友好,美食购物游,0.44,出行类型=0.2189; 自然兴趣=0.1376; 旅行天数=0.1339,1040,0.8445,0.0155
S0548,standard,我想去东京玩5天，我们喜欢历史、购物，预算中等，需要轮椅无障碍设施。,罗马,2,低,"美食,购物",朋友,无,美食购物游,0.54,出行类型=0.2189; 自然兴趣=0.1376; 旅行天数=0.1339,1800,0.8445,0.0149
S0651,standard,我想去罗马玩5天，和爱人一起，我们喜欢历史，预算比较有限。,巴黎,7,高,"历史,美食",单人,无,奢华体验,0.48,出行类型=0.2189; 自然兴趣=0.1376; 旅行天数=0.1339,49000,0.8445,0.0144
S0406,standard,我想去纽约玩2天，我们喜欢自然，预算比较有限。,伦敦,3,中,"自然,购物",情侣,有老人,户外探险游,0.63,出行类型=0.2189; 自然兴趣=0.1376; 旅行天数=0.1339,7200,0.8445,0.0141
B0086,boundary,我想去巴黎玩1天，和爱人一起，我们喜欢文化，预算比较有限，有小孩子。,巴黎,1,低,历史,单人,有老人,文化深度游,0.54,出行类型=0.2189; 自然兴趣=0.1376; 旅行天数=0.1339,1000,0.8445,0.014
S0217,standard,我想去罗马玩5天，我们喜欢美食，预算中等，有老人。,罗马,5,低,"历史,文化",单人,轮椅友好,文化深度游,0.54,出行类型=0.2189; 自然兴趣=0.1376; 旅行天数=0.1339,4500,0.8445,0.014
S0621,standard,我想去巴黎玩5天，和爱人一起，我们喜欢自然，预算比较有限，需要轮椅无障碍设施。,伦敦,2,高,购物,情侣,有老人,情侣浪漫游,0.51,出行类型=0.2189; 自然兴趣=0.1376; 旅行天数=0.1339,14000,0.8445,0.014
E0004,edge,我想去伦敦玩3天，和朋友一起，我们喜欢文化，不太确定。,伦敦,3,不太确定,文化,朋友,无,文化深度游,0.49,出行类型=0.2189; 自然兴趣=0.1376; 旅行天数=0.1339,5400,0.8445,0.014
S0409,standard,我想去巴黎玩7天，我们喜欢文化、美食，预算比较宽裕，有老人。,伦敦,7,低,历史,朋友,无,文化深度游,0.43,出行类型=0.2189; 自然兴趣=0.1376; 旅行天数=0.1339,7280,0.8445,0.0138
S0156,standard,我想去纽约玩5天，我们喜欢文化、自然，预算中等，有老人。,伦敦,7,高,"购物,美食",单人,有老人,奢华体验,0.43,出行类型=0.2189; 自然兴趣=0.1376; 旅行天数=0.1339,49000,0.8445,0.0143
E0063,edge,我想去罗马玩4天，和家人一起，我们喜欢历史，预算中等。,罗马,4,中,历史,家庭,有儿童和老人,文化深度游,0.55,出行类型=0.2189; 自然兴趣=0.1376; 旅行天数=0.1339,8000,0.8445,0.0142
E0023,edge,我想去东京玩5天，和爱人一起，我们喜欢奢华体验、米其林餐厅，预算比较有限。,东京,5,低,"奢华体验,米其林餐厅",情侣,无,文化深度游,0.23,出行类型=0.2189; 自然兴趣=0.1376; 旅行天数=0.1339,4000,0.8445,0.0147
S0411,standard,我想去纽约玩1天，和家人一起，我们喜欢文化、自然，预算中等。,纽约,3,高,自然,单人,有老人,户外探险游,0.62,出行类型=0.2189; 自然兴趣=0.1376; 旅行天数=0.1339,22800,0.8445,0.0152
S0518,standard,我想去巴黎玩3天，和朋友一起，我们喜欢文化、历史，预算比较宽裕，有老人。,罗马,7,高,美食,家庭,有老人,美食购物游,0.5,出行类型=0.2189; 自然兴趣=0.1376; 旅行天数=0.1339,42000,0.8445,0.0148
S0396,standard,我想去东京玩3天，和朋友一起，我们喜欢美食，预算中等，有老人。,纽约,5,中,文化,朋友,无,文化深度游,0.47,出行类型=0.2189; 自然兴趣=0.1376; 旅行天数=0.1339,13000,0.8445,0.0146
S0001,standard,我想去东京玩5天，和家人一起，我们喜欢自然，预算比较有限，有小孩子。,巴黎,2,低,文化,朋友,轮椅友好,文化深度游,0.49,出行类型=0.2189; 自然兴趣=0.1376; 旅行天数=0.1339,2000,0.8445,0.0145
S0249,standard,我想去纽约玩1天，和家人一起，我们喜欢自然，预算比较宽裕，有老人。,伦敦,7,低,美食,朋友,轮椅友好,美食购物游,0.5,出行类型=0.2189; 自然兴趣=0.1376; 旅行天数=0.1339,7280,0.8445,0.0142
E0044,edge,我想去东京玩5天，和爱人一起，我们喜欢奢华体验、米其林餐厅，预算比较有限。,东京,5,低,"奢华体验,米其林餐厅",情侣,无,文化深度游,0.23,出行类型=0.2189; 自然兴趣=0.1376; 旅行天数=0.1339,4000,0.8445,0.0142
S0331,standard,我想去纽约玩2天，和朋友一起，我们喜欢自然、购物，预算中等，有老人。,纽约,2,高,文化,单人,轮椅友好,奢华体验,0.58,出行类型=0.2189; 自然兴趣=0.1376; 旅行天数=0.1339,15200,0.8445,0.0139
S0489,standard,我想去纽约玩3天，和朋友一起，我们喜欢美食，预算比较有限，有老人。,纽约,3,中,"文化,自然",朋友,无,户外探险游,0.62,出行类型=0.2189; 自然兴趣=0.1376; 旅行天数=0.1339,7800,0.8445,0.0142
S0594,standard,我想去巴黎玩5天，和爱人一起，我们喜欢美食、历史，预算中等，有老人。,东京,2,中,自然,家庭,无,亲子家庭游,0.64,出行类型=0.2189; 自然兴趣=0.1376; 旅行天数=0.1339,3600,0.8445,0.0139
S0395,standard,我想去纽约玩2天，和家人一起，我们喜欢自然、美食，预算比较有限，有小孩子。,伦敦,1,低,美食,朋友,无,美食购物游,0.54,出行类型=0.2189; 自然兴趣=0.1376; 旅行天数=0.1339,1040,0.8445,0.0141
S0383,standard,我想去纽约玩1天，和朋友一起，我们喜欢购物、历史，预算比较有限。,伦敦,3,低,历史,朋友,无,文化深度游,0.45,出行类型=0.2189; 自然兴趣=0.1376; 旅行天数=0.1339,3120,0.8445,0.0139
S0470,standard,我想去巴黎玩1天，和朋友一起，我们喜欢购物，预算中等，需要轮椅无障碍设施。,东京,7,高,自然,单人,有老人,户外探险游,0.64,出行类型=0.2189; 自然兴趣=0.1376; 旅行天数=0.1339,39200,0.8445,0.0139
S0604,standard,我想去巴黎玩5天，我们喜欢购物、美食，预算比较宽裕，有老人。,巴黎,3,低,"美食,文化",朋友,有儿童,经济观光,0.32,出行类型=0.2189; 自然兴趣=0.1376; 旅行天数=0.1339,3000,0.8445,0.0138
S0508,standard,我想去纽约玩3天，和家人一起，我们喜欢历史、文化，预算中等。,罗马,1,高,"自然,文化",单人,无,奢华体验,0.46,出行类型=0.2189; 自然兴趣=0.1376; 旅行天数=0.1339,6000,0.8445,0.0147
S0363,standard,我想去纽约玩1天，和朋友一起，我们喜欢文化，预算比较宽裕，需要轮椅无障碍设施。,东京,7,高,"自然,购物",情侣,有儿童,情侣浪漫游,0.5,出行类型=0.2189; 自然兴趣=0.1376; 旅行天数=0.1339,39200,0.8445,0.0147
S0058,standard,我想去罗马玩7天，和朋友一起，我们喜欢购物、文化，预算比较宽裕，有老人。,伦敦,7,高,自然,家庭,有儿童,户外探险游,0.46,出行类型=0.2189; 自然兴趣=0.1376; 旅行天数=0.1339,49000,0.8445,0.0146
S0405,standard,我想去东京玩1天，和家人一起，我们喜欢美食，预算比较有限。,纽约,7,高,购物,单人,有儿童,奢华体验,0.46,出行类型=0.2189; 自然兴趣=0.1376; 旅行天数=0.1339,53200,0.8445,0.0146
S0542,standard,我想去巴黎玩5天，和朋友一起，我们喜欢购物、自然，预算比较有限，有小孩子。,东京,7,低,自然,情侣,无,户外探险游,0.63,出行类型=0.2189; 自然兴趣=0.1376; 旅行天数=0.1339,5600,0.8445,0.014
S0587,standard,我想去巴黎玩7天，和家人一起，我们喜欢购物、美食，预算中等，有小孩子。,东京,1,低,美食,单人,有老人,美食购物游,0.54,出行类型=0.2189; 自然兴趣=0.1376; 旅行天数=0.1339,800,0.8445,0.0136
E0062,edge,我想去纽约玩1天，我们喜欢文化、美食、购物、历史，预算比较宽裕。,纽约,1,高,"文化,美食,购物,历史",单人,无,奢华体验,0.55,出行类型=0.2189; 自然兴趣=0.1376; 旅行天数=0.1339,7600,0.8445,0.0142
S0270,standard,我想去东京玩5天，和朋友一起，我们喜欢历史、自然，预算比较有限，有小孩子。,东京,1,中,"自然,文化",朋友,有儿童,文化深度游,0.52,出行类型=0.2189; 自然兴趣=0.1376; 旅行天数=0.1339,1800,0.8445,0.0138
S0157,standard,我想去伦敦玩1天，和爱人一起，我们喜欢美食，预算比较宽裕，有小孩子。,纽约,7,低,"文化,历史",朋友,轮椅友好,文化深度游,0.49,出行类型=0.2189; 自然兴趣=0.1376; 旅行天数=0.1339,7700,0.8445,0.0145
B0172,boundary,我想去纽约玩7天，和爱人一起，我们喜欢自然，预算比较宽裕，有老人。,伦敦,7,高,文化,情侣,有老人,情侣浪漫游,0.51,出行类型=0.2189; 自然兴趣=0.1376; 旅行天数=0.1339,49000,0.8445,0.0142
B0151,boundary,我想去伦敦玩1天，和朋友一起，我们喜欢购物，预算比较有限。,伦敦,1,低,历史,单人,有老人,文化深度游,0.54,出行类型=0.2189; 自然兴趣=0.1376; 旅行天数=0.1339,1040,0.8445,0.0141
B0179,boundary,我想去东京玩1天，和朋友一起，我们喜欢文化，预算比较有限，需要轮椅无障碍设施。,纽约,1,低,历史,单人,无,文化深度游,0.54,出行类型=0.2189; 自然兴趣=0.1376; 旅行天数=0.1339,1100,0.8445,0.0139
S0284,standard,我想去东京玩1天，和家人一起，我们喜欢美食、购物，预算比较有限，有小孩子。,罗马,3,低,"购物,历史",情侣,有老人,经济观光,0.35,出行类型=0.2189; 自然兴趣=0.1376; 旅行天数=0.1339,2700,0.8445,0.0142
S0652,standard,我想去纽约玩1天，和朋友一起，我们喜欢美食，预算比较有限，需要轮椅无障碍设施。,罗马,3,高,"美食,购物",单人,有老人,奢华体验,0.44,出行类型=0.2189; 自然兴趣=0.1376; 旅行天数=0.1339,18000,0.8445,0.0137
S0323,standard,我想去巴黎玩7天，我们喜欢购物，预算比较宽裕。,纽约,3,高,文化,单人,有儿童,奢华体验,0.51,出行类型=0.2189; 自然兴趣=0.1376; 旅行天数=0.1339,22800,0.8445,0.0139
S0590,standard,我想去伦敦玩1天，和爱人一起，我们喜欢历史、美食，预算中等，需要轮椅无障碍设施。,东京,1,低,"美食,文化",情侣,有老人,经济观光,0.37,出行类型=0.2189; 自然兴趣=0.1376; 旅行天数=0.1339,800,0.8445,0.0141
B0090,boundary,我想去东京玩7天，我们喜欢美食，预算中等，有小孩子。,伦敦,7,中,美食,单人,无,美食购物游,0.47,出行类型=0.2189; 自然兴趣=0.1376; 旅行天数=0.1339,16800,0.8445,0.0142
S0412,standard,我想去纽约玩3天，和朋友一起，我们喜欢历史、购物，预算中等，需要轮椅无障碍设施。,纽约,7,高,"历史,自然",家庭,轮椅友好,文化深度游,0.39,出行类型=0.2189; 自然兴趣=0.1376; 旅行天数=0.1339,53200,0.8445,0.014
S0202,standard,我想去巴黎玩1天，和爱人一起，我们喜欢自然，预算比较宽裕。,巴黎,7,高,"历史,自然",朋友,有老人,户外探险游,0.61,出行类型=0.2189; 自然兴趣=0.1376; 旅行天数=0.1339,49000,0.8445,0.0148
B0063,boundary,我想去东京玩7天，我们喜欢文化，预算中等，需要轮椅无障碍设施。,纽约,7,中,历史,家庭,有老人,文化深度游,0.53,出行类型=0.2189; 自然兴趣=0.1376; 旅行天数=0.1339,18200,0.8445,0.0138
E0028,edge,我想去伦敦玩3天，和朋友一起，我们喜欢文化，不太确定。,伦敦,3,不太确定,文化,朋友,无,文化深度游,0.49,出行类型=0.2189; 自然兴趣=0.1376; 旅行天数=0.1339,5400,0.8445,0.0139
S0302,standard,我想去纽约玩7天，和家人一起，我们喜欢文化、自然，预算中等，需要轮椅无障碍设施。,罗马,1,中,"历史,美食",情侣,轮椅友好,文化深度游,0.52,出行类型=0.2189; 自然兴趣=0.1376; 旅行天数=0.1339,2000,0.8445,0.0146
E0087,edge,我想去罗马玩4天，和家人一起，我们喜欢历史，预算中等。,罗马,4,中,历史,家庭,有儿童和老人,文化深度游,0.55,出行类型=0.2189; 自然兴趣=0.1376; 旅行天数=0.1339,8000,0.8445,0.015
B0109,boundary,我想去东京玩1天，和朋友一起，我们喜欢文化，预算比较有限，有老人。,伦敦,1,低,购物,朋友,无,美食购物游,0.43,出行类型=0.2189; 自然兴趣=0.1376; 旅行天数=0.1339,1040,0.8445,0.0145
S0635,standard,我想去罗马玩5天，和朋友一起，我们喜欢历史，预算中等，需要轮椅无障碍设施。,纽约,3,高,美食,家庭,有老人,美食购物游,0.51,出行类型=0.2189; 自然兴趣=0.1376; 旅行天数=0.1339,22800,0.8445,0.015
S0525,standard,我想去东京玩3天，我们喜欢文化，预算比较有限。,东京,1,中,"历史,购物",单人,有儿童,文化深度游,0.55,出行类型=0.2189; 自然兴趣=0.1376; 旅行天数=0.1339,1800,0.8445,0.0145
S0357,standard,我想去东京玩1天，和朋友一起，我们喜欢购物、文化，预算比较有限，需要轮椅无障碍设施。,伦敦,2,低,"购物,历史",朋友,无,经济观光,0.43,出行类型=0.2189; 自然兴趣=0.1376; 旅行天数=0.1339,2080,0.8445,0.0148
S0260,standard,我想去巴黎玩7天，和家人一起，我们喜欢自然、购物，预算中等，需要轮椅无障碍设施。,巴黎,2,高,自然,朋友,有老人,奢华体验,0.39,出行类型=0.2189; 自然兴趣=0.1376; 旅行天数=0.1339,14000,0.8445,0.0143
B0027,boundary,我想去东京玩7天，和朋友一起，我们喜欢文化，预算比较宽裕。,巴黎,7,高,历史,朋友,无,奢华体验,0.43,出行类型=0.2189; 自然兴趣=0.1376; 旅行天数=0.1339,49000,0.8445,0.0146
S0338,standard,我想去罗马玩1天，我们喜欢文化、自然，预算中等。,伦敦,5,高,美食,家庭,有老人,美食购物游,0.51,出行类型=0.2189; 自然兴趣=0.1376; 旅行天数=0.1339,35000,0.8445,0.0144
B0182,boundary,我想去纽约玩7天，和家人一起，我们喜欢历史，预算比较有限，有小孩子。,东京,7,低,美食,朋友,轮椅友好,美食购物游,0.5,出行类型=0.2189; 自然兴趣=0.1376; 旅行天数=0.1339,5600,0.8445,0.014
B0128,boundary,我想去纽约玩1天，和朋友一起，我们喜欢美食，预算比较有限，有老人。,巴黎,1,低,自然,情侣,轮椅友好,经济观光,0.33,出行类型=0.2189; 自然兴趣=0.1376; 旅行天数=0.1339,1000,0.8445,0.0145
S0144,standard,我想去罗马玩1天，和家人一起，我们喜欢文化、美食，预算比较有限。,巴黎,5,低,历史,朋友,有老人,文化深度游,0.47,出行类型=0.2189; 自然兴趣=0.1376; 旅行天数=0.1339,5000,0.8445,0.0146
S0563,standard,我想去罗马玩3天，和家人一起，我们喜欢美食、文化，预算比较宽裕，有老人。,东京,2,中,"自然,购物",单人,有老人,美食购物游,0.33,出行类型=0.2189; 自然兴趣=0.1376; 旅行天数=0.1339,3600,0.8445,0.015
B0093,boundary,我想去纽约玩1天，和朋友一起，我们喜欢历史，预算比较有限。,纽约,1,低,历史,朋友,有儿童,文化深度游,0.54,出行类型=0.2189; 自然兴趣=0.1376; 旅行天数=0.1339,1100,0.8445,0.0143
S0599,standard,我想去罗马玩2天，和朋友一起，我们喜欢购物、自然，预算比较有限。,东京,5,低,购物,家庭,有儿童,美食购物游,0.56,出行类型=0.2189; 自然兴趣=0.1376; 旅行天数=0.1339,4000,0.8445,0.0141
S0080,standard,我想去巴黎玩7天，和爱人一起，我们喜欢历史，预算中等，有小孩子。,纽约,7,中,"美食,历史",单人,轮椅友好,文化深度游,0.39,出行类型=0.2189; 自然兴趣=0.1376; 旅行天数=0.1339,18200,0.8445,0.0141
B0017,boundary,我想去纽约玩7天，我们喜欢美食，预算比较有限，有小孩子。,纽约,7,低,购物,情侣,无,美食购物游,0.44,出行类型=0.2189; 自然兴趣=0.1376; 旅行天数=0.1339,7700,0.8445,0.0141
S0280,standard,我想去巴黎玩3天，我们喜欢购物，预算比较宽裕，有小孩子。,伦敦,7,高,历史,家庭,无,亲子家庭游,0.65,出行类型=0.2189; 自然兴趣=0.1376; 旅行天数=0.1339,49000,0.8445,0.0144
S0689,standard,我想去伦敦玩2天，我们喜欢购物，预算中等，有老人。,罗马,7,高,历史,家庭,有儿童,文化深度游,0.45,出行类型=0.2189; 自然兴趣=0.1376; 旅行天数=0.1339,42000,0.8445,0.0144
E0061,edge,我想去罗马玩4天，和家人一起，我们喜欢历史，预算中等。,罗马,4,中,历史,家庭,有儿童和老人,文化深度游,0.55,出行类型=0.2189; 自然兴趣=0.1376; 旅行天数=0.1339,8000,0.8445,0.0136
S0669,standard,我想去伦敦玩1天，和朋友一起，我们喜欢购物、历史，预算比较有限，需要轮椅无障碍设施。,巴黎,5,中,"购物,历史",家庭,有儿童,亲子家庭游,0.45,出行类型=0.2189; 自然兴趣=0.1376; 旅行天数=0.1339,12000,0.8445,0.0136
S0568,standard,我想去纽约玩1天，我们喜欢美食，预算比较宽裕。,伦敦,5,高,自然,朋友,无,户外探险游,0.59,出行类型=0.2189; 自然兴趣=0.1376; 旅行天数=0.1339,35000,0.8445,0.0142
B0065,boundary,我想去纽约玩7天，和爱人一起，我们喜欢历史，预算比较有限，有小孩子。,罗马,7,低,历史,情侣,有老人,文化深度游,0.47,出行类型=0.2189; 自然兴趣=0.1376; 旅行天数=0.1339,6300,0.8445,0.0152
B0156,boundary,我想去伦敦玩1天，和爱人一起，我们喜欢历史，预算比较有限，需要轮椅无障碍设施。,伦敦,1,低,购物,家庭,有老人,美食购物游,0.57,出行类型=0.2189; 自然兴趣=0.1376; 旅行天数=0.1339,1040,0.8445,0.0152
B0076,boundary,我想去伦敦玩7天，和家人一起，我们喜欢历史，预算中等，有小孩子。,巴黎,7,中,自然,朋友,有老人,户外探险游,0.69,出行类型=0.2189; 自然兴趣=0.1376; 旅行天数=0.1339,16800,0.8445,0.016
S0186,standard,我想去纽约玩3天，和爱人一起，我们喜欢购物，预算比较有限，有小孩子。,东京,2,中,文化,家庭,有儿童,文化深度游,0.55,出行类型=0.2189; 自然兴趣=0.1376; 旅行天数=0.1339,3600,0.8445,0.0151
S0494,standard,我想去东京玩2天，我们喜欢自然、文化，预算比较有限，需要轮椅无障碍设施。,纽约,2,低,"文化,购物",单人,无,经济观光,0.37,出行类型=0.2189; 自然兴趣=0.1376; 旅行天数=0.1339,2200,0.8445,0.0147
S0625,standard,我想去伦敦玩2天，和爱人一起，我们喜欢文化、自然，预算中等，有老人。,伦敦,7,中,"购物,美食",家庭,无,亲子家庭游,0.6,出行类型=0.2189; 自然兴趣=0.1376; 旅行天数=0.1339,16800,0.8445,0.0144
S0642,standard,我想去伦敦玩5天，和爱人一起，我们喜欢历史、文化，预算中等，有小孩子。,伦敦,3,低,"购物,文化",朋友,有儿童,经济观光,0.29,出行类型=0.2189; 自然兴趣=0.1376; 旅行天数=0.1339,3120,0.8445,0.0146
S0168,standard,我想去伦敦玩3天，和朋友一起，我们喜欢美食，预算比较宽裕，需要轮椅无障碍设施。,伦敦,5,低,自然,家庭,无,亲子家庭游,0.62,出行类型=0.2189; 自然兴趣=0.1376; 旅行天数=0.1339,5200,0.8445,0.014
S0245,standard,我想去罗马玩2天，和爱人一起，我们喜欢购物、自然，预算比较有限，有小孩子。,东京,3,中,"文化,历史",情侣,轮椅友好,文化深度游,0.57,出行类型=0.2189; 自然兴趣=0.1376; 旅行天数=0.1339,5400,0.8445,0.0155
B0175,boundary,我想去纽约玩1天，我们喜欢文化，预算比较有限。,东京,1,低,美食,情侣,无,美食购物游,0.55,出行类型=0.2189; 自然兴趣=0.1376; 旅行天数=0.1339,800,0.8445,0.0149
S0124,standard,我想去纽约玩5天，和朋友一起，我们喜欢自然，预算比较宽裕。,罗马,2,低,购物,情侣,有儿童,美食购物游,0.43,出行类型=0.2189; 自然兴趣=0.1376; 旅行天数=0.1339,1800,0.8445,0.0143
S0479,standard,我想去巴黎玩5天，和家人一起，我们喜欢历史，预算中等，需要轮椅无障碍设施。,纽约,2,中,美食,家庭,有老人,美食购物游,0.57,出行类型=0.2189; 自然兴趣=0.1376; 旅行天数=0.1339,5200,0.8445,0.0145
S0462,standard,我想去罗马玩3天，和爱人一起，我们喜欢美食，预算比较有限，有老人。,东京,5,低,自然,家庭,有老人,户外探险游,0.5,出行类型=0.2189; 自然兴趣=0.1376; 旅行天数=0.1339,4000,0.8445,0.0148
S0055,standard,我想去伦敦玩5天，和爱人一起，我们喜欢历史、购物，预算比较有限，有老人。,巴黎,1,低,美食,家庭,有老人,美食购物游,0.59,出行类型=0.2189; 自然兴趣=0.1376; 旅行天数=0.1339,1000,0.8445,0.0145
S0603,standard,我想去罗马玩7天，和家人一起，我们喜欢购物，预算中等，有老人。,罗马,3,低,"购物,文化",朋友,有儿童,经济观光,0.29,出行类型=0.2189; 自然兴趣=0.1376; 旅行天数=0.1339,2700,0.8445,0.0142
S0371,standard,我想去巴黎玩5天，我们喜欢文化、历史，预算比较有限。,纽约,1,中,"购物,文化",单人,有老人,文化深度游,0.53,出行类型=0.2189; 自然兴趣=0.1376; 旅行天数=0.1339,2600,0.8445,0.0137
S0618,standard,我想去纽约玩1天，和家人一起，我们喜欢文化、美食，预算比较宽裕。,纽约,5,低,"文化,自然",情侣,轮椅友好,户外探险游,0.63,出行类型=0.2189; 自然兴趣=0.1376; 旅行天数=0.1339,5500,0.8445,0.0142
S0674,standard,我想去伦敦玩7天，和爱人一起，我们喜欢历史，预算比较有限。,东京,1,中,"美食,历史",情侣,无,文化深度游,0.5,出行类型=0.2189; 自然兴趣=0.1376; 旅行天数=0.1339,1800,0.8445,0.0147
S0208,standard,我想去巴黎玩1天，和朋友一起，我们喜欢购物，预算比较宽裕。,罗马,2,中,"购物,自然",单人,轮椅友好,美食购物游,0.35,出行类型=0.2189; 自然兴趣=0.1376; 旅行天数=0.1339,4000,0.8445,0.0146
S0627,standard,我想去伦敦玩7天，和家人一起，我们喜欢购物，预算比较有限，有老人。,巴黎,7,高,"历史,自然",家庭,轮椅友好,文化深度游,0.39,出行类型=0.2189; 自然兴趣=0.1376; 旅行天数=0.1339,49000,0.8445,0.0187
B0118,boundary,我想去纽约玩7天，和家人一起，我们喜欢文化，预算中等。,东京,7,中,历史,朋友,有老人,文化深度游,0.52,出行类型=0.2189; 自然兴趣=0.1376; 旅行天数=0.1339,12600,0.8445,0.0178
S0398,standard,我想去伦敦玩3天，和朋友一起，我们喜欢历史、文化，预算中等。,伦敦,5,高,"美食,购物",单人,有儿童,奢华体验,0.44,出行类型=0.2189; 自然兴趣=0.1376; 旅行天数=0.1339,35000,0.8445,0.0169
S0362,standard,我想去东京玩1天，和家人一起，我们喜欢历史、购物，预算比较宽裕，有小孩子。,伦敦,2,中,购物,单人,有老人,美食购物游,0.47,出行类型=0.2189; 自然兴趣=0.1376; 旅行天数=0.1339,4800,0.8445,0.0157
S0231,standard,我想去纽约玩1天，和爱人一起，我们喜欢文化、美食，预算比较宽裕，有老人。,伦敦,1,高,"美食,文化",单人,无,奢华体验,0.55,出行类型=0.2189; 自然兴趣=0.1376; 旅行天数=0.1339,7000,0.8445,0.0157
S0051,standard,我想去纽约玩3天，我们喜欢历史，预算比较有限，有小孩子。,纽约,5,低,"自然,历史",情侣,无,户外探险游,0.6,出行类型=0.2189; 自然兴趣=0.1376; 旅行天数=0.1339,5500,0.8445,0.0143
B0098,boundary,我想去罗马玩1天，和家人一起，我们喜欢自然，预算比较有限，有小孩子。,巴黎,1,低,自然,朋友,有儿童,经济观光,0.33,出行类型=0.2189; 自然兴趣=0.1376; 旅行天数=0.1339,1000,0.8445,0.015
S0091,standard,我想去伦敦玩3天，我们喜欢自然，预算中等，有老人。,罗马,7,高,文化,朋友,轮椅友好,奢华体验,0.43,出行类型=0.2189; 自然兴趣=0.1376; 旅行天数=0.1339,42000,0.8445,0.017
B0108,boundary,我想去纽约玩1天，和爱人一起，我们喜欢美食，预算比较有限。,罗马,1,低,文化,单人,无,文化深度游,0.54,出行类型=0.2189; 自然兴趣=0.1376; 旅行天数=0.1339,900,0.8445,0.0166
B0142,boundary,我想去伦敦玩1天，和朋友一起，我们喜欢文化，预算比较有限，需要轮椅无障碍设施。,巴黎,1,低,文化,单人,无,文化深度游,0.54,出行类型=0.2189; 自然兴趣=0.1376; 旅行天数=0.1339,1000,0.8445,0.0165
S0353,standard,我想去罗马玩2天，和家人一起，我们喜欢购物，预算中等，需要轮椅无障碍设施。,巴黎,2,高,"购物,文化",单人,有老人,奢华体验,0.58,出行类型=0.2189; 自然兴趣=0.1376; 旅行天数=0.1339,14000,0.8445,0.0167
S0352,standard,我想去东京玩7天，和爱人一起，我们喜欢自然，预算比较宽裕，有老人。,巴黎,2,低,自然,单人,有老人,经济观光,0.36,出行类型=0.2189; 自然兴趣=0.1376; 旅行天数=0.1339,2000,0.8445,0.0162
E0052,edge,我想去纽约玩1天，我们喜欢文化、美食、购物、历史，预算比较宽裕。,纽约,1,高,"文化,美食,购物,历史",单人,无,奢华体验,0.55,出行类型=0.2189; 自然兴趣=0.1376; 旅行天数=0.1339,7600,0.8445,0.0155
S0591,standard,我想去巴黎玩7天，和爱人一起，我们喜欢文化、自然，预算中等，有老人。,巴黎,3,高,"购物,历史",朋友,无,奢华体验,0.47,出行类型=0.2189; 自然兴趣=0.1376; 旅行天数=0.1339,21000,0.8445,0.0179
B0015,boundary,我想去巴黎玩7天，和爱人一起，我们喜欢购物，预算比较宽裕，有老人。,罗马,7,高,购物,单人,有老人,奢华体验,0.46,出行类型=0.2189; 自然兴趣=0.1376; 旅行天数=0.1339,42000,0.8445,0.0159
S0142,standard,我想去东京玩2天，我们喜欢历史，预算比较有限，有小孩子。,伦敦,2,中,购物,家庭,轮椅友好,美食购物游,0.53,出行类型=0.2189; 自然兴趣=0.1376; 旅行天数=0.1339,4800,0.8445,0.0156
B0010,boundary,我想去罗马玩1天，我们喜欢历史，预算比较有限，有老人。,伦敦,1,低,美食,情侣,无,美食购物游,0.55,出行类型=0.2189; 自然兴趣=0.1376; 旅行天数=0.1339,1040,0.8445,0.0169
B0077,boundary,我想去罗马玩7天，和家人一起，我们喜欢购物，预算比较宽裕，有小孩子。,纽约,7,高,历史,朋友,有儿童,奢华体验,0.43,出行类型=0.2189; 自然兴趣=0.1376; 旅行天数=0.1339,53200,0.8445,0.0175
S0322,standard,我想去东京玩3天，和朋友一起，我们喜欢美食、文化，预算比较宽裕，有老人。,巴黎,7,高,美食,单人,有老人,奢华体验,0.43,出行类型=0.2189; 自然兴趣=0.1376; 旅行天数=0.1339,49000,0.8445,0.0189
S0060,standard,我想去罗马玩7天，和家人一起，我们喜欢文化、购物，预算中等，有小孩子。,东京,5,中,文化,单人,无,文化深度游,0.52,出行类型=0.2189; 自然兴趣=0.1376; 旅行天数=0.1339,9000,0.8445,0.0172
E0071,edge,我想去巴黎玩3天，我们喜欢什么都想看看，预算中等。,巴黎,3,中,什么都想看看,单人,无,文化深度游,0.31,出行类型=0.2189; 自然兴趣=0.1376; 旅行天数=0.1339,7200,0.8445,0.0168
S0222,standard,我想去纽约玩3天，我们喜欢历史，预算比较有限，有老人。,伦敦,1,高,"历史,文化",情侣,轮椅友好,情侣浪漫游,0.51,出行类型=0.2189; 自然兴趣=0.1376; 旅行天数=0.1339,7000,0.8445,0.0175
S0097,standard,我想去巴黎玩1天，我们喜欢自然，预算中等，有小孩子。,伦敦,2,中,"美食,自然",家庭,轮椅友好,美食购物游,0.48,出行类型=0.2189; 自然兴趣=0.1376; 旅行天数=0.1339,4800,0.8445,0.0193
S0498,standard,我想去罗马玩7天，我们喜欢美食，预算中等，有老人。,东京,7,高,"购物,自然",朋友,有老人,户外探险游,0.6,出行类型=0.2189; 自然兴趣=0.1376; 旅行天数=0.1339,39200,0.8445,0.0193
B0123,boundary,我想去东京玩1天，和朋友一起，我们喜欢自然，预算比较有限，有老人。,纽约,1,低,美食,朋友,轮椅友好,美食购物游,0.55,出行类型=0.2189; 自然兴趣=0.1376; 旅行天数=0.1339,1100,0.8445,0.0172
S0138,standard,我想去伦敦玩3天，我们喜欢文化，预算中等。,纽约,1,低,"历史,购物",朋友,无,经济观光,0.41,出行类型=0.2189; 自然兴趣=0.1376; 旅行天数=0.1339,1100,0.8445,0.0158
S0107,standard,我想去罗马玩1天，我们喜欢美食，预算比较有限，需要轮椅无障碍设施。,巴黎,2,低,购物,家庭,轮椅友好,美食购物游,0.55,出行类型=0.2189; 自然兴趣=0.1376; 旅行天数=0.1339,2000,0.8445,0.0185
S0064,standard,我想去纽约玩5天，和朋友一起，我们喜欢美食，预算中等，需要轮椅无障碍设施。,纽约,5,低,"历史,购物",家庭,无,亲子家庭游,0.65,出行类型=0.2189; 自然兴趣=0.1376; 旅行天数=0.1339,5500,0.8445,0.017
S0418,standard,我想去伦敦玩7天，和家人一起，我们喜欢购物、文化，预算中等，有老人。,纽约,2,低,"自然,购物",单人,无,经济观光,0.29,出行类型=0.2189; 自然兴趣=0.1376; 旅行天数=0.1339,2200,0.8445,0.0196
B0111,boundary,我想去伦敦玩7天，我们喜欢购物，预算比较有限，有老人。,东京,7,低,文化,朋友,轮椅友好,文化深度游,0.41,出行类型=0.2189; 自然兴趣=0.1376; 旅行天数=0.1339,5600,0.8445,0.018
B0153,boundary,我想去巴黎玩1天，和朋友一起，我们喜欢文化，预算比较有限，有小孩子。,东京,1,低,购物,朋友,轮椅友好,美食购物游,0.43,出行类型=0.2189; 自然兴趣=0.1376; 旅行天数=0.1339,800,0.8445,0.0175
E0081,edge,我想去纽约玩1天，我们喜欢文化、美食、购物、历史，预算比较宽裕。,纽约,1,高,"文化,美食,购物,历史",单人,无,奢华体验,0.55,出行类型=0.2189; 自然兴趣=0.1376; 旅行天数=0.1339,7600,0.8445,0.0173
S0561,standard,我想去巴黎玩2天，和爱人一起，我们喜欢美食、文化，预算比较有限，需要轮椅无障碍设施。,巴黎,3,高,"购物,美食",单人,轮椅友好,奢华体验,0.44,出行类型=0.2189; 自然兴趣=0.1376; 旅行天数=0.1339,21000,0.8445,0.0158
S0078,standard,我想去伦敦玩3天，和朋友一起，我们喜欢文化、自然，预算比较有限，有老人。,罗马,5,中,购物,朋友,有老人,美食购物游,0.46,出行类型=0.2189; 自然兴趣=0.1376; 旅行天数=0.1339,10000,0.8445,0.0155
E0053,edge,我想去纽约玩1天，我们喜欢文化、美食、购物、历史，预算比较宽裕。,纽约,1,高,"文化,美食,购物,历史",单人,无,奢华体验,0.55,出行类型=0.2189; 自然兴趣=0.1376; 旅行天数=0.1339,7600,0.8445,0.0148
S0143,standard,我想去伦敦玩1天，和朋友一起，我们喜欢购物，预算中等，有老人。,巴黎,5,高,文化,家庭,有老人,文化深度游,0.43,出行类型=0.2189; 自然兴趣=0.1376; 旅行天数=0.1339,35000,0.8445,0.0149
S0191,standard,我想去伦敦玩5天，和家人一起，我们喜欢文化，预算中等。,罗马,2,中,自然,单人,有老人,文化深度游,0.36,出行类型=0.2189; 自然兴趣=0.1376; 旅行天数=0.1339,4000,0.8445,0.0147
S0471,standard,我想去伦敦玩3天，我们喜欢购物、自然，预算比较有限。,罗马,2,低,"自然,购物",情侣,轮椅友好,美食购物游,0.31,出行类型=0.2189; 自然兴趣=0.1376; 旅行天数=0.1339,1800,0.8445,0.0168
E0014,edge,我想去纽约玩1天，我们喜欢文化、美食、购物、历史，预算比较宽裕。,纽约,1,高,"文化,美食,购物,历史",单人,无,奢华体验,0.55,出行类型=0.2189; 自然兴趣=0.1376; 旅行天数=0.1339,7600,0.8445,0.015
S0287,standard,我想去伦敦玩1天，和爱人一起，我们喜欢购物，预算比较有限。,纽约,1,中,购物,朋友,有老人,美食购物游,0.49,出行类型=0.2189; 自然兴趣=0.1376; 旅行天数=0.1339,2600,0.8445,0.0146
S0633,standard,我想去巴黎玩1天，和朋友一起，我们喜欢美食、购物，预算中等。,纽约,3,中,购物,情侣,轮椅友好,美食购物游,0.46,出行类型=0.2189; 自然兴趣=0.1376; 旅行天数=0.1339,7800,0.8445,0.016
S0048,standard,我想去东京玩2天，和家人一起，我们喜欢历史，预算比较有限，有小孩子。,巴黎,1,中,"历史,文化",单人,有儿童,文化深度游,0.69,出行类型=0.2189; 自然兴趣=0.1376; 旅行天数=0.1339,2400,0.8445,0.0162
S0110,standard,我想去巴黎玩1天，我们喜欢购物，预算比较宽裕。,巴黎,5,高,"购物,文化",家庭,有儿童,亲子家庭游,0.42,出行类型=0.2189; 自然兴趣=0.1376; 旅行天数=0.1339,35000,0.8445,0.0148
S0192,standard,我想去伦敦玩7天，和家人一起，我们喜欢美食，预算比较有限，有小孩子。,伦敦,1,低,"文化,历史",朋友,轮椅友好,文化深度游,0.59,出行类型=0.2189; 自然兴趣=0.1376; 旅行天数=0.1339,1040,0.8445,0.0153
E0007,edge,我想去伦敦玩3天，和朋友一起，我们喜欢文化，不太确定。,伦敦,3,不太确定,文化,朋友,无,文化深度游,0.49,出行类型=0.2189; 自然兴趣=0.1376; 旅行天数=0.1339,5400,0.8445,0.0156
S0685,standard,我想去纽约玩1天，和朋友一起，我们喜欢自然、历史，预算中等，有小孩子。,巴黎,5,低,"购物,历史",家庭,无,亲子家庭游,0.66,出行类型=0.2189; 自然兴趣=0.1376; 旅行天数=0.1339,5000,0.8445,0.0147
S0090,standard,我想去纽约玩5天，我们喜欢美食、自然，预算中等，有小孩子。,纽约,5,低,购物,单人,有儿童,美食购物游,0.43,出行类型=0.2189; 自然兴趣=0.1376; 旅行天数=0.1339,5500,0.8445,0.0142
S0028,standard,我想去纽约玩1天，和家人一起，我们喜欢历史，预算中等。,伦敦,2,高,"自然,购物",家庭,轮椅友好,美食购物游,0.43,出行类型=0.2189; 自然兴趣=0.1376; 旅行天数=0.1339,14000,0.8445,0.0144
S0676,standard,我想去东京玩7天，和爱人一起，我们喜欢自然，预算比较宽裕，有老人。,纽约,5,高,历史,家庭,无,亲子家庭游,0.62,出行类型=0.2189; 自然兴趣=0.1376; 旅行天数=0.1339,38000,0.8445,0.0144
E0013,edge,我想去纽约玩1天，我们喜欢文化、美食、购物、历史，预算比较宽裕。,纽约,1,高,"文化,美食,购物,历史",单人,无,奢华体验,0.55,出行类型=0.2189; 自然兴趣=0.1376; 旅行天数=0.1339,7600,0.8445,0.0142
S0668,standard,我想去巴黎玩5天，和朋友一起，我们喜欢文化、历史，预算比较有限。,巴黎,5,中,文化,情侣,有儿童,文化深度游,0.53,出行类型=0.2189; 自然兴趣=0.1376; 旅行天数=0.1339,12000,0.8445,0.0144
B0054,boundary,我想去纽约玩1天，和朋友一起，我们喜欢购物，预算比较有限，有老人。,东京,1,低,购物,家庭,无,亲子家庭游,0.55,出行类型=0.2189; 自然兴趣=0.1376; 旅行天数=0.1339,800,0.8445,0.0141
S0054,standard,我想去东京玩5天，和爱人一起，我们喜欢自然、美食，预算比较有限，有小孩子。,伦敦,7,高,"自然,购物",情侣,轮椅友好,情侣浪漫游,0.5,出行类型=0.2189; 自然兴趣=0.1376; 旅行天数=0.1339,49000,0.8445,0.0156
S0190,standard,我想去伦敦玩1天，和朋友一起，我们喜欢美食，预算中等，有小孩子。,伦敦,3,低,购物,情侣,有儿童,美食购物游,0.44,出行类型=0.2189; 自然兴趣=0.1376; 旅行天数=0.1339,3120,0.8445,0.0144
S0631,standard,我想去罗马玩5天，和朋友一起，我们喜欢文化、美食，预算比较有限。,巴黎,1,中,购物,情侣,有儿童,美食购物游,0.48,出行类型=0.2189; 自然兴趣=0.1376; 旅行天数=0.1339,2400,0.8445,0.0139
S0427,standard,我想去罗马玩7天，和家人一起，我们喜欢购物、自然，预算中等，需要轮椅无障碍设施。,东京,2,高,"美食,自然",朋友,有老人,奢华体验,0.38,出行类型=0.2189; 自然兴趣=0.1376; 旅行天数=0.1339,11200,0.8445,0.0147
S0663,standard,我想去巴黎玩3天，和家人一起，我们喜欢文化，预算比较有限。,伦敦,7,低,文化,情侣,无,文化深度游,0.45,出行类型=0.2189; 自然兴趣=0.1376; 旅行天数=0.1339,7280,0.8445,0.0169
S0660,standard,我想去伦敦玩5天，和家人一起，我们喜欢美食，预算中等，需要轮椅无障碍设施。,东京,7,高,美食,家庭,有儿童,美食购物游,0.5,出行类型=0.2189; 自然兴趣=0.1376; 旅行天数=0.1339,39200,0.8445,0.0161
S0328,standard,我想去纽约玩3天，和朋友一起，我们喜欢历史，预算比较有限，有老人。,伦敦,5,中,文化,朋友,有老人,文化深度游,0.51,出行类型=0.2189; 自然兴趣=0.1376; 旅行天数=0.1339,12000,0.8445,0.0165
B0036,boundary,我想去罗马玩1天，我们喜欢自然，预算比较有限，有小孩子。,伦敦,1,低,购物,单人,有老人,美食购物游,0.42,出行类型=0.2189; 自然兴趣=0.1376; 旅行天数=0.1339,1040,0.8445,0.0169
S0628,standard,我想去伦敦玩2天，我们喜欢自然，预算比较宽裕。,罗马,5,高,历史,家庭,有儿童,文化深度游,0.46,出行类型=0.2189; 自然兴趣=0.1376; 旅行天数=0.1339,30000,0.8445,0.0164
S0084,standard,我想去东京玩7天，和朋友一起，我们喜欢文化，预算比较宽裕，有小孩子。,巴黎,1,中,文化,情侣,无,文化深度游,0.62,出行类型=0.2189; 自然兴趣=0.1376; 旅行天数=0.1339,2400,0.8445,0.0158
S0459,standard,我想去伦敦玩1天，和家人一起，我们喜欢购物、美食，预算比较有限，有老人。,纽约,5,低,自然,朋友,有老人,户外探险游,0.67,出行类型=0.2189; 自然兴趣=0.1376; 旅行天数=0.1339,5500,0.8445,0.0155
S0076,standard,我想去巴黎玩7天，和朋友一起，我们喜欢购物，预算比较宽裕。,巴黎,7,高,"购物,自然",家庭,无,亲子家庭游,0.63,出行类型=0.2189; 自然兴趣=0.1376; 旅行天数=0.1339,49000,0.8445,0.0168
B0196,boundary,我想去伦敦玩7天，和爱人一起，我们喜欢文化，预算中等，有小孩子。,伦敦,7,中,美食,朋友,有老人,美食购物游,0.49,出行类型=0.2189; 自然兴趣=0.1376; 旅行天数=0.1339,16800,0.8445,0.0164
S0129,standard,我想去伦敦玩3天，和家人一起，我们喜欢自然、美食，预算比较有限，有小孩子。,伦敦,5,低,自然,情侣,无,户外探险游,0.65,出行类型=0.2189; 自然兴趣=0.1376; 旅行天数=0.1339,5200,0.8445,0.0148
S0460,standard,我想去纽约玩2天，我们喜欢历史、文化，预算比较有限，有小孩子。,罗马,2,低,美食,单人,无,美食购物游,0.53,出行类型=0.2189; 自然兴趣=0.1376; 旅行天数=0.1339,1800,0.8445,0.0157
S0597,standard,我想去巴黎玩2天，和爱人一起，我们喜欢购物、美食，预算比较宽裕，有老人。,东京,5,低,历史,情侣,轮椅友好,文化深度游,0.49,出行类型=0.2189; 自然兴趣=0.1376; 旅行天数=0.1339,4000,0.8445,0.0157
S0569,standard,我想去巴黎玩1天，我们喜欢自然、美食，预算比较宽裕。,罗马,5,高,"自然,美食",单人,有儿童,户外探险游,0.65,出行类型=0.2189; 自然兴趣=0.1376; 旅行天数=0.1339,30000,0.8445,0.0154
S0423,standard,我想去东京玩3天，和家人一起，我们喜欢文化、历史，预算比较宽裕，有老人。,罗马,2,低,美食,单人,轮椅友好,美食购物游,0.53,出行类型=0.2189; 自然兴趣=0.1376; 旅行天数=0.1339,1800,0.8445,0.0146
S0503,standard,我想去东京玩5天，和爱人一起，我们喜欢文化，预算比较有限，有老人。,纽约,7,中,历史,家庭,有老人,文化深度游,0.53,出行类型=0.2189; 自然兴趣=0.1376; 旅行天数=0.1339,18200,0.8445,0.0146
E0015,edge,我想去东京玩5天，和爱人一起，我们喜欢奢华体验、米其林餐厅，预算比较有限。,东京,5,低,"奢华体验,米其林餐厅",情侣,无,文化深度游,0.23,出行类型=0.2189; 自然兴趣=0.1376; 旅行天数=0.1339,4000,0.8445,0.0161
S0034,standard,我想去伦敦玩2天，我们喜欢购物，预算比较有限，有小孩子。,纽约,3,中,"历史,文化",家庭,轮椅友好,文化深度游,0.59,出行类型=0.2189; 自然兴趣=0.1376; 旅行天数=0.1339,7800,0.8445,0.0153
S0513,standard,我想去东京玩7天，我们喜欢购物，预算中等，有小孩子。,伦敦,1,低,"美食,购物",情侣,有老人,美食购物游,0.57,出行类型=0.2189; 自然兴趣=0.1376; 旅行天数=0.1339,1040,0.8445,0.0149
S0247,standard,我想去巴黎玩5天，和爱人一起，我们喜欢购物，预算比较有限，需要轮椅无障碍设施。,伦敦,7,高,自然,家庭,轮椅友好,户外探险游,0.46,出行类型=0.2189; 自然兴趣=0.1376; 旅行天数=0.1339,49000,0.8445,0.0146
S0140,standard,我想去伦敦玩2天，和家人一起，我们喜欢历史、购物，预算中等，需要轮椅无障碍设施。,纽约,7,低,"美食,自然",情侣,无,户外探险游,0.58,出行类型=0.2189; 自然兴趣=0.1376; 旅行天数=0.1339,7700,0.8445,0.0146
B0001,boundary,我想去罗马玩7天，和爱人一起，我们喜欢美食，预算比较有限。,罗马,7,低,文化,单人,有儿童,文化深度游,0.46,出行类型=0.2189; 自然兴趣=0.1376; 旅行天数=0.1339,6300,0.8445,0.0146
S0596,standard,我想去东京玩3天，和朋友一起，我们喜欢自然，预算中等，有老人。,东京,7,中,文化,情侣,有儿童,文化深度游,0.49,出行类型=0.2189; 自然兴趣=0.1376; 旅行天数=0.1339,12600,0.8445,0.0146
S0073,standard,我想去伦敦玩2天，和爱人一起，我们喜欢美食、历史，预算比较宽裕，有老人。,罗马,1,中,"自然,购物",情侣,轮椅友好,美食购物游,0.38,出行类型=0.2189; 自然兴趣=0.1376; 旅行天数=0.1339,2000,0.8445,0.0155
S0473,standard,我想去伦敦玩5天，和朋友一起，我们喜欢历史，预算比较宽裕，需要轮椅无障碍设施。,纽约,1,低,美食,朋友,无,美食购物游,0.54,出行类型=0.2189; 自然兴趣=0.1376; 旅行天数=0.1339,1100,0.8445,0.0164
E0043,edge,我想去纽约玩1天，我们喜欢文化、美食、购物、历史，预算比较宽裕。,纽约,1,高,"文化,美食,购物,历史",单人,无,奢华体验,0.55,出行类型=0.2189; 自然兴趣=0.1376; 旅行天数=0.1339,7600,0.8445,0.0153
E0099,edge,我想去纽约玩1天，我们喜欢文化、美食、购物、历史，预算比较宽裕。,纽约,1,高,"文化,美食,购物,历史",单人,无,奢华体验,0.55,出行类型=0.2189; 自然兴趣=0.1376; 旅行天数=0.1339,7600,0.8445,0.0139
S0301,standard,我想去伦敦玩1天，和朋友一起，我们喜欢历史、美食，预算比较有限，有老人。,纽约,7,低,"购物,美食",家庭,无,亲子家庭游,0.6,出行类型=0.2189; 自然兴趣=0.1376; 旅行天数=0.1339,7700,0.8445,0.0145
E0100,edge,我想去巴黎玩3天，我们喜欢什么都想看看，预算中等。,巴黎,3,中,什么都想看看,单人,无,文化深度游,0.31,出行类型=0.2189; 自然兴趣=0.1376; 旅行天数=0.1339,7200,0.8445,0.014
S0450,standard,我想去伦敦玩2天，和家人一起，我们喜欢购物，预算比较有限，有小孩子。,纽约,3,高,"美食,购物",情侣,轮椅友好,情侣浪漫游,0.49,出行类型=0.2189; 自然兴趣=0.1376; 旅行天数=0.1339,22800,0.8445,0.0145
B0102,boundary,我想去东京玩7天，和爱人一起，我们喜欢美食，预算比较有限。,伦敦,7,低,文化,家庭,轮椅友好,文化深度游,0.51,出行类型=0.2189; 自然兴趣=0.1376; 旅行天数=0.1339,7280,0.8445,0.0142
S0178,standard,我想去纽约玩5天，和家人一起，我们喜欢自然、美食，预算比较宽裕，有老人。,罗马,1,中,"自然,购物",情侣,有老人,美食购物游,0.38,出行类型=0.2189; 自然兴趣=0.1376; 旅行天数=0.1339,2000,0.8445,0.0139
S0108,standard,我想去巴黎玩2天，和家人一起，我们喜欢自然，预算比较宽裕。,伦敦,2,低,"文化,购物",朋友,轮椅友好,经济观光,0.38,出行类型=0.2189; 自然兴趣=0.1376; 旅行天数=0.1339,2080,0.8445,0.0141
S0550,standard,我想去巴黎玩5天，和朋友一起，我们喜欢历史，预算比较宽裕，需要轮椅无障碍设施。,东京,1,中,文化,朋友,轮椅友好,文化深度游,0.61,出行类型=0.2189; 自然兴趣=0.1376; 旅行天数=0.1339,1800,0.8445,0.0142
S0174,standard,我想去东京玩7天，我们喜欢文化，预算比较有限。,伦敦,3,高,"购物,自然",情侣,有老人,情侣浪漫游,0.49,出行类型=0.2189; 自然兴趣=0.1376; 旅行天数=0.1339,21000,0.8445,0.0147
S0106,standard,我想去东京玩3天，我们喜欢文化，预算中等，有小孩子。,罗马,3,低,购物,情侣,有儿童,美食购物游,0.44,出行类型=0.2189; 自然兴趣=0.1376; 旅行天数=0.1339,2700,0.8445,0.0139
S0562,standard,我想去伦敦玩1天，和爱人一起，我们喜欢购物，预算中等，有老人。,伦敦,2,高,"文化,自然",情侣,有老人,情侣浪漫游,0.52,出行类型=0.2189; 自然兴趣=0.1376; 旅行天数=0.1339,14000,0.8445,0.0145
S0468,standard,我想去东京玩5天，我们喜欢购物、自然，预算中等，有小孩子。,罗马,1,高,"自然,历史",单人,无,奢华体验,0.46,出行类型=0.2189; 自然兴趣=0.1376; 旅行天数=0.1339,6000,0.8445,0.0142
S0262,standard,我想去巴黎玩3天，我们喜欢美食，预算比较有限，需要轮椅无障碍设施。,巴黎,1,低,"历史,购物",单人,轮椅友好,经济观光,0.43,出行类型=0.2189; 自然兴趣=0.1376; 旅行天数=0.1339,1000,0.8445,0.0142
B0135,boundary,我想去罗马玩7天，和爱人一起，我们喜欢购物，预算中等，有老人。,东京,7,中,历史,单人,有儿童,文化深度游,0.53,出行类型=0.2189; 自然兴趣=0.1376; 旅行天数=0.1339,12600,0.8445,0.0147
S0038,standard,我想去巴黎玩7天，和家人一起，我们喜欢美食，预算中等。,巴黎,5,中,美食,家庭,有儿童,美食购物游,0.58,出行类型=0.2189; 自然兴趣=0.1376; 旅行天数=0.1339,12000,0.8445,0.0141
S0430,standard,我想去巴黎玩1天，我们喜欢购物、自然，预算比较有限，有小孩子。,罗马,7,高,"自然,历史",家庭,轮椅友好,文化深度游,0.39,出行类型=0.2189; 自然兴趣=0.1376; 旅行天数=0.1339,42000,0.8445,0.0142
S0031,standard,我想去罗马玩2天，和家人一起，我们喜欢自然、文化，预算比较宽裕，有小孩子。,东京,2,中,"自然,美食",单人,轮椅友好,美食购物游,0.42,出行类型=0.2189; 自然兴趣=0.1376; 旅行天数=0.1339,3600,0.8445,0.0142
S0035,standard,我想去伦敦玩1天，和家人一起，我们喜欢历史，预算比较宽裕，有小孩子。,巴黎,3,高,文化,家庭,轮椅友好,文化深度游,0.43,出行类型=0.2189; 自然兴趣=0.1376; 旅行天数=0.1339,21000,0.8445,0.0144
S0483,standard,我想去巴黎玩7天，和朋友一起，我们喜欢美食、文化，预算比较有限，有小孩子。,罗马,2,低,"历史,购物",情侣,轮椅友好,经济观光,0.43,出行类型=0.2189; 自然兴趣=0.1376; 旅行天数=0.1339,1800,0.8445,0.0146
B0154,boundary,我想去纽约玩7天，和朋友一起，我们喜欢文化，预算中等，有小孩子。,巴黎,7,中,自然,家庭,无,亲子家庭游,0.62,出行类型=0.2189; 自然兴趣=0.1376; 旅行天数=0.1339,16800,0.8445,0.0145
B0200,boundary,我想去罗马玩1天，我们喜欢购物，预算比较有限，有小孩子。,伦敦,1,低,自然,朋友,轮椅友好,经济观光,0.33,出行类型=0.2189; 自然兴趣=0.1376; 旅行天数=0.1339,1040,0.8445,0.0143
S0025,standard,我想去巴黎玩1天，我们喜欢购物、文化，预算比较宽裕，需要轮椅无障碍设施。,巴黎,7,高,文化,情侣,轮椅友好,情侣浪漫游,0.51,出行类型=0.2189; 自然兴趣=0.1376; 旅行天数=0.1339,49000,0.8445,0.0143
E0020,edge,我想去纽约玩1天，我们喜欢文化、美食、购物、历史，预算比较宽裕。,纽约,1,高,"文化,美食,购物,历史",单人,无,奢华体验,0.55,出行类型=0.2189; 自然兴趣=0.1376; 旅行天数=0.1339,7600,0.8445,0.0151
S0300,standard,我想去巴黎玩5天，和家人一起，我们喜欢文化、自然，预算比较有限，有老人。,巴黎,1,中,"美食,文化",朋友,有老人,文化深度游,0.49,出行类型=0.2189; 自然兴趣=0.1376; 旅行天数=0.1339,2400,0.8445,0.0159
S0077,standard,我想去罗马玩1天，和家人一起，我们喜欢自然，预算比较宽裕，有老人。,巴黎,7,高,"历史,自然",朋友,有儿童,户外探险游,0.61,出行类型=0.2189; 自然兴趣=0.1376; 旅行天数=0.1339,49000,0.8445,0.0163
S0146,standard,我想去纽约玩2天，和朋友一起，我们喜欢美食，预算中等，需要轮椅无障碍设施。,东京,7,中,文化,单人,轮椅友好,文化深度游,0.5,出行类型=0.2189; 自然兴趣=0.1376; 旅行天数=0.1339,12600,0.8445,0.0153
S0516,standard,我想去罗马玩5天，我们喜欢美食、购物，预算中等。,纽约,2,中,美食,朋友,无,美食购物游,0.55,出行类型=0.2189; 自然兴趣=0.1376; 旅行天数=0.1339,5200,0.8445,0.0166
B0068,boundary,我想去伦敦玩7天，和爱人一起，我们喜欢美食，预算比较有限。,伦敦,7,低,美食,家庭,有儿童,美食购物游,0.58,出行类型=0.2189; 自然兴趣=0.1376; 旅行天数=0.1339,7280,0.8445,0.0155
B0013,boundary,我想去纽约玩7天，和爱人一起，我们喜欢自然，预算中等，有老人。,伦敦,7,中,购物,情侣,轮椅友好,美食购物游,0.46,出行类型=0.2189; 自然兴趣=0.1376; 旅行天数=0.1339,16800,0.8445,0.0176
S0495,standard,我想去罗马玩3天，我们喜欢历史，预算中等，有老人。,纽约,5,中,购物,单人,无,美食购物游,0.45,出行类型=0.2189; 自然兴趣=0.1376; 旅行天数=0.1339,13000,0.8445,0.0175
S0074,standard,我想去东京玩7天，和朋友一起，我们喜欢美食、自然，预算比较有限，需要轮椅无障碍设施。,巴黎,7,中,"美食,历史",情侣,有老人,文化深度游,0.4,出行类型=0.2189; 自然兴趣=0.1376; 旅行天数=0.1339,16800,0.8445,0.0162
S0533,standard,我想去伦敦玩1天，我们喜欢美食、购物，预算比较有限，需要轮椅无障碍设施。,罗马,7,中,"文化,自然",朋友,有老人,户外探险游,0.67,出行类型=0.2189; 自然兴趣=0.1376; 旅行天数=0.1339,14000,0.8445,0.0161
B0114,boundary,我想去巴黎玩1天，和家人一起，我们喜欢历史，预算比较有限，有小孩子。,纽约,1,低,美食,朋友,无,美食购物游,0.54,出行类型=0.2189; 自然兴趣=0.1376; 旅行天数=0.1339,1100,0.8445,0.0149
S0385,standard,我想去巴黎玩1天，和爱人一起，我们喜欢历史、自然，预算比较有限。,罗马,7,低,自然,家庭,有老人,户外探险游,0.5,出行类型=0.2189; 自然兴趣=0.1376; 旅行天数=0.1339,6300,0.8445,0.0157
S0515,standard,我想去罗马玩5天，我们喜欢自然、美食，预算中等，需要轮椅无障碍设施。,伦敦,1,高,美食,家庭,轮椅友好,美食购物游,0.49,出行类型=0.2189; 自然兴趣=0.1376; 旅行天数=0.1339,7000,0.8445,0.0157
S0096,standard,我想去东京玩1天，我们喜欢购物、自然，预算比较宽裕。,东京,1,中,文化,家庭,有老人,文化深度游,0.58,出行类型=0.2189; 自然兴趣=0.1376; 旅行天数=0.1339,1800,0.8445,0.0146
S0488,standard,我想去纽约玩1天，和朋友一起，我们喜欢购物、自然，预算比较有限，需要轮椅无障碍设施。,罗马,2,低,历史,单人,轮椅友好,文化深度游,0.51,出行类型=0.2189; 自然兴趣=0.1376; 旅行天数=0.1339,1800,0.8445,0.0144
S0526,standard,我想去纽约玩7天，和爱人一起，我们喜欢文化，预算比较有限，需要轮椅无障碍设施。,伦敦,2,高,历史,情侣,轮椅友好,情侣浪漫游,0.5,出行类型=0.2189; 自然兴趣=0.1376; 旅行天数=0.1339,14000,0.8445,0.0163
B0060,boundary,我想去罗马玩1天，我们喜欢美食，预算比较有限，需要轮椅无障碍设施。,罗马,1,低,购物,家庭,有儿童,美食购物游,0.57,出行类型=0.2189; 自然兴趣=0.1376; 旅行天数=0.1339,900,0.8445,0.0165
S0619,standard,我想去伦敦玩1天，我们喜欢历史、美食，预算比较宽裕，有小孩子。,罗马,5,高,"自然,历史",家庭,轮椅友好,文化深度游,0.41,出行类型=0.2189; 自然兴趣=0.1376; 旅行天数=0.1339,30000,0.8445,0.0162
S0050,standard,我想去东京玩3天，和家人一起，我们喜欢购物、自然，预算比较有限，有小孩子。,伦敦,5,高,"美食,文化",家庭,无,亲子家庭游,0.65,出行类型=0.2189; 自然兴趣=0.1376; 旅行天数=0.1339,35000,0.8445,0.0143
S0320,standard,我想去罗马玩7天，我们喜欢自然，预算比较宽裕，有老人。,东京,1,中,"历史,美食",家庭,有老人,亲子家庭游,0.41,出行类型=0.2189; 自然兴趣=0.1376; 旅行天数=0.1339,1800,0.8445,0.0167
S0307,standard,我想去东京玩2天，和爱人一起，我们喜欢购物、自然，预算比较宽裕，有老人。,巴黎,1,高,文化,单人,无,奢华体验,0.58,出行类型=0.2189; 自然兴趣=0.1376; 旅行天数=0.1339,7000,0.8445,0.0175
B0152,boundary,我想去伦敦玩7天，和家人一起，我们喜欢美食，预算比较宽裕，有老人。,罗马,7,高,购物,单人,有老人,奢华体验,0.46,出行类型=0.2189; 自然兴趣=0.1376; 旅行天数=0.1339,42000,0.8445,0.0167
E0012,edge,我想去罗马玩4天，和家人一起，我们喜欢历史，预算中等。,罗马,4,中,历史,家庭,有儿童和老人,文化深度游,0.55,出行类型=0.2189; 自然兴趣=0.1376; 旅行天数=0.1339,8000,0.8445,0.018
S0132,standard,我想去巴黎玩1天，和朋友一起，我们喜欢历史，预算比较有限，有老人。,纽约,7,中,"历史,文化",单人,轮椅友好,文化深度游,0.56,出行类型=0.2189; 自然兴趣=0.1376; 旅行天数=0.1339,18200,0.8445,0.0161
S0014,standard,我想去巴黎玩7天，我们喜欢购物，预算中等，有小孩子。,巴黎,7,高,"文化,历史",单人,有老人,奢华体验,0.52,出行类型=0.2189; 自然兴趣=0.1376; 旅行天数=0.1339,49000,0.8445,0.017
B0119,boundary,我想去巴黎玩1天，和朋友一起，我们喜欢历史，预算比较有限，需要轮椅无障碍设施。,伦敦,1,低,购物,家庭,无,亲子家庭游,0.55,出行类型=0.2189; 自然兴趣=0.1376; 旅行天数=0.1339,1040,0.8445,0.0168
E0084,edge,我想去东京玩5天，和爱人一起，我们喜欢奢华体验、米其林餐厅，预算比较有限。,东京,5,低,"奢华体验,米其林餐厅",情侣,无,文化深度游,0.23,出行类型=0.2189; 自然兴趣=0.1376; 旅行天数=0.1339,4000,0.8445,0.0167
S0291,standard,我想去纽约玩5天，和爱人一起，我们喜欢美食，预算比较有限，有老人。,伦敦,2,高,"自然,购物",朋友,有儿童,奢华体验,0.37,出行类型=0.2189; 自然兴趣=0.1376; 旅行天数=0.1339,14000,0.8445,0.0168
S0242,standard,我想去东京玩7天，和爱人一起，我们喜欢美食、文化，预算比较有限，有小孩子。,伦敦,1,高,购物,情侣,无,情侣浪漫游,0.53,出行类型=0.2189; 自然兴趣=0.1376; 旅行天数=0.1339,7000,0.8445,0.0168
S0152,standard,我想去纽约玩7天，和家人一起，我们喜欢自然，预算比较有限，有老人。,伦敦,5,高,"历史,自然",家庭,有老人,文化深度游,0.41,出行类型=0.2189; 自然兴趣=0.1376; 旅行天数=0.1339,35000,0.8445,0.0176
B0072,boundary,我想去巴黎玩7天，我们喜欢美食，预算比较有限，需要轮椅无障碍设施。,东京,7,低,购物,单人,有儿童,美食购物游,0.41,出行类型=0.2189; 自然兴趣=0.1376; 旅行天数=0.1339,5600,0.8445,0.0162
S0424,standard,我想去伦敦玩5天，和家人一起，我们喜欢购物，预算中等，需要轮椅无障碍设施。,东京,1,高,文化,朋友,轮椅友好,奢华体验,0.54,出行类型=0.2189; 自然兴趣=0.1376; 旅行天数=0.1339,5600,0.8445,0.0157
S0158,standard,我想去东京玩1天，我们喜欢自然，预算比较宽裕。,纽约,2,高,文化,单人,有儿童,奢华体验,0.58,出行类型=0.2189; 自然兴趣=0.1376; 旅行天数=0.1339,15200,0.8445,0.0166
E0018,edge,我想去东京玩5天，和爱人一起，我们喜欢奢华体验、米其林餐厅，预算比较有限。,东京,5,低,"奢华体验,米其林餐厅",情侣,无,文化深度游,0.23,出行类型=0.2189; 自然兴趣=0.1376; 旅行天数=0.1339,4000,0.8445,0.017
S0464,standard,我想去东京玩1天，和朋友一起，我们喜欢自然，预算比较宽裕，需要轮椅无障碍设施。,东京,7,中,文化,情侣,有老人,文化深度游,0.49,出行类型=0.2189; 自然兴趣=0.1376; 旅行天数=0.1339,12600,0.8445,0.0166
S0053,standard,我想去纽约玩3天，和朋友一起，我们喜欢美食，预算中等，有小孩子。,巴黎,3,低,"历史,文化",家庭,有老人,文化深度游,0.58,出行类型=0.2189; 自然兴趣=0.1376; 旅行天数=0.1339,3000,0.8445,0.0158
S0286,standard,我想去伦敦玩2天，和朋友一起，我们喜欢美食、文化，预算比较宽裕，有老人。,纽约,3,中,自然,情侣,有老人,户外探险游,0.66,出行类型=0.2189; 自然兴趣=0.1376; 旅行天数=0.1339,7800,0.8445,0.0153
S0584,standard,我想去东京玩1天，和爱人一起，我们喜欢购物，预算比较宽裕，有老人。,巴黎,3,低,"自然,文化",家庭,轮椅友好,文化深度游,0.38,出行类型=0.2189; 自然兴趣=0.1376; 旅行天数=0.1339,3000,0.8445,0.0153
S0212,standard,我想去伦敦玩3天，和朋友一起，我们喜欢文化、历史，预算中等，有小孩子。,纽约,5,低,"历史,文化",朋友,有儿童,文化深度游,0.52,出行类型=0.2189; 自然兴趣=0.1376; 旅行天数=0.1339,5500,0.8445,0.0147
S0254,standard,我想去东京玩3天，和朋友一起，我们喜欢美食、自然，预算中等，需要轮椅无障碍设施。,巴黎,5,中,文化,朋友,无,文化深度游,0.49,出行类型=0.2189; 自然兴趣=0.1376; 旅行天数=0.1339,12000,0.8445,0.0145
S0177,standard,我想去纽约玩2天，和家人一起，我们喜欢自然，预算比较有限，有小孩子。,罗马,3,高,文化,朋友,无,奢华体验,0.45,出行类型=0.2189; 自然兴趣=0.1376; 旅行天数=0.1339,18000,0.8445,0.015
S0253,standard,我想去罗马玩1天，和朋友一起，我们喜欢美食，预算比较宽裕，有小孩子。,伦敦,5,低,"购物,美食",单人,有儿童,美食购物游,0.53,出行类型=0.2189; 自然兴趣=0.1376; 旅行天数=0.1339,5200,0.8445,0.0152
S0325,standard,我想去巴黎玩3天，和家人一起，我们喜欢美食、历史，预算中等，需要轮椅无障碍设施。,罗马,3,中,自然,朋友,有儿童,户外探险游,0.67,出行类型=0.2189; 自然兴趣=0.1376; 旅行天数=0.1339,6000,0.8445,0.0148
S0218,standard,我想去罗马玩1天，和朋友一起，我们喜欢文化、历史，预算比较有限，有老人。,巴黎,2,高,"美食,文化",家庭,无,亲子家庭游,0.66,出行类型=0.2189; 自然兴趣=0.1376; 旅行天数=0.1339,14000,0.8445,0.0158
S0258,standard,我想去伦敦玩7天，我们喜欢购物，预算比较宽裕，有老人。,罗马,3,高,美食,单人,有儿童,奢华体验,0.44,出行类型=0.2189; 自然兴趣=0.1376; 旅行天数=0.1339,18000,0.8445,0.0156
S0345,standard,我想去巴黎玩5天，和爱人一起，我们喜欢自然，预算中等。,巴黎,5,中,自然,朋友,无,户外探险游,0.67,出行类型=0.2189; 自然兴趣=0.1376; 旅行天数=0.1339,12000,0.8445,0.0158
S0572,standard,我想去罗马玩3天，和爱人一起，我们喜欢文化，预算比较有限，需要轮椅无障碍设施。,纽约,1,低,自然,情侣,有老人,经济观光,0.33,出行类型=0.2189; 自然兴趣=0.1376; 旅行天数=0.1339,1100,0.8445,0.0157
B0048,boundary,我想去罗马玩1天，和朋友一起，我们喜欢文化，预算比较有限。,纽约,1,低,购物,朋友,有儿童,美食购物游,0.45,出行类型=0.2189; 自然兴趣=0.1376; 旅行天数=0.1339,1100,0.8445,0.0157
B0011,boundary,我想去纽约玩7天，和爱人一起，我们喜欢历史，预算中等，需要轮椅无障碍设施。,伦敦,7,中,美食,朋友,有儿童,美食购物游,0.49,出行类型=0.2189; 自然兴趣=0.1376; 旅行天数=0.1339,16800,0.8445,0.0166
S0367,standard,我想去东京玩3天，和家人一起，我们喜欢购物，预算比较宽裕，有老人。,伦敦,2,中,"文化,购物",情侣,有儿童,文化深度游,0.53,出行类型=0.2189; 自然兴趣=0.1376; 旅行天数=0.1339,4800,0.8445,0.0143
S0126,standard,我想去罗马玩2天，和朋友一起，我们喜欢历史、美食，预算比较有限，需要轮椅无障碍设施。,罗马,1,低,自然,家庭,无,亲子家庭游,0.63,出行类型=0.2189; 自然兴趣=0.1376; 旅行天数=0.1339,900,0.8445,0.0183
S0016,standard,我想去纽约玩7天，和爱人一起，我们喜欢购物、美食，预算中等，有老人。,东京,2,高,"购物,自然",家庭,有老人,美食购物游,0.41,出行类型=0.2189; 自然兴趣=0.1376; 旅行天数=0.1339,11200,0.8445,0.0154
S0474,standard,我想去巴黎玩5天，我们喜欢购物、文化，预算中等，有小孩子。,纽约,7,低,"文化,历史",单人,无,文化深度游,0.51,出行类型=0.2189; 自然兴趣=0.1376; 旅行天数=0.1339,7700,0.8445,0.0152
S0019,standard,我想去伦敦玩5天，和爱人一起，我们喜欢自然、历史，预算比较有限，有小孩子。,罗马,3,中,"购物,自然",家庭,有老人,美食购物游,0.39,出行类型=0.2189; 自然兴趣=0.1376; 旅行天数=0.1339,6000,0.8445,0.0145
S0595,standard,我想去巴黎玩5天，和朋友一起，我们喜欢美食，预算比较宽裕。,东京,5,高,文化,单人,无,奢华体验,0.52,出行类型=0.2189; 自然兴趣=0.1376; 旅行天数=0.1339,28000,0.8445,0.0144
E0002,edge,我想去罗马玩4天，和家人一起，我们喜欢历史，预算中等。,罗马,4,中,历史,家庭,有儿童和老人,文化深度游,0.55,出行类型=0.2189; 自然兴趣=0.1376; 旅行天数=0.1339,8000,0.8445,0.0147
S0087,standard,我想去巴黎玩7天，我们喜欢文化、购物，预算比较有限，有老人。,罗马,1,低,"文化,历史",单人,无,文化深度游,0.6,出行类型=0.2189; 自然兴趣=0.1376; 旅行天数=0.1339,900,0.8445,0.0143
E0045,edge,我想去巴黎玩3天，我们喜欢什么都想看看，预算中等。,巴黎,3,中,什么都想看看,单人,无,文化深度游,0.31,出行类型=0.2189; 自然兴趣=0.1376; 旅行天数=0.1339,7200,0.8445,0.0142
S0351,standard,我想去巴黎玩1天，和爱人一起，我们喜欢美食、自然，预算比较宽裕，需要轮椅无障碍设施。,纽约,2,高,"文化,美食",家庭,有老人,亲子家庭游,0.46,出行类型=0.2189; 自然兴趣=0.1376; 旅行天数=0.1339,15200,0.8445,0.0163
S0684,standard,我想去东京玩2天，我们喜欢自然，预算比较有限，需要轮椅无障碍设施。,纽约,3,中,文化,家庭,有老人,文化深度游,0.54,出行类型=0.2189; 自然兴趣=0.1376; 旅行天数=0.1339,7800,0.8445,0.0169
S0453,standard,我想去纽约玩7天，和爱人一起，我们喜欢美食，预算比较宽裕。,纽约,2,中,美食,家庭,轮椅友好,美食购物游,0.57,出行类型=0.2189; 自然兴趣=0.1376; 旅行天数=0.1339,5200,0.8445,0.0159
S0315,standard,我想去伦敦玩1天，和家人一起，我们喜欢自然、美食，预算比较宽裕。,罗马,5,中,"文化,购物",家庭,有老人,亲子家庭游,0.42,出行类型=0.2189; 自然兴趣=0.1376; 旅行天数=0.1339,10000,0.8445,0.0306
S0179,standard,我想去伦敦玩7天，和家人一起，我们喜欢自然、美食，预算比较有限。,纽约,3,高,"文化,历史",情侣,轮椅友好,情侣浪漫游,0.5,出行类型=0.2189; 自然兴趣=0.1376; 旅行天数=0.1339,22800,0.8445,0.0193
S0279,standard,我想去纽约玩1天，我们喜欢自然，预算比较宽裕，需要轮椅无障碍设施。,东京,3,中,"历史,美食",情侣,有老人,文化深度游,0.43,出行类型=0.2189; 自然兴趣=0.1376; 旅行天数=0.1339,5400,0.8445,0.0197
S0341,standard,我想去伦敦玩2天，和家人一起，我们喜欢自然、购物，预算比较宽裕，有小孩子。,罗马,7,中,自然,单人,无,户外探险游,0.69,出行类型=0.2189; 自然兴趣=0.1376; 旅行天数=0.1339,14000,0.8445,0.0167
B0113,boundary,我想去巴黎玩1天，我们喜欢美食，预算比较有限，有老人。,伦敦,1,低,购物,朋友,轮椅友好,美食购物游,0.44,出行类型=0.2189; 自然兴趣=0.1376; 旅行天数=0.1339,1040,0.8445,0.0161
S0239,standard,我想去巴黎玩3天，我们喜欢文化，预算中等，有老人。,东京,5,高,文化,朋友,有老人,奢华体验,0.48,出行类型=0.2189; 自然兴趣=0.1376; 旅行天数=0.1339,28000,0.8445,0.0159
E0086,edge,我想去东京玩5天，和爱人一起，我们喜欢奢华体验、米其林餐厅，预算比较有限。,东京,5,低,"奢华体验,米其林餐厅",情侣,无,文化深度游,0.23,出行类型=0.2189; 自然兴趣=0.1376; 旅行天数=0.1339,4000,0.8445,0.0146
S0648,standard,我想去伦敦玩7天，和爱人一起，我们喜欢美食、购物，预算比较宽裕，有小孩子。,巴黎,3,高,自然,单人,轮椅友好,户外探险游,0.63,出行类型=0.2189; 自然兴趣=0.1376; 旅行天数=0.1339,21000,0.8445,0.0153
S0082,standard,我想去罗马玩5天，我们喜欢历史，预算比较有限。,巴黎,2,低,"历史,美食",朋友,轮椅友好,经济观光,0.42,出行类型=0.2189; 自然兴趣=0.1376; 旅行天数=0.1339,2000,0.8445,0.0146
B0178,boundary,我想去东京玩1天，我们喜欢文化，预算比较有限，需要轮椅无障碍设施。,巴黎,1,低,自然,朋友,有老人,经济观光,0.33,出行类型=0.2189; 自然兴趣=0.1376; 旅行天数=0.1339,1000,0.8445,0.0142
S0162,standard,我想去纽约玩7天，和家人一起，我们喜欢文化、自然，预算比较宽裕，有老人。,伦敦,5,低,自然,单人,有老人,户外探险游,0.7,出行类型=0.2189; 自然兴趣=0.1376; 旅行天数=0.1339,5200,0.8445,0.0142
B0095,boundary,我想去东京玩1天，和家人一起，我们喜欢历史，预算比较有限，有小孩子。,东京,1,低,美食,朋友,有老人,美食购物游,0.55,出行类型=0.2189; 自然兴趣=0.1376; 旅行天数=0.1339,800,0.8445,0.0149
S0056,standard,我想去巴黎玩7天，和朋友一起，我们喜欢自然，预算中等，有老人。,伦敦,2,中,"购物,自然",情侣,无,美食购物游,0.36,出行类型=0.2189; 自然兴趣=0.1376; 旅行天数=0.1339,4800,0.8445,0.0153
S0335,standard,我想去东京玩1天，和朋友一起，我们喜欢购物，预算比较有限，有老人。,东京,5,高,"自然,美食",情侣,无,情侣浪漫游,0.51,出行类型=0.2189; 自然兴趣=0.1376; 旅行天数=0.1339,28000,0.8445,0.0145
E0054,edge,我想去巴黎玩3天，我们喜欢什么都想看看，预算中等。,巴黎,3,中,什么都想看看,单人,无,文化深度游,0.31,出行类型=0.2189; 自然兴趣=0.1376; 旅行天数=0.1339,7200,0.8445,0.0153
B0105,boundary,我想去东京玩1天，和朋友一起，我们喜欢历史，预算比较有限，有小孩子。,罗马,1,低,历史,情侣,轮椅友好,文化深度游,0.56,出行类型=0.2189; 自然兴趣=0.1376; 旅行天数=0.1339,900,0.8445,0.015
S0638,standard,我想去伦敦玩3天，我们喜欢购物、历史，预算比较宽裕，需要轮椅无障碍设施。,东京,1,中,自然,家庭,无,亲子家庭游,0.64,出行类型=0.2189; 自然兴趣=0.1376; 旅行天数=0.1339,1800,0.8445,0.0159
S0487,standard,我想去罗马玩5天，和家人一起，我们喜欢购物、美食，预算中等。,巴黎,5,低,文化,单人,轮椅友好,文化深度游,0.48,出行类型=0.2189; 自然兴趣=0.1376; 旅行天数=0.1339,5000,0.8445,0.0153
S0348,standard,我想去伦敦玩2天，和朋友一起，我们喜欢文化、购物，预算中等，有老人。,东京,7,高,自然,朋友,有儿童,户外探险游,0.61,出行类型=0.2189; 自然兴趣=0.1376; 旅行天数=0.1339,39200,0.8445,0.0145
S0388,standard,我想去纽约玩5天，和朋友一起，我们喜欢购物，预算中等，有小孩子。,巴黎,3,中,"美食,文化",朋友,有儿童,文化深度游,0.4,出行类型=0.2189; 自然兴趣=0.1376; 旅行天数=0.1339,7200,0.8445,0.0169
S0522,standard,我想去巴黎玩5天，和家人一起，我们喜欢历史、美食，预算比较宽裕，有老人。,伦敦,7,中,"历史,美食",朋友,轮椅友好,文化深度游,0.37,出行类型=0.2189; 自然兴趣=0.1376; 旅行天数=0.1339,16800,0.8445,0.0159
B0169,boundary,我想去伦敦玩1天，和家人一起，我们喜欢购物，预算比较有限，需要轮椅无障碍设施。,东京,1,低,购物,情侣,有老人,美食购物游,0.43,出行类型=0.2189; 自然兴趣=0.1376; 旅行天数=0.1339,800,0.8445,0.0152
E0050,edge,我想去伦敦玩3天，和朋友一起，我们喜欢文化，不太确定。,伦敦,3,不太确定,文化,朋友,无,文化深度游,0.49,出行类型=0.2189; 自然兴趣=0.1376; 旅行天数=0.1339,5400,0.8445,0.0159
S0661,standard,我想去巴黎玩1天，和朋友一起，我们喜欢自然、历史，预算比较宽裕。,伦敦,7,低,购物,情侣,轮椅友好,美食购物游,0.45,出行类型=0.2189; 自然兴趣=0.1376; 旅行天数=0.1339,7280,0.8445,0.0151
S0422,standard,我想去伦敦玩5天，和爱人一起，我们喜欢历史、购物，预算比较有限，需要轮椅无障碍设施。,罗马,2,高,"文化,历史",单人,无,奢华体验,0.6,出行类型=0.2189; 自然兴趣=0.1376; 旅行天数=0.1339,12000,0.8445,0.016
S0219,standard,我想去伦敦玩5天，和家人一起，我们喜欢文化，预算中等，有小孩子。,伦敦,7,低,自然,朋友,轮椅友好,户外探险游,0.68,出行类型=0.2189; 自然兴趣=0.1376; 旅行天数=0.1339,7280,0.8445,0.0152
B0007,boundary,我想去罗马玩7天，我们喜欢文化，预算比较宽裕，需要轮椅无障碍设施。,伦敦,7,高,购物,情侣,有儿童,情侣浪漫游,0.51,出行类型=0.2189; 自然兴趣=0.1376; 旅行天数=0.1339,49000,0.8445,0.0151
S0176,standard,我想去纽约玩2天，和家人一起，我们喜欢文化、美食，预算中等，有小孩子。,罗马,2,高,"历史,购物",朋友,有老人,奢华体验,0.53,出行类型=0.2189; 自然兴趣=0.1376; 旅行天数=0.1339,12000,0.8445,0.0152
E0021,edge,我想去伦敦玩3天，和朋友一起，我们喜欢文化，不太确定。,伦敦,3,不太确定,文化,朋友,无,文化深度游,0.49,出行类型=0.2189; 自然兴趣=0.1376; 旅行天数=0.1339,5400,0.8445,0.0158
S0268,standard,我想去巴黎玩2天，和朋友一起，我们喜欢文化、自然，预算比较有限，有老人。,东京,5,低,自然,家庭,有老人,户外探险游,0.5,出行类型=0.2189; 自然兴趣=0.1376; 旅行天数=0.1339,4000,0.8445,0.0161
B0094,boundary,我想去纽约玩1天，和朋友一起，我们喜欢文化，预算比较有限，有老人。,东京,1,低,文化,情侣,轮椅友好,文化深度游,0.54,出行类型=0.2189; 自然兴趣=0.1376; 旅行天数=0.1339,800,0.8445,0.0163
E0088,edge,我想去巴黎玩3天，我们喜欢什么都想看看，预算中等。,巴黎,3,中,什么都想看看,单人,无,文化深度游,0.31,出行类型=0.2189; 自然兴趣=0.1376; 旅行天数=0.1339,7200,0.8445,0.0162
S0377,standard,我想去伦敦玩2天，和家人一起，我们喜欢文化，预算比较宽裕，有老人。,罗马,3,中,历史,朋友,有儿童,文化深度游,0.54,出行类型=0.2189; 自然兴趣=0.1376; 旅行天数=0.1339,6000,0.8445,0.015
B0081,boundary,我想去伦敦玩7天，和家人一起，我们喜欢文化，预算比较有限，有小孩子。,东京,7,低,购物,情侣,有老人,美食购物游,0.43,出行类型=0.2189; 自然兴趣=0.1376; 旅行天数=0.1339,5600,0.8445,0.014
B0166,boundary,我想去罗马玩7天，和爱人一起，我们喜欢自然，预算比较宽裕。,伦敦,7,高,历史,家庭,有老人,文化深度游,0.45,出行类型=0.2189; 自然兴趣=0.1376; 旅行天数=0.1339,49000,0.8445,0.0143
E0035,edge,我想去东京玩5天，和爱人一起，我们喜欢奢华体验、米其林餐厅，预算比较有限。,东京,5,低,"奢华体验,米其林餐厅",情侣,无,文化深度游,0.23,出行类型=0.2189; 自然兴趣=0.1376; 旅行天数=0.1339,4000,0.8445,0.0157
B0045,boundary,我想去伦敦玩7天，我们喜欢购物，预算中等，需要轮椅无障碍设施。,罗马,7,中,购物,家庭,轮椅友好,美食购物游,0.55,出行类型=0.2189; 自然兴趣=0.1376; 旅行天数=0.1339,14000,0.8445,0.0156
S0432,standard,我想去伦敦玩7天，和爱人一起，我们喜欢文化、购物，预算比较有限。,纽约,7,高,"文化,历史",朋友,轮椅友好,奢华体验,0.45,出行类型=0.2189; 自然兴趣=0.1376; 旅行天数=0.1339,53200,0.8445,0.0154
S0046,standard,我想去巴黎玩2天，和爱人一起，我们喜欢文化，预算比较宽裕，需要轮椅无障碍设施。,罗马,1,低,自然,情侣,有老人,经济观光,0.33,出行类型=0.2189; 自然兴趣=0.1376; 旅行天数=0.1339,900,0.8445,0.0152
S0029,standard,我想去罗马玩1天，和爱人一起，我们喜欢历史、文化，预算中等。,巴黎,7,高,购物,家庭,有老人,美食购物游,0.5,出行类型=0.2189; 自然兴趣=0.1376; 旅行天数=0.1339,49000,0.8445,0.0163
S0313,standard,我想去纽约玩1天，和朋友一起，我们喜欢历史、购物，预算中等，需要轮椅无障碍设施。,纽约,3,高,"文化,自然",情侣,轮椅友好,情侣浪漫游,0.49,出行类型=0.2189; 自然兴趣=0.1376; 旅行天数=0.1339,22800,0.8445,0.0159
S0236,standard,我想去东京玩3天，和爱人一起，我们喜欢文化、历史，预算中等。,纽约,2,高,"购物,美食",情侣,有老人,情侣浪漫游,0.48,出行类型=0.2189; 自然兴趣=0.1376; 旅行天数=0.1339,15200,0.8445,0.0158
S0478,standard,我想去罗马玩5天，我们喜欢文化，预算比较宽裕，有老人。,伦敦,5,低,购物,情侣,有儿童,美食购物游,0.46,出行类型=0.2189; 自然兴趣=0.1376; 旅行天数=0.1339,5200,0.8445,0.0154
B0155,boundary,我想去巴黎玩7天，我们喜欢购物，预算比较有限，有老人。,罗马,7,低,自然,单人,有儿童,户外探险游,0.7,出行类型=0.2189; 自然兴趣=0.1376; 旅行天数=0.1339,6300,0.8445,0.0153
