id,type,input,city,days,budget,interests,run,output_length,source,time_s,output_preview,output_full
S0004,standard,我想去巴黎玩2天，和朋友一起，我们喜欢购物、自然，预算比较宽裕，有老人。,伦敦,2,中,"自然,历史",1,4851,agent,268.97,# 巴黎 2日行程 · 亲友奢享自然购物之旅  ## 行程概览 本行程专为“宽裕预算+长辈同行+朋友结伴”定制，以“慢节奏、重舒适、强体验”为核心，巧妙串联巴黎顶级购物街区与经典法式园林景观。假设出行月份为 **5月或10月**（巴黎最佳旅行季，均温12-21°C，日照充足但偶有阵雨），整体节奏每日安排1-2个核心自然景点+1条主题购物街，步行单次控制在30分钟内，预留充足休憩空间，兼顾长辈舒适度与朋友的时尚探索欲。  ---  ## 第 1 天：皇家园林漫步 & 香榭丽舍奢华巡礼 > 绿意与高定交织，在平坦的林荫大道与塞纳河畔感受巴黎的优雅底色  **上午** - **杜乐丽花园 (Jard,"# 巴黎 2日行程 · 亲友奢享自然购物之旅

## 行程概览
本行程专为“宽裕预算+长辈同行+朋友结伴”定制，以“慢节奏、重舒适、强体验”为核心，巧妙串联巴黎顶级购物街区与经典法式园林景观。假设出行月份为 **5月或10月**（巴黎最佳旅行季，均温12-21°C，日照充足但偶有阵雨），整体节奏每日安排1-2个核心自然景点+1条主题购物街，步行单次控制在30分钟内，预留充足休憩空间，兼顾长辈舒适度与朋友的时尚探索欲。

---

## 第 1 天：皇家园林漫步 & 香榭丽舍奢华巡礼
> 绿意与高定交织，在平坦的林荫大道与塞纳河畔感受巴黎的优雅底色

**上午**
- **杜乐丽花园 (Jardin des Tuileries) & 橘园美术馆 (Musée de l'Orangerie)**
  - 简介：从协和广场延伸至卢浮宫的皇家轴线园林，步道平坦宽阔，适合长辈缓行；橘园美术馆藏有莫奈《睡莲》全景巨作，光线柔和，视觉震撼。
  - 参考票价：花园免费 / 橘园成人 ¥110（约€14），学生/25岁以下欧盟居民 ¥75，65岁以上长者凭护照免票；建议购买巴黎博物馆通票（2日¥480）更划算。
  - 建议游览时长：花园 1 小时 + 橘园 1 小时
  - 小贴士：橘园美术馆入口在花园西侧（Place de la Concorde旁），**设有无障碍电梯直达地下展厅**；建议9:00开馆即入，避开10:30后旅行团高峰。馆内长椅充足，可随时坐下休息。

> 🚇 **前往午餐**：步行约 5 分钟 / 若长辈腿脚疲劳，可于花园西侧呼叫 Bolt/Uber 专车，约 ¥35（€4.5），3分钟直达餐厅。

**午餐推荐**
- **Le Fumoir** — 现代法餐/露台景观，人均约 ¥550
  - 推荐菜品：香煎海鲈鱼、松露野菌烩饭、招牌法式焦糖布丁。餐厅位于卢浮宫对面，设有安静靠窗座与儿童/长者友好型软垫座椅；服务生可提供温水与毛毯。

**下午**
- **蒙田大道 (Avenue Montaigne) & 香榭丽舍林荫道 (Champs-Élysées)**
  - 简介：巴黎顶级高定与轻奢品牌聚集地（Dior、Chanel、Louis Vuitton旗舰店），街道宽阔平坦；后半段转入香榭丽舍，两旁椴树成荫，适合自然漫步。
  - 参考票价：免费逛街 / 部分旗舰店提供预约制VIP私人导购服务（免费）
  - 建议游览时长：2.5 小时（含中途咖啡休息）
  - 小贴士：Dior总店（30 Av. Montaigne）与LVMH大厦设有**专属无障碍入口与电梯**；建议每逛40分钟在 **Pierre Hermé** 或 **Angelina** 门店内落座休息，品尝马卡龙与热巧克力补充体力。

> 🚇 **前往晚餐**：预约专车/出租车（酒店前台可代叫），约 ¥80（€10），15分钟直达乔治五世大道。

**晚餐推荐**
- **Le Cinq (Four Seasons Hotel George V)** — 三星米其林，人均约 ¥2,500
  - 推荐菜品：松露鹅肝冻、蓝龙虾、法式清汤炖菜。餐厅环境私密安静，灯光柔和，服务节奏舒缓；提供长者专属软靠椅与低盐/易咀嚼定制菜单（需提前24小时邮件备注）。

**晚上**
- **塞纳河私人包船夜游 (Bateaux Mouches 私人定制舱)**
  - 简介：避开拥挤的公共游船，包租小型玻璃舱游船，沿塞纳河缓缓穿行，两岸埃菲尔铁塔、奥赛博物馆、巴黎圣母院灯光尽收眼底。全程坐席，零步行压力，长辈与朋友皆可轻松拍照交流。
  - 参考票价：私人小包船约 ¥3,000-4,500（可坐4-6人），含香槟与小食。
  - 小贴士：20:30登船最佳，日落与夜景无缝衔接；船舱恒温空调，备有薄毯。

> 💡 备选：若遇持续降雨或大风，上午替换为 **卢浮宫（预约轮椅通道+电梯）**，下午替换为 **老佛爷百货（Galeries Lafayette）+ 春天百货（Printemps）**，两栋建筑有室内连廊互通，顶层设VIP休息室与无障碍观景台，雨天购物完全不受影响。

---

## 第 2 天：隐秘艺术花园 & 左岸先锋设计淘货
> 穿梭于雕塑秘境与独立设计师街区，在自然与人文的交汇处享受慢时光

**上午**
- **罗丹美术馆 (Musée Rodin) 及雕塑花园**
  - 简介：由18世纪贵族府邸改建，庭院内散布《思想者》《地狱之门》等青铜原作，绿篱修剪整齐、玫瑰盛开，是巴黎最静谧的自然艺术空间。
  - 参考票价：成人 ¥110（€14），65岁以上长者 ¥85，26岁以下免票；花园免费区域可单独参观。
  - 建议游览时长：1.5 小时
  - 小贴士：主馆入口（77 Rue de Varenne）台阶较多，**请务必使用右侧无障碍坡道入口**；馆内每50米设休息长椅，花园草坪区可铺野餐垫小憩（宽裕预算可提前预约馆方提供的VIP导览+轮椅借用服务）。

> 🚇 **前往午餐**：预约专车直达布洛涅森林，约 ¥150（€19），25分钟。沿途可欣赏巴黎西部林荫景观。

**午餐推荐**
- **Le Pré Catelan** — 二星米其林/森林景观，人均约 ¥1,800
  - 推荐菜品：时令蔬菜塔、烤乳鸽配黑醋栗汁、法式甜品拼盘。餐厅坐落于布洛涅森林深处，被百年橡树与湖泊环绕，环境极度安静；提供长者易消化菜单，落地窗正对自然湖景，用餐体验如置身画境。

**下午**
- **乐蓬马歇百货 (Le Bon Marché Rive Gauche) & 圣日耳曼德佩设计师街 (Rue de Seine / Rue Jacob)**
  - 简介：巴黎历史最悠久的高端百货，选品偏向小众设计师与环保材质品牌；周边街区聚集独立香水（Diptyque、Frédéric Malle）、手工皮具与复古家居店，适合深度淘货。
  - 参考票价：免费 / 百货内设有付费私人造型顾问（约 ¥800/小时）
  - 建议游览时长：2 小时
  - 小贴士：Le Bon Marché 内部**全区域配备自动扶梯与直梯**，B1层美食广场设有多处带软座休息区；圣日耳曼街区石板路略不平，建议为长辈穿缓震运动鞋，每逛45分钟在 **Café de Flore** 或 **Les Deux Magots** 露台小坐。

> 🚇 **前往晚餐**：步行约 10 分钟（约600米，全程平坦）/ 若长辈疲惫可叫出租车，约 ¥25（€3），3分钟。

**晚餐推荐**
- **L'Atelier de Joël Robuchon (Saint-Germain)** — 一星米其林，人均约 ¥1,200
  - 推荐菜品：招牌土豆泥、和牛塔塔、龙虾意饺。采用开放式厨房吧台+半包厢座位，氛围轻松但不失高级感；服务团队节奏明快，可提供长者优先上菜与温酒服务。

**晚上**
- **蒙马特高地缆车登顶 + 圣心堂日落观景 + 爵士吧放松**
  - 简介：乘坐 **Montmartre Funicular（缆车）** 直达山顶，避开陡坡台阶；在圣心堂前广场俯瞰巴黎全景，随后步行5分钟至 **Caveau de la Huchette** 或 **Le Duc des Lombards** 欣赏现场爵士乐演出。
  - 参考票价：缆车单次 ¥15（€2，含在Navigo交通卡内）/ 爵士吧门票 ¥150-250（含饮品）
  - 小贴士：缆车出口即达广场，**全程无需爬坡**；广场石板路夜间略滑，建议长辈穿防滑鞋。爵士吧21:30开场，音量适中，有卡座可提前预订。

> 💡 备选：若遇暴雨或气温骤降，上午替换为 **奥赛博物馆（Musée d'Orsay，印象派殿堂，内部全平地+充足座椅）**，下午替换为 **莎玛丽丹百货 (La Samaritaine)**，内部连廊贯通，顶层设室内温室花园与观景台，雨天亦可享受自然绿意与购物乐趣。

---

## 住宿建议
| 档次 | 推荐酒店/区域 | 位置优势 & 人群适配 | 参考价格（每晚） |
|------|--------------|---------------------|------------------|
| 奢华型 | **Four Seasons Hotel George V**（乔治五世大道） | 距香榭丽舍步行5分钟，全无障碍设计，提供长者专属管家与轮椅；适合宽裕预算家庭/亲友团 | ¥8,000-12,000 |
| 精品型 | **Hôtel Particulier Montmartre**（蒙马特隐秘庭院） | 独栋别墅+私人花园，环境极度安静，距缆车站10分钟；适合追求私密与自然氛围的长辈与朋友 | ¥4,500-6,500 |
| 舒适型 | **Citadines Tour Eiffel Paris**（埃菲尔铁塔区） | 公寓式酒店，带小厨房与电梯，步行至塞纳河10分钟；空间大，适合多人分摊成本且需灵活作息的团体 | ¥2,500-3,500 |

> 注：所有推荐酒店均确认配备电梯、无障碍客房及24小时前台，预订时请备注“需低楼层/安静朝向/长者防滑垫”。

---

## 预算参考（3人，2天，参考估算）
| 项目 | 预估费用（人民币）|
|------|-----------------|
| 国际往返机票（3人）| ¥18,000-24,000（经济舱参考，直飞/转机浮动，节假日上浮30%） |
| 当地交通（专车/打车/缆车）| ¥1,800（宽裕预算优先预约 Bolt Premium/Uber Black，单次¥80-150） |
| 住宿（1晚）| ¥4,500-12,000（按中档至奢华区间） |
| 餐饮（含2顿米其林+日常）| ¥9,000 |
| 景点门票/游船 | ¥2,500 |
| 购物/其他（预留）| ¥15,000-30,000（视个人消费而定） |
| **合计** | **¥50,800-88,300** |
| **人均** | **¥16,900-29,400** |

> ⚠️ 机票价格受出发日期、舱位和购买时间影响较大，以上为参考区间，实际价格请以出行前实时查询为准。米其林餐厅需提前1-3个月官网预约，专车建议通过酒店礼宾部预订以确保无障碍车辆。

---

## 实用信息
- **签证**：中国公民需提前办理申根签证（法国签发），建议提前2个月通过中智法签递交；65岁以上长者免签证费，需提供退休证明及亲属关系公证。
- **货币**：欧元（€），建议携带少量现金（€200应急），日常消费95%以上支持 Visa/Mastercard 及 Apple Pay。宽裕预算下可直接使用国际信用卡绑定酒店/餐厅账户。
- **语言**：法语为主，旅游区/高端场所英语流利；常用短语：Bonjour（你好）、Merci（谢谢）、S'il vous plaît（请）、Où sont les toilettes?（洗手间在哪？）
- **气候**：5-10月均温12-21°C，早晚温差大，偶有阵雨。**穿衣建议**：轻薄防风外套+舒适缓震鞋（长辈必备）；随身带折叠伞。**极端天气预案**：巴黎地铁易在暴雨时局部停运，宽裕预算请直接使用预约专车或酒店礼宾叫车，避免户外滞留。
- **紧急联系**：报警/急救 112 / 15；中国驻法国大使馆领事保护电话 +33-1-44944780；旅游投诉/无障碍协助可拨打巴黎旅游局热线 01 49 52 42 63（提供英语服务）。"
S0004,standard,我想去巴黎玩2天，和朋友一起，我们喜欢购物、自然，预算比较宽裕，有老人。,伦敦,2,中,"自然,历史",2,4493,agent,119.33,# 巴黎 2日行程 · 亲友舒缓漫游（长者友好+高奢购物+自然园林）  ## 行程概览 这是一趟专为“朋友同行+长者随行”定制的巴黎短途漫游，以“半日自然园林+半日精品商圈”为节奏主轴，避开暴走路线，每日步行控制在合理区间，并穿插室内高奢购物与舒适餐饮。出行以春秋季（均温12-20°C，偶有阵雨）为基准，行程已内置雨天室内替代方案与高温/严寒时段休息点，兼顾长者的体力需求与购物爱好者的品质体验。整体节奏舒缓、动线顺畅，全程推荐专车接驳以提升舒适度。  ---  ## 第 1 天：左岸绿荫漫步与经典高街购物 > 塞纳河畔的微风与百年百货的精致交织，兼顾自然呼吸与从容购物  **上午** - 杜乐,"# 巴黎 2日行程 · 亲友舒缓漫游（长者友好+高奢购物+自然园林）

## 行程概览
这是一趟专为“朋友同行+长者随行”定制的巴黎短途漫游，以“半日自然园林+半日精品商圈”为节奏主轴，避开暴走路线，每日步行控制在合理区间，并穿插室内高奢购物与舒适餐饮。出行以春秋季（均温12-20°C，偶有阵雨）为基准，行程已内置雨天室内替代方案与高温/严寒时段休息点，兼顾长者的体力需求与购物爱好者的品质体验。整体节奏舒缓、动线顺畅，全程推荐专车接驳以提升舒适度。

---

## 第 1 天：左岸绿荫漫步与经典高街购物
> 塞纳河畔的微风与百年百货的精致交织，兼顾自然呼吸与从容购物

**上午**
- 杜乐丽花园（Jardin des Tuileries，协和广场至卢浮宫之间）
  - 简介：巴黎最负盛名的法式几何园林，林荫大道、喷泉雕塑与露天座椅错落有致，清晨光线柔和，非常适合长者缓步散心。
  - 参考票价：免费
  - 建议游览时长：1.5 小时
  - 小贴士：全园铺设平整碎石与柏油路，轮椅/助行器无障碍通行；建议从协和广场入口进入，避开正午人流。每300米设有长椅休息区，可搭配手推车租赁（约€5/小时）。

> 🚇 **前往下一站**：预约专车/出租车（约 8 分钟，€12-15）/ 地铁1号线 Tuileries站 → Concorde站（步行约5分钟，长者建议优先专车）

**午餐推荐**
- Café de Flore（花神咖啡馆） — 法式经典轻食/咖啡，人均约 €45-55
  - 推荐菜品：法式火腿三明治（Croque-monsieur）、现烤牛角包、热巧克力。临窗座位安静，提供高脚椅与无障碍洗手间，适合长者落座休息。

> 🚇 **前往下一站**：步行约 3 分钟（街区平缓，沿途有遮阳棚）/ 专车 €6

**下午**
- 乐蓬马歇百货（Le Bon Marché Rive Gauche，24 Rue de Sèvres, 75007）
  - 简介：全球首家现代百货公司，主打低调奢华与设计师品牌，空间宽敞、动线清晰，购物环境极度舒适，避免拥挤嘈杂。
  - 参考票价：免费入场
  - 建议游览时长：2.5 小时（含咖啡厅休息）
  - 小贴士：每层均配备宽敞电梯与无障碍坡道；1楼设VIP购物顾问预约（免费），可提前沟通长者需求；结账后可直接在4楼办理退税（需护照）。建议14:00后前往，避开早高峰。

> 🚇 **前往下一站**：预约专车/出租车（约 15 分钟，€18-22）/ 地铁12号线 Sèvres-Babylone站 → Madeleine站（需换乘，长者建议专车）

**晚餐推荐**
- L'Atelier de Joël Robuchon（Saint-Germain分店） — 米其林一星现代法餐，人均约 €90-120
  - 推荐菜品：招牌土豆泥（Pommes Purée）、黑松露饺子、主厨品鉴套餐。吧台与圆桌区光线柔和，服务节奏舒缓，提供无障碍通道与安静包厢预订。

**晚上**
- 塞纳河私人游船夜航（Bateaux Parisiens / Vedettes du Pont Neuf 包舱或VIP座位）
  - 简介：沿塞纳河缓行，途经埃菲尔铁塔、奥赛博物馆、巴黎圣母院旧址，夜间灯光璀璨，全程坐席观赏，无需步行。
  - 参考票价：€35-50/人（VIP包厢约€80/人）
  - 建议游览时长：1 小时
  - 小贴士：务必提前官网预约日落时段（19:30-20:30）；登船口设升降梯，轮椅/长者友好；船舱恒温，备薄外套。

> 💡 备选：橘园美术馆（Musée de l'Orangerie）—— 若遇降雨或体力下降，可替换为室内莫奈《睡莲》真迹观赏，馆内恒温、座椅充足，轮椅全程无障碍，票价约 €12.5。

---

## 第 2 天：右岸旗舰商圈与城市秘境公园
> 蒙马特外的静谧绿洲与香榭丽舍旁的高定长廊，购物与自然无缝切换

**上午**
- 蒙索公园（Parc Monceau，8区与17区交界）
  - 简介：巴黎最优雅的英式园林之一，古罗马柱廊、蜿蜒小径与静谧湖泊相映成趣，游客稀少，是本地长者晨练与散步的私藏地。
  - 参考票价：免费
  - 建议游览时长：1.5 小时
  - 小贴士：主环路全程平整柏油路，坡度<3%；每200米设带顶长椅；园内无台阶区域，推车/轮椅畅行无阻。建议09:00前抵达，享受清晨鸟鸣与薄雾。

> 🚇 **前往下一站**：预约专车/出租车（约 12 分钟，€15-18）/ 地铁2号线 Monceau站 → Opéra站（步行约6分钟，长者建议专车）

**午餐推荐**
- Café de la Paix（和平咖啡馆） — 新古典主义法式餐厅，人均约 €50-65
  - 推荐菜品：法式洋葱汤、香煎海鲈鱼、焦糖布丁。拿破仑三世风格装潢，空间挑高不压抑，提供低盐/软食定制，无障碍洗手间位于主厅侧翼。

> 🚇 **前往下一站**：步行约 4 分钟（奥斯曼大道平坦直路）/ 专车 €8

**下午**
- 圣奥诺雷市郊路（Rue du Faubourg Saint-Honoré）与老佛爷百货奥斯曼店（Galeries Lafayette Haussmann）
  - 简介：爱马仕、香奈儿、迪奥等高定旗舰店云集的“高定一条街”；老佛爷则提供一站式高奢与生活方式购物，穹顶彩绘与顶层露台极具视觉震撼。
  - 参考票价：免费入场
  - 建议游览时长：2.5 小时（含顶层观景休息）
  - 小贴士：老佛爷1-3楼品牌密集，建议先乘直达电梯至顶层露台（电梯宽敞，长者友好），俯瞰巴黎天际线后逐层下行；1楼设“Tax Refund”快速通道，支持银联/Visa退税。圣奥诺雷街路面平整，但部分老店台阶较高，建议走主街。

> 🚇 **前往下一站**：预约专车/出租车（约 10 分钟，€12-15）/ 地铁7号线 Opéra站 → Palais Royal站（步行约3分钟，长者建议专车）

**晚餐推荐**
- Le Grand Véfour（皇家宫殿广场内） — 历史米其林二星古典法餐，人均约 €150-200
  - 推荐菜品：黑松露清汤、龙虾烩饭、经典法式千层酥。18世纪壁画包厢，氛围私密高雅，服务团队经验丰富，可提前备注长者饮食禁忌与软质菜品。

**晚上**
- 酒店行政酒廊休憩或预约“巴黎夜景专车巡览”（Chauffeur-driven City Lights Tour）
  - 简介：乘坐豪华轿车沿香榭丽舍、凯旋门、蒙帕纳斯大厦、铁塔环线缓行，车内恒温舒适，配专业司机兼讲解，长者无需下车步行即可饱览地标。
  - 参考票价：€180-220/车（可坐3-4人）
  - 建议游览时长：1.5 小时
  - 小贴士：单人旅行需注意财物，本行程为亲友同行且全程专车，安全性极高；建议20:00后出发，避开晚高峰拥堵。

> 💡 备选：奥赛博物馆（Musée d'Orsay）—— 若下午购物体力透支或遇雨天，可替换为印象派殿堂，馆内原火车站结构自带多座大型电梯，中庭休息区长椅充足，成人票约 €16，65岁以上长者享折扣（需证件）。

---

## 住宿建议
按高预算标准推荐，均位于1/6/8区核心商圈，步行可达自然园林或购物街，且配备无障碍设施与电梯：
1. **Le Meurice（巴黎丽兹级奢华）** — 1区杜乐丽花园正对面，步行2分钟入园林。价格约 €900-1,400/晚。优势：管家服务、无障碍客房、米其林餐厅直连，极适合长者与追求品质的亲友。
2. **Hôtel Particulier Montmartre（隐秘精品）** — 18区蒙马特高地旁，自带私密法式庭院。价格约 €600-900/晚。优势：闹中取静、独立电梯、庭院绿植环绕，适合喜欢自然氛围且预算宽裕的团队。
3. **Mandarin Oriental Paris（文华东方）** — 1区旺多姆广场旁，距圣奥诺雷购物街仅3分钟。价格约 €800-1,200/晚。优势：全楼层无障碍动线、室内恒温泳池与SPA、行李直送客房，购物后恢复体力首选。

---

## 预算参考（4人，2天，高预算参考估算）
| 项目 | 预估费用（人民币）|
|------|-----------------|
| 国际往返机票（4人）| ¥60,000-80,000（经济/优选舱参考，节假日上浮20%-30%） |
| 当地交通（专车/出租车为主）| ¥3,500-4,500 |
| 住宿（2晚，4人2间或1间套房）| ¥12,000-16,000 |
| 餐饮（含2顿正餐+咖啡厅/游船简餐）| ¥8,000-10,000 |
| 景点门票/游船/专车巡览 | ¥3,000-4,000 |
| 购物/其他（免税+伴手礼）| ¥20,000-50,000（视个人需求浮动） |
| **合计** | **¥106,500-164,500** |
| **人均** | **¥26,600-41,100** |

> ⚠️ 机票价格受出发日期、舱位和购买时间影响较大，以上为参考区间，实际价格请以出行前实时查询为准。购物预算为弹性项，巴黎高街单品差价较大，建议预留充足额度。

---

## 实用信息
- **签证**：中国公民需提前申请申根签证（法国）。通过“中智法签”官网预约，准备行程单、酒店预订单、往返机票、旅行医疗保险（保额≥€30,000）。建议出行前6-8周递交。
- **货币**：当地使用欧元（€）。大额商场/餐厅均支持Visa/Mastercard/银联/Apple Pay，建议随身携带少量现金（€50-100）用于小费或市集。巴黎机场/市区银行ATM取现手续费约€3-5/笔。
- **语言**：官方语言为法语。旅游区、百货公司、米其林餐厅英语通用。常用短语：Bonjour（您好）、Merci（谢谢）、Excusez-moi（打扰一下）、Où sont les toilettes?（洗手间在哪？）。
- **气候**：以春秋季（4-5月/9-10月）为例，均温12-20°C，昼夜温差大，午后偶有阵雨。**穿衣建议**：防风薄外套/针织开衫+舒适防滑平底鞋（长者必备）+折叠晴雨伞。**极端预案**：若遇大雨，全天行程无缝切换至室内百货、美术馆与恒温游船；若遇高温（>30°C），上午提前至08:30开始，11:30-15:00安排商场/酒店休息，避开露天暴晒。
- **紧急联系**：欧盟通用报警电话 **112**；法国急救 **15**，警察 **17**；中国驻法国大使馆领事保护电话 **+33-1-49521950**。建议长者随身佩戴写有紧急联系人电话与血型信息的卡片，酒店前台可协助叫车与医疗对接。"
S0004,standard,我想去巴黎玩2天，和朋友一起，我们喜欢购物、自然，预算比较宽裕，有老人。,伦敦,2,中,"自然,历史",3,5046,agent,244.86,# 巴黎 2日行程 · 亲友同行（高预算/适老优化）  ## 行程概览 专为朋友结伴且携长辈设计的巴黎轻奢慢游。结合5月典型气候（15-22°C，偶有阵雨，日照充足），行程以“皇家园林自然漫步+高奢街区精品购物”为主线，每日步行距离控制在4-5公里内，单次连续步行不超过30分钟即安排休憩点。全程采用无障碍专车接送、优先预订带电梯/休息室的场所，兼顾长辈的舒适体感与朋友间的品质社交体验。  ## 出发准备 （未提供出发地，跳过航班查询。建议抵达巴黎戴高乐机场CDG后，提前预约带无障碍设施的高端接送专车，直接送至酒店，避免地铁换乘与行李拖拽。）  ---  ## 第 1 天：左岸绿意与塞纳河慢时光,"# 巴黎 2日行程 · 亲友同行（高预算/适老优化）

## 行程概览
专为朋友结伴且携长辈设计的巴黎轻奢慢游。结合5月典型气候（15-22°C，偶有阵雨，日照充足），行程以“皇家园林自然漫步+高奢街区精品购物”为主线，每日步行距离控制在4-5公里内，单次连续步行不超过30分钟即安排休憩点。全程采用无障碍专车接送、优先预订带电梯/休息室的场所，兼顾长辈的舒适体感与朋友间的品质社交体验。

## 出发准备
（未提供出发地，跳过航班查询。建议抵达巴黎戴高乐机场CDG后，提前预约带无障碍设施的高端接送专车，直接送至酒店，避免地铁换乘与行李拖拽。）

---

## 第 1 天：左岸绿意与塞纳河慢时光
> 古典园林的自然治愈与左岸文艺气息的优雅交融

**上午**
- **卢森堡公园 (Jardin du Luxembourg)**（75006 Paris, 近RER B Luxembourg站）
  - 简介：巴黎最负盛名的法式皇家园林，拥有修剪整齐的草坪、林荫步道与美第奇喷泉，清晨人少鸟鸣，适合长辈散步与朋友拍照。
  - 参考票价：免费
  - 建议游览时长：1.5 小时
  - 小贴士：5月气温舒适但地面偶有露水，建议穿防滑平底鞋。园内长椅密集，每走20分钟即可坐下休息。主入口（Rue de Médicis）设有平缓坡道，轮椅友好。

> 🚇 **前往下一站**：预约无障碍专车（约 ¥100–150，15分钟），直达左岸餐厅，避免地铁台阶与换乘劳累

**午餐推荐**
- **Le Procope** — 巴黎最古老咖啡馆（1686年开业），传统法餐，人均约 ¥450
  - 推荐菜品：红酒炖鸡（Coq au Vin，肉质软烂适合长辈）、法式洋葱汤、现烤可丽饼
  - 适老提示：店内设有复古包厢与软垫高背椅，地面防滑，服务员可提供温水与靠枕；环境相对安静，适合朋友轻声交谈

**下午**
- **杜乐丽花园 (Jardin des Tuileries)**（1 Rue de Rivoli, 75001）
  - 简介：卢浮宫与协和广场之间的开放式法式花园，轴线对称的雕塑群、中央水池与林荫大道极具自然韵律感。
  - 参考票价：免费
  - 建议游览时长：1 小时
  - 小贴士：沿Rue de Rivoli一侧入口进入最为平坦。花园内设有收费移动餐车与固定休息长椅，可随时补充水分。

> 🚇 **前往下一站**：步行约 8 分钟 / 或呼叫专车（约 ¥40，5分钟）沿Rue de Rivoli向东

- **乐蓬马歇百货 (Le Bon Marché Rive Gauche)**（24 Rue de Sèvres, 75007）
  - 简介：全球首家现代百货公司，空间开阔、动线清晰，主打高端设计师品牌与精致生活方式，购物体验远超普通商场。
  - 参考票价：免费入场（消费自理）
  - 建议游览时长：1.5–2 小时
  - 小贴士：预算宽裕可直接预约百货VIP Personal Shopper服务（前台或官网预约），提供私人导购、专属休息室与免排队结账。全馆配备多部透明观光电梯与无障碍卫生间，长辈可随时在2楼La Grande Épicerie美食区沙发休息。

> 🚇 **前往下一站**：预约专车接送（约 ¥80–120，12分钟），前往晚餐餐厅

**晚餐推荐**
- **Le Clarence** — 2星米其林，新派法式料理（31 Avenue Franklin D. Roosevelt, 75008），人均约 ¥1400
  - 推荐菜品：季节品鉴菜单（可定制软食/低盐选项）、布列塔尼蓝龙虾、现切奶酪拼盘
  - 适老提示：需提前2个月官网预订，备注“需安静包间/无障碍通道”；灯光柔和、桌距宽敞，服务节奏从容

**晚上**
- **塞纳河私人半包游船 (Bateaux Mouches / Private Charter)**
  - 简介：避开拥挤的公共班次，预订玻璃穹顶半包船舱，夜航塞纳河，两岸埃菲尔铁塔、奥赛博物馆、巴黎圣母院在灯光下倒映水中，自然与人文夜景完美融合。
  - 参考票价：半包厢约 ¥900–1300/人（含香槟/软饮）
  - 建议时长：1.5 小时
  - 小贴士：选择登船口（Port de la Conférence）有无障碍坡道。舱内恒温，5月夜间微凉可备薄披肩。全程坐席，无站立走动压力。

> 💡 备选：**橘园美术馆 (Musée de l'Orangerie)**——若遇突发降雨或长辈需避寒，可替换下午户外行程。馆内恒温22°C，莫奈《睡莲》环形展厅座椅舒适，轮椅全程无障碍，需官网提前预约10:00-10:30时段避开人流。

---

## 第 2 天：森林秘境与香榭高奢巡礼
> 城市绿肺的深呼吸与巴黎顶奢购物街的沉浸式体验

**上午**
- **布洛涅森林 (Bois de Boulogne)**（近Porte Dauphine入口，75116）
  - 简介：巴黎西侧最大自然林地，拥有湖泊、玫瑰园、鹿苑与幽静林道，游客较少，空气质量极佳，是逃离城市喧嚣的自然疗愈地。
  - 参考票价：免费
  - 建议游览时长：1.5 小时
  - 小贴士：建议从Porte Dauphine进入，沿Lac Inférieur湖畔步道行走，路面平整。若长辈体力有限，可租赁高尔夫球车（约 ¥300/小时，需驾照/陪同）或预订园区电动导览车，减少步行压力。

> 🚇 **前往下一站**：预约专车（约 ¥100–130，15分钟），直达森林内餐厅，避免午后暴晒步行

**午餐推荐**
- **Le Pré Catelan** — 2星米其林，坐落于布洛涅森林内（2 Route de Suresnes, 75016），人均约 ¥1100
  - 推荐菜品：森林野菌汤、香煎海鲈鱼配芦笋、法式苹果挞
  - 适老提示：露台座位可俯瞰湖景与林木，自然通风极佳。主厨可提供低脂/易咀嚼定制菜单，服务团队对长者关怀细致，环境私密安静。

**下午**
- **香榭丽舍大街 (Avenue des Champs-Élysées) & 蒙田大道 (Avenue Montaigne)**
  - 简介：全球顶级购物地标。香街汇聚LV、Dior、Cartier等旗舰店，蒙田大道则是Haute Couture高定与珠宝腕表核心区。
  - 参考票价：免费入场
  - 建议游览时长：2–2.5 小时
  - 小贴士：高预算建议提前通过酒店礼宾或品牌官网预约“Private Appointment”（私人鉴赏时段），享受独立VIP室、专属顾问与免排队通道。各旗舰店均设电梯与休息区。5月下午14:00-16:00为客流高峰，建议13:00前开始或16:30后错峰。街道宽阔，每200米有公共长椅与咖啡馆可歇脚。

> 🚇 **前往下一站**：步行约 10 分钟至香街中段，或专车短驳（约 ¥50，5分钟）至晚餐地点

**晚餐推荐**
- **Le Fouquet's** — 百年传奇法式铜锅餐厅（99 Avenue des Champs-Élysées, 75008），人均约 ¥700
  - 推荐菜品：鹅肝酱（Foie Gras）、油封鸭腿（Confit de Canard）、经典舒芙蕾
  - 适老提示：位于香街核心但内部设隔音包厢，皮质卡座柔软。提供现磨黑胡椒与低盐选项，翻台节奏舒缓，适合朋友聚餐聊天。

**晚上**
- **凯旋门顶层夜景 + 酒店露台微醺**
  - 简介：乘电梯登顶凯旋门（需提前官网预约无障碍时段），俯瞰12条放射状大道与巴黎灯火；随后返回酒店专属露台酒吧，点一杯法产香槟，以放松姿态结束行程。
  - 参考票价：凯旋门门票成人 ¥135（18岁以下/欧盟26岁以下免费），电梯无障碍需现场向工作人员申请协助；露台酒吧消费约 ¥150/杯
  - 建议时长：1.5 小时
  - 小贴士：登顶电梯仅对行动不便者开放，需提前在官网“Accessibility”栏目备注或现场出示说明。5月夜间风力稍大，建议带轻薄防风外套。若长辈不愿登高，可直接改在酒店露台观景，体验同样浪漫且更省力。

> 💡 备选：**巴黎老佛爷百货/春天百货屋顶露台**——若长辈对高奢购物兴趣减弱，可前往Haussmann商圈两店顶楼免费观景台，360°俯瞰巴黎歌剧院与城市天际线，内部设电梯直达，空调恒温，适合傍晚轻松散步。

---

## 住宿建议
按高预算与长辈舒适度优先，推荐以下区域与酒店：
1. **香格里拉大酒店 (Shangri-La Hotel Paris)**（16区 Trocadéro）
   - 优势：原王室宫殿改造，70%房间直面埃菲尔铁塔，全馆电梯/坡道完善，提供24小时管家服务与适老客房（防滑浴室、紧急呼叫按钮）。步行10分钟至塞纳河与夏乐宫花园。
   - 价格区间：¥7,500–10,500/晚
   - 适合度：极度适合长辈+朋友组合，私密性强，景观震撼，服务响应极快。

2. **巴黎丽兹酒店 (Ritz Paris)**（1区 Place Vendôme）
   - 优势：位于旺多姆广场，步行至杜乐丽花园与蒙田大道仅5-8分钟。内部设恒温泳池、米其林餐厅与专业SPA，房间隔音极佳。
   - 价格区间：¥9,000–13,000/晚
   - 适合度：适合追求极致法式奢华与历史底蕴的旅客，购物动线极短，长辈可享受酒店内SPA放松。

---

## 预算参考（3人，2天1晚，参考估算）
| 项目 | 预估费用（人民币）|
|------|-----------------|
| 当地交通（专车接送/出租车/地铁）| ¥1,200–1,800（高预算全程专车优先，含无障碍车型） |
| 住宿（1 晚，双床/连通房）| ¥8,000–11,000 |
| 餐饮（2午餐+2晚餐+饮品/小食）| ¥6,500–8,500 |
| 景点门票/游船/私人服务 | ¥2,500–3,500（含游船包厢、凯旋门门票、VIP导购预约） |
| 购物/其他（预留弹性）| ¥5,000+（视品牌与消费档次浮动） |
| **合计** | **¥23,200–28,300** |
| **人均** | **¥7,700–9,400** |

> ⚠️ 机票价格受出发日期、舱位和购买时间影响较大，以上为参考区间，实际价格请以出行前实时查询为准。巴黎高奢购物可凭护照办理退税（单店满€100.01可退约10.8%-12%），建议保留好所有购物小票。

---

## 实用信息
- **签证**：中国公民需提前申请申根签证（法国为主申国）。建议至少提前2-3个月通过TLScontact签证中心递交，准备行程单、酒店预订单、机票预订单及充足资金证明。
- **货币**：欧元 (EUR)。巴黎高预算场所普遍支持Visa/Mastercard/Apple Pay，建议携带少量现金（€100-200）用于小费或街头摊贩。部分百货支持支付宝/微信，但汇率略逊于信用卡。
- **语言**：法语。旅游区英语通用，建议手机下载离线法语翻译包。常用短语：Bonjour（你好）, Merci（谢谢）, S'il vous plaît（请）, L'addition, s'il vous plaît（买单）。
- **气候**：5月巴黎均温15-22°C，早晚微凉，午后偶有阵雨。**穿衣建议**：洋葱式穿搭（薄针织衫+风衣/轻薄防水外套），舒适防滑平底鞋（避免高跟或新鞋磨脚）。**极端天气预案**：随身携带折叠伞与轻薄披肩；遇持续降雨，立即启用备选室内美术馆/百货方案；高温日（>28°C）缩短露天行程，增加空调休息区停留时间。
- **紧急联系**：
  - 欧洲通用紧急电话：112
  - 医疗急救 (SAMU)：15
  - 报警 (Police)：17
  - 中国驻法国大使馆领事保护与协助电话：+33-1-53758840
  - 建议提前在外交部“领事直通车”小程序登记行程，购买涵盖医疗转运与行李延误的高端旅行保险。"
E0077,edge,我想去东京玩5天，和爱人一起，我们喜欢奢华体验、米其林餐厅，预算比较有限。,东京,5,低,"奢华体验,米其林餐厅",1,26,error,6976.75,[ERROR: Connection error.],[ERROR: Connection error.]
E0077,edge,我想去东京玩5天，和爱人一起，我们喜欢奢华体验、米其林餐厅，预算比较有限。,东京,5,低,"奢华体验,米其林餐厅",2,7243,agent,167.19,# 东京 5日行程 · 情侣浪漫轻奢游  ## 行程概览 这是一趟专为“预算有限但追求品质”的情侣量身定制的东京轻奢之旅。整体节奏舒缓浪漫，巧妙利用**“米其林午市套餐（价格约为晚市1/3）+ 免费高质感景观 + 1次核心奢华体验”**的策略，在不超预算的前提下最大化享受高级餐饮与私密氛围。假设出行于春秋季（4-5月或10-11月），东京气温约15-22°C，体感舒适但偶有阵雨；行程已按“早晚避峰、中午灵活”原则编排，并每日配备雨天/体力调整备选方案。  ## 出发准备 （如提供出发地可补充航班，此处以通用建议为例） - ✈️ **航班建议**：优先选择直飞羽田机场（HND）的航班，距市区仅3,"# 东京 5日行程 · 情侣浪漫轻奢游

## 行程概览
这是一趟专为“预算有限但追求品质”的情侣量身定制的东京轻奢之旅。整体节奏舒缓浪漫，巧妙利用**“米其林午市套餐（价格约为晚市1/3）+ 免费高质感景观 + 1次核心奢华体验”**的策略，在不超预算的前提下最大化享受高级餐饮与私密氛围。假设出行于春秋季（4-5月或10-11月），东京气温约15-22°C，体感舒适但偶有阵雨；行程已按“早晚避峰、中午灵活”原则编排，并每日配备雨天/体力调整备选方案。

## 出发准备
（如提供出发地可补充航班，此处以通用建议为例）
- ✈️ **航班建议**：优先选择直飞羽田机场（HND）的航班，距市区仅30-40分钟，比成田节省1小时以上交通时间与费用。参考经济舱往返票价 ¥3,000-5,500/人（提前2-3个月预订，避开节假日）。
- 🎒 **行前准备**：提前下载 `Tokyo Metro` 地铁APP与 `Google Maps`；购买 `Suica/PASMO` 交通卡（手机Apple Wallet可直接开通）；预约热门餐厅与 `teamLab`/`涩谷SKY` 门票（至少提前1-2个月）。

---

## 第 1 天：银座精致初探 & 艺术漫步
> 以百年商圈的精致橱窗与米其林午市套餐开启东京的优雅序曲

**上午**
- 酒店办理入住 & 银座中央通漫步（银座4-8丁目）
  - 简介：避开周末拥挤的工作日早晨，银座街道干净开阔，适合情侣并肩漫步，欣赏资生堂花椿会馆、和光百货钟楼等历史建筑外观。
  - 参考票价：免费
  - 建议游览时长：1.5小时
  - 小贴士：若遇降雨，可直接进入松屋银座（Matsuya）或GINZA SIX室内连廊，避免淋雨且能欣赏免费艺术装置。

> 🚇 **前往下一站**：步行约 5 分钟至午餐地点（银座中央通沿线）

**午餐推荐**
- 天ぷら 近藤（Ginza Tenpura Kondo） — 米其林一星天妇罗，人均约 ¥500-700（午市套餐）
  - 推荐菜品：季节野菜天妇罗套餐（含车海老、星鳗、南瓜花）。午市套餐性价比极高，环境安静私密，非常适合情侣慢享。需提前官网预约，注明过敏原。

> 🚇 **前往下一站**：步行约 10 分钟 → 资生堂艺术之家/松屋银座屋顶花园

**下午**
- 资生堂艺术之家 / 松屋银座8楼屋顶花园（银座）
  - 简介：资生堂画廊定期举办免费当代艺术展；松屋屋顶花园是隐藏的城市绿洲，可远眺银座街景，适合情侣拍照休息。
  - 参考票价：免费
  - 建议游览时长：1.5小时
  - 小贴士：画廊周一通常休馆，建议周二至周五前往。花园座椅有限，建议错峰14:00-16:00。

> 🚇 **前往下一站**：地铁银座线 银座站 → 新桥站（1站，约3分钟，¥15）/ 步行约 15 分钟

**晚餐推荐**
- 鸟贵族 / 银座烧肉 六（新桥/银座） — 高分居酒屋或轻奢烧肉，人均约 ¥150-250
  - 推荐菜品：烧鸟拼盘、和牛横膈膜、高球酒（Highball）。环境热闹但不嘈杂，适合放松首日旅途疲劳。

> 🚇 **前往下一站**：步行约 10 分钟返回酒店

**晚上**
- 酒店休息 & 足部/肩颈轻按摩（可预约酒店内或步行范围内的 `Refine` 连锁按摩）
  - 安全提示：东京夜间治安极佳，但银座周边酒吧街人流较多，注意保管随身物品。

> 💡 备选：若遇大雨或体力不足，下午可替换为 **GINZA SIX 茑屋书店**（室内文化地标，有咖啡区，步行1分钟可达午餐地）

---

## 第 2 天：神宫静谧 & 塔影浪漫
> 从森林神社的东方禅意，过渡到红白铁塔的都市浪漫

**上午**
- 明治神宫（1-1 Kamizonocho, Shibuya）
  - 简介：宁静的神社，森林环绕，每月有传统仪式。清晨鸟居下光影极佳，适合情侣牵手漫步。
  - 参考票价：免费
  - 建议游览时长：1-2小时
  - 小贴士：从原宿站步行10分钟进入。建议 9:00 前抵达避开旅行团，参道两侧古树参天，空气极佳。

> 🚇 **前往下一站**：步行约 10 分钟 → 原宿站周边

**午餐推荐**
- MAISEN 青山总本店（表参道） — 日式炸猪排名店，人均约 ¥120-180
  - 推荐菜品：厚切里脊猪排定食（附无限续沙拉与味噌汤）。餐厅由旧防空洞改造，氛围独特。需现场排队，建议 11:00 前到。

> 🚇 **前往下一站**：地铁银座线 表参道站 → 涩谷站（2站，约5分钟，¥18）

**下午**
- 涩谷SKY 展望台（涩谷Scramble Square 46-47F）
  - 简介：360°露天无玻璃观景台，俯瞰十字路口与东京天际线。
  - 参考票价：成人约 ¥140-160（提前官网预约时段）
  - 建议游览时长：1-1.5小时
  - 小贴士：务必预约 16:30-17:00 时段，可同时捕捉日落与华灯初上。露天层风大，建议携带薄外套。

> 🚇 **前往下一站**：地铁银座线/半藏门线 涩谷站 → 神谷町站/赤羽桥站（约15分钟，¥25）+ 步行 8 分钟

**晚餐推荐**
- 芝公园 浅草花月堂 / 港区洋食店 — 传统定食或洋食，人均约 ¥150-200
  - 推荐菜品：汉堡肉套餐、日式咖喱蛋包饭。位于东京塔脚下，环境温馨，避开景区溢价餐厅。

> 🚇 **前往下一站**：步行约 5 分钟至东京塔正门

**晚上**
- 东京塔夜景（4-2-8 Shibakoen, Minato City）
  - 简介：标志性红塔，夜景浪漫。主展望台视野极佳，顶层可加购玻璃地板体验。
  - 参考票价：主展望台成人 ¥1,200日元（约¥58）；顶层展望台成人 ¥3,000日元（约¥145）
  - 建议游览时长：1小时
  - 小贴士：日落时分（17:30-18:30）最出片。主展望台购票后可直接上顶层，无需二次排队。

> 💡 备选：若遇雨天或大风关闭露天层，可替换为 **六本木新城森美术馆 & 观景台**（室内艺术展+52F室内展望，雨夜城市霓虹别有一番风味）

---

## 第 3 天：下町风情 & 奢华疗愈
> 穿越江户时代的老街烟火，以顶级水疗舒缓身心

**上午**
- 浅草寺 & 仲见世通（浅草）
  - 简介：东京最古老寺庙，雷门灯笼与五重塔是经典打卡点。早晨人少时氛围庄严宁静。
  - 参考票价：免费（雷门/本堂）
  - 建议游览时长：1.5小时
  - 小贴士：建议 8:30 抵达，避开 10:00 后的大批游客。仲见世通商店 9:00 陆续开门。

> 🚇 **前往下一站**：东武浅草线 浅草站 → 藏前站（1站，约2分钟，¥15）+ 步行 3 分钟

**午餐推荐**
- 浅草今半（Asakusa Imahan） — 百年寿喜烧名店，人均约 ¥300-450（午市套餐）
  - 推荐菜品：A5和牛寿喜烧午市定食。午市价格仅为晚市一半，肉质与蘸蛋服务不打折，需提前1周官网预约。

> 🚇 **前往下一站**：都营浅草线 藏前站 → 清澄白河站（约20分钟，¥25）/ 步行 5 分钟

**下午**
- 清澄白河 艺术街区 & 蓝瓶咖啡（清澄白河）
  - 简介：由旧仓库改造的文艺街区，分布着富冈八幡宫分社、现代美术馆与独立设计店。
  - 参考票价：免费（街区漫步）
  - 建议游览时长：2小时
  - 小贴士：Blue Bottle 清澄白河店由老厂房改造，空间开阔，适合情侣喝咖啡休憩。周边有很多免费公共艺术装置。

> 🚇 **前往下一站**：都营大江户线 清澄白河站 → 两国站（2站，约5分钟，¥18）+ 步行 10 分钟

**晚餐推荐**
- 两国 相扑锅 老店（如 花田） — 传统相扑火锅，人均约 ¥200-280
  - 推荐菜品：双人份相扑锅套餐（含蔬菜、豆腐、鸡肉、米饭）。分量极大，适合分享，体验地道江户饮食文化。

> 🚇 **前往下一站**：都营大江户线 两国站 → 汐留站（约10分钟，¥22）+ 步行 5 分钟

**晚上**
- 奢华日式水疗 SPA（推荐：La Donna 或 酒店合作高端汤治）
  - 简介：预算有限的“奢华体验”核心环节。预约 2 小时私人汤疗+精油按摩（双人套餐），彻底缓解三日步行疲劳。
  - 参考票价：双人套餐约 ¥800-1,200（需提前官网/电话预约，部分含接送）
  - 小贴士：选择带私汤/岩盘浴的套餐，避开大众公共浴场，保障情侣私密性。结束后可直接乘电车或打车回酒店。

> 💡 备选：若预算需进一步压缩，晚上可替换为 **隅田川水上巴士（Himiko船）**（单程 ¥80，傍晚航行，两岸灯光极美）

---

## 第 4 天：现代光影 & 味觉巅峰
> 在数字艺术与米其林星光的交织中，触碰东京的先锋与精致

**上午**
- 丰洲市场（场外市场 & 水产批发区外围）
  - 简介：取代筑地市场的新地标，虽金枪鱼拍卖不对外开放，但场外市场新鲜海产、玉子烧、干物店极具烟火气。
  - 参考票价：免费（外围参观）
  - 建议游览时长：1.5小时
  - 小贴士：建议 7:30-9:00 前往，避开 11:00 后的拥挤。注意市场内地面湿滑，穿防滑平底鞋。

> 🚇 **前往下一站**：步行约 8 分钟至市场内寿司店

**午餐推荐**
- 丸武 / 寿司 大 分店（丰洲市场内） — 高性价比回转/柜台寿司，人均约 ¥100-150
  - 推荐菜品：时令握寿司拼盘、炙烧三文鱼腩。使用市场直送海鲜，新鲜度极高，排队时间通常<30分钟。

> 🚇 **前往下一站**：步行约 10 分钟至 teamLab Planets 入口

**下午**
- teamLab Planets TOKYO（丰洲）
  - 简介：沉浸式数字艺术美术馆，需脱鞋涉水步入光影花海与水晶宇宙。
  - 参考票价：成人约 ¥160-180（官网分时段预约）
  - 建议游览时长：1.5-2小时
  - 小贴士：必须提前官网购票！提供短裤租赁（¥20）以防涉水弄湿长裤。馆内恒温，但水温较低，建议穿易卷裤腿的服装。

> 🚇 **前往下一站**：有乐町线 丰洲站 → 六本木站（约25分钟，¥35）

**晚餐推荐**
- 六本木 / 赤坂 米其林一星晚餐（如「鮨 さいとう」或「青空」午市转晚市套餐） — 法餐/怀石/寿司，人均约 ¥600-900
  - 推荐菜品：Omakase（厨师发办）套餐。预算有限但追求奢华，建议选择 **晚市前段（17:30-18:30）** 或 **周末午市延长档**，价格比正晚市低30%，但体验完整。需信用卡担保预约。

> 🚇 **前往下一站**：步行约 3 分钟至六本木新城森大厦

**晚上**
- 六本木新城 展望台（Tokyo City View） & Rooftop Bar
  - 简介：52F室内展望台+Sky Deck（晴天开放），正对东京塔，夜景构图绝佳。
  - 参考票价：展望台成人 ¥100（约¥48）
  - 建议游览时长：1小时
  - 小贴士：持晚餐餐厅小票有时可享折扣。若预算允许，可在顶层 `New York Grill & Bar` 点两杯饮品（¥120/杯）享受爵士乐与夜景。

> 💡 备选：若遇暴雨或餐厅临时取消，可替换为 **东京中城 Midtown**（室内连廊+免费圣诞/春季灯光秀，步行5分钟可达）

---

## 第 5 天：水岸散步 & 伴手礼拾趣
> 在慢节奏的河畔街区与百年老铺中，为旅程画上温柔句点

**上午**
- 中目黑 & 代官山 漫步（目黑川沿岸、茑屋书店）
  - 简介：避开市中心喧嚣，沿目黑川散步道感受东京本地人的生活节奏，代官山巷弄充满独立设计师店与精品咖啡馆。
  - 参考票价：免费
  - 建议游览时长：2小时
  - 小贴士：春季樱花季极美，其他季节绿意盎然。茑屋书店需保持安静，适合情侣挑选设计类画册或文具。

> 🚇 **前往下一站**：东急东横线 中目黑站 → 代官山站（1站，约2分钟，¥15）

**午餐推荐**
- Sarabeth's Tokyo 代官山店 — 纽约经典Brunch，人均约 ¥150-200
  - 推荐菜品：法式吐司、班尼迪克蛋、柠檬奶油松饼。氛围明亮轻松，露台座位需早到。适合最后半天的悠闲收尾。

> 🚇 **前往下一站**：东急东横线/副都心线 代官山站 → 涩谷站（2站）→ 换乘JR山手线至东京站（约30分钟，¥45）

**下午**
- 东京站一番街（Tokyo Station Ichibangai） & 机场返程
  - 简介：地下迷宫般的伴手礼天堂，集中了东京香蕉、Press Butter Sand、KitKat 限定口味、老铺和果子等。
  - 参考票价：免费（购物另计）
  - 建议游览时长：1.5小时
  - 小贴士：部分热门点心 15:00 前售罄，建议优先购买。若航班较晚，可寄存行李于东京站中央口储物柜（¥500/大柜）。

> 🚇 **前往下一站**：JR成田特快/京急线 直达机场（约1-1.5小时，¥150-250）

**晚上**
- 抵达机场办理退税 & 登机
  - 小贴士：日本免税门槛为 ¥5,000（不含税），部分商场可叠加 5% 折扣券。液体/生鲜伴手礼建议放入托运行李。

> 💡 备选：若航班在晚间，下午可加访 **皇居外苑 & 二重桥**（免费，步行15分钟从东京站出发，傍晚护城河倒影极美）

---

## 住宿建议
针对“预算有限但追求品质”的情侣，推荐 **中档设计型酒店/精品商务**（避开动辄 ¥3,000+/晚的国际奢华连锁，选择位置极佳、服务细腻的替代）：
1. **银座/新桥区域**（如 `Mimaru Tokyo Ueno` 或 `Sotetsu Fresa Inn Ginza-Nanachome`）
   - 优势：交通枢纽，步行至银座、东京站、新桥居酒屋街均<15分钟。房型带简易厨房，适合购买便利店/超市食材轻食，节省餐饮预算。
   - 价格区间：¥600-900/晚（含双早）
2. **清澄白河/门仲区域**（如 `Hotel Monterey La Soeur Ginza` 或 设计型民宿）
   - 优势：文艺街区，周边咖啡馆密集，远离游客喧嚣，适合情侣深度放松。
   - 价格区间：¥500-750/晚
3. **六本木/赤坂区域**（如 `Richmond Hotel Premier Tokyo Akasaka`）
   - 优势：夜生活丰富，米其林餐厅集中，步行可达东京塔/中城。适合第4天晚市安排。
   - 价格区间：¥700-1,000/晚

---

## 预算参考（2人，5天，参考估算）
| 项目 | 预估费用（人民币）|
|------|-----------------|
| 国际往返机票（2人）| ¥6,000–¥9,000（经济舱参考，提前2-3个月预订） |
| 当地交通（地铁/巴士/少量打车）| ¥800（推荐购买 `Tokyo Metro 24/48/72小时券` 约¥60-¥120，覆盖90%行程） |
| 住宿（4晚，中档精品/设计酒店）| ¥3,000–¥4,000（¥750-1,000/晚×2人分摊） |
| 餐饮（含1次米其林午餐+1次一星晚市+日常高分餐厅）| ¥2,500–¥3,500（午市套餐控预算，晚市轻食+居酒屋平衡） |
| 景点门票 & 体验（teamLab/涩谷SKY/SPA/展望台）| ¥1,200 |
| 购物/伴手礼/应急 | ¥1,000–¥2,000（按需浮动） |
| **合计** | **¥14,500–¥19,700** |
| **人均** | **¥7,250–¥9,850** |

> ⚠️ 机票价格受出发日期、舱位和购买时间影响较大，以上为参考区间，实际价格请以出行前实时查询为准。本预算采用“午市享星味、住宿选地段、交通靠地铁”策略，在控制总价的同时保留 2 次核心高端体验。

---

## 实用信息
- **签证**：中国公民需办理日本单次/多次旅游签证。可通过指定旅行社或日本驻华使领馆官网线上提交，通常需5-7个工作日，需提供在职证明、银行流水及行程单。
- **货币**：日元（JPY）。当前汇率约 1 JPY ≈ 0.048 RMB。建议携带少量现金（用于神社、老店、部分拉面店），其余支持 Visa/Mastercard/支付宝/微信支付（覆盖率超80%）。
- **语言**：日语。英语在车站、酒店、商圈通用。常用短语：すみません（打扰了/抱歉）、ありがとうございます（谢谢）、トイレはどこですか（洗手间在哪）。
- **气候**：假设出行于春秋季（4-5月/10-11月），日均 15-22°C，早晚温差大。穿衣建议：薄毛衣/风衣+舒适平底鞋（东京日均步行1.5-2万步）。极端天气预案：随身带折叠伞（便利店 ¥30-50/把），高温日将户外景点移至 16:00 后，雨天启用商场/美术馆备选。
- **紧急联系**：报警 110 / 急救 119。中国驻日本大使馆领事保护电话：+81-3-3403-3065（东京）。建议下载 `Safety Tips` 官方防灾APP。"
E0077,edge,我想去东京玩5天，和爱人一起，我们喜欢奢华体验、米其林餐厅，预算比较有限。,东京,5,低,"奢华体验,米其林餐厅",3,7183,agent,257.99,# 东京 5日行程 · 情侣出行  ## 行程概览 这是一趟专为情侣打造的“轻奢华+高性价比”东京之旅。行程巧妙融合经典地标、艺术人文与静谧自然，将预算重点倾斜于1-2次米其林体验与浪漫夜景，其余时段以高品质平价餐饮与公共交通为主，确保节奏舒缓、私密感强。东京春秋两季（3-5月/10-11月）气候宜人（均温12-22°C，偶有阵雨），整体行程已内置雨天室内替代与高温避暑方案，兼顾浪漫氛围与实用效率。  ---  ## 第 1 天：经典地标与初遇浪漫 > 在都市绿洲中开启旅程，以东京塔日落与精致料理奠定浪漫基调  **上午** - 明治神宫（涩谷区代代木）   - 简介：东京都心罕见的原生森林神,"# 东京 5日行程 · 情侣出行

## 行程概览
这是一趟专为情侣打造的“轻奢华+高性价比”东京之旅。行程巧妙融合经典地标、艺术人文与静谧自然，将预算重点倾斜于1-2次米其林体验与浪漫夜景，其余时段以高品质平价餐饮与公共交通为主，确保节奏舒缓、私密感强。东京春秋两季（3-5月/10-11月）气候宜人（均温12-22°C，偶有阵雨），整体行程已内置雨天室内替代与高温避暑方案，兼顾浪漫氛围与实用效率。

---

## 第 1 天：经典地标与初遇浪漫
> 在都市绿洲中开启旅程，以东京塔日落与精致料理奠定浪漫基调

**上午**
- 明治神宫（涩谷区代代木）
  - 简介：东京都心罕见的原生森林神社，参道两侧古木参天，清晨或上午光线柔和，适合情侣牵手漫步祈福。
  - 参考票价：免费
  - 建议游览时长：1.5小时
  - 小贴士：避开周末10:00后人流高峰；每月1日/15日有传统神乐仪式；石板路略陡，穿舒适平底鞋。

> 🚇 **前往午餐**：步行至表参道（约15分钟，免费）/ 或地铁千代田线 明治神宫前站 → 表参道站（1站，约3分钟，¥180）

**午餐推荐**
- 表参道 青空食堂 / 蔦（米其林推荐系拉面/定食）— 日式轻食，人均约 ¥1,500–2,000
  - 推荐菜品：特制叉烧定食 / 季节蔬菜天妇罗套餐（环境明亮，座位间距宽，适合情侣安静用餐）

> 🚇 **前往下午景点**：步行至表参道Hills（约3分钟）/ 地铁银座线 表参道站 → 涩谷站（2站，约5分钟，¥180）

**下午**
- 表参道建筑漫步 & 涩谷十字路口观景
  - 简介：沿表参道欣赏安藤忠雄等大师设计的低调奢华建筑，随后至涩谷SCRAMBLE SQUARE 14楼观景台（SHIBUYA SKY外围免费区域）俯瞰经典十字路口。
  - 参考票价：免费（SHIBUYA SKY门票成人¥2,500，若不上去可省）
  - 建议游览时长：2小时
  - 小贴士：表参道周末午后人流密集，建议靠内侧慢行；观景台需提前1周官网预约。

> 🚇 **前往晚餐**：地铁银座线 涩谷站 → 银座站（约15分钟，¥250）/ 打车约 ¥2,500–3,000（约20分钟）

**晚餐推荐**
- Ginza Ukai-tei 或 银座一星午市/晚市套餐 — 传统割烹/法式融合，人均约 ¥10,000–12,000（平衡预算策略：选择午市套餐性价比极高，晚市提前30天预订可拿“早鸟位”）
  - 推荐菜品：季节先付八寸 / 炭烤A5和牛 / 主厨特制甜品拼盘（需预约，着商务休闲装，服务细致，无儿童喧闹区）

**晚上**
- 东京塔日落与夜景（港区芝公园）
  - 简介：知识库推荐地标，日落前40分钟登顶可同时捕捉夕阳与华灯初上，红白塔身是东京最经典的浪漫合影背景。
  - 参考票价：主展望台成人¥1,200 / 顶层展望台成人¥3,000（情侣推荐主展望台即可）
  - 建议游览时长：1.5小时
  - 小贴士：日落时间随季节变化（春约18:30，秋约17:30），务必提前查好当日时刻；顶层风大，备薄外套。

> 💡 备选：若遇雨天或体力不足 → 替换为 **六本木森美术馆**（室内当代艺术展，成人¥1,800，雨天动线舒适，出口直达Tokyo City View观景台）

---

## 第 2 天：数字艺术与静谧庭园
> 沉浸式光影邂逅古典枯山水，动静交替的治愈一日

**上午**
- teamLab Planets TOKYO（丰洲）
  - 简介：赤足走入水中与镜面交织的数字艺术空间，情侣互动感极强，拍照出片率极高。
  - 参考票价：成人¥3,800（需提前1个月官网/APP预约具体时段）
  - 建议游览时长：1.5–2小时
  - 小贴士：提供防水裤与储物柜；地面湿滑需慢行；避开周末上午10:00-12:00高峰。

> 🚇 **前往午餐**：临海线 东京Teleport站 → 有乐町站（约25分钟，¥410）/ 打车约 ¥3,000

**午餐推荐**
- 银座 野泽菜 / 荞麦处 银座 石井 — 关东荞麦/和牛料理，人均约 ¥2,500–3,500
  - 推荐菜品：手打二八荞麦冷面 / 黑毛和牛菲力盖饭（安静私密包厢可选，适合轻声交谈）

> 🚇 **前往下午景点**：步行至皇居东御苑（约10分钟）/ 地铁丸之内线 大手町站 → 日比谷站（1站，¥180）

**下午**
- 皇居东御苑 & 日比谷公园
  - 简介：江户城旧址的广阔庭园与西式花坛，春季樱花/秋季红叶极美，人少清幽，适合情侣散步放空。
  - 参考票价：免费
  - 建议游览时长：2小时
  - 小贴士：周一闭园；需出示护照/在留卡登记；园内有自动贩卖机与长椅，方便随时休息。

> 🚇 **前往晚餐**：地铁日比谷线 日比谷站 → 赤坂见附站（约5分钟，¥180）/ 步行约8分钟

**晚餐推荐**
- 赤坂 见附 割烹 吉兆 / 米其林Bib Gourmand 怀石 — 传统怀石料理，人均约 ¥8,000–11,000
  - 推荐菜品：旬之八寸 / 茶碗蒸 / 季节鱼生造（环境雅致，榻榻米区需脱鞋，提供靠背椅选项）

**晚上**
- 赤坂灯光散步 & 精品清吧微醺
  - 简介：沿赤坂见附至溜池山王一带，避开新宿/涩谷喧闹，选择一家隐蔽的威士忌或日本酒Bar（如Bar High Five外围或同街区独立酒吧）。
  - 参考消费：酒水人均 ¥2,000–3,000
  - 小贴士：单人/情侣均安全，但晚10点后建议结伴返回；提前确认Bar着装要求。

> 💡 备选：若遇高温（>30°C）或降雨 → 替换为 **东京国立近代美术馆**（室内恒温，成人¥500，藏品丰富，馆内咖啡厅安静）

---

## 第 3 天：江户风情与味蕾巡礼
> 穿越浅草烟火气，以高性价比米其林体验犒赏味蕾

**上午**
- 浅草寺 & 仲见世通（台东区）
  - 简介：东京最古老寺庙，清晨7:00-8:00前往可避开人流，雷门灯笼与五重塔极具昭和风情。
  - 参考票价：免费（寺内求签¥100）
  - 建议游览时长：2小时
  - 小贴士：仲见世通商店8:00后陆续营业；穿浴体验（约¥3,000/人含发型）适合情侣拍照；石板路略滑。

> 🚇 **前往午餐**：都营浅草线 浅草站 → 日本桥站（约15分钟，¥210）/ 步行约10分钟

**午餐推荐**
- 日本桥 高岛屋 美食层 或 天妇罗 早乙女（Bib Gourmand）— 天妇罗/定食，人均约 ¥4,000–6,000
  - 推荐菜品：季节野菜天妇罗套餐 / 穴子（星鳗）握寿司（柜台座位可观赏主厨操作，出餐快）

> 🚇 **前往下午景点**：步行至东京站（约15分钟）/ 地铁银座线 日本桥站 → 东京站（1站，¥180）

**下午**
- 东京站丸之内红砖街区 & 皇居护城河骑行
  - 简介：欣赏明治时期欧式建筑群，随后租用共享自行车沿护城河骑行，微风拂面，节奏舒缓。
  - 参考票价：免费（自行车租赁约¥1,000/2小时）
  - 建议游览时长：2小时
  - 小贴士：骑行道平坦；周末下午人少；沿途有多处自动贩卖机与洗手间。

> 🚇 **前往晚餐**：JR山手线 东京站 → 惠比寿站（约10分钟，¥210）/ 步行约12分钟

**晚餐推荐**
- 惠比寿 一星意大利/法餐（如 *Esquisse* 或 *L'Osier* 周边平价替代）— 现代欧陆料理，人均约 ¥9,000–13,000（午市套餐策略延伸，或选择“主厨推荐单点”）
  - 推荐菜品：松露意大利面 / 炭烤鹿儿岛A5和牛肋眼 / 季节水果雪葩（灯光柔和，桌距宽，适合纪念日庆祝）

**晚上**
- 代官山茑屋书店 & 宁静街区漫步
  - 简介：全球最美书店之一，建筑与绿植交融，晚间人少，适合情侣翻阅艺术画册、喝杯手冲咖啡。
  - 参考消费：饮品 ¥800–1,200
  - 小贴士：书店20:00闭店；周边小巷灯光柔和，安全安静，适合散步谈心。

> 💡 备选：若遇暴雨 → 替换为 **Bunkamura 文化村**（室内剧院/美术馆/书店综合体，成人门票视展览¥1,500起，全天候舒适）

---

## 第 4 天：自然治愈与高空视野
> 在都市森林中深呼吸，以云端视野定格浪漫瞬间

**上午**
- 新宿御苑（新宿区）
  - 简介：法式几何庭园、英式草坪与日式枯山水三园合一，四季花卉不断，是东京本地人最爱的野餐散步地。
  - 参考票价：成人¥500
  - 建议游览时长：2小时
  - 小贴士：园内禁止奔跑与大声喧哗；草坪区可铺野餐垫（需自带）；穿防蚊液。

> 🚇 **前往午餐**：JR山手线 新宿站 → 涩谷站（约3分钟，¥180）/ 步行约10分钟

**午餐推荐**
- 涩谷 宫下公园 屋顶餐厅 或 惠比寿 烧肉 叙叙苑（午餐）— 创意料理/和牛烧肉，人均约 ¥5,000–7,000
  - 推荐菜品：宫下公园特制汉堡排 / 叙叙苑午市和牛拼盘（开放式厨房，氛围轻松，有靠窗双人座）

> 🚇 **前往下午景点**：步行至涩谷Sky入口（约8分钟）/ 地铁副都心线 涩谷站 → 惠比寿站（1站，¥180）

**下午**
- SHIBUYA SKY 云端观景台（涩谷Scramble Square）
  - 简介：露天270°观景台，玻璃扶手与透明阶梯带来悬浮感，黄昏前登顶可看城市天际线渐变。
  - 参考票价：成人¥2,500（需提前官网预约精确到30分钟的时段）
  - 建议游览时长：1.5小时
  - 小贴士：风大，备防风外套；恐高者可选择室内休息区；日落时段最抢手，建议提前15分钟排队安检。

> 🚇 **前往晚餐**：JR山手线 涩谷站 → 目黑站（约5分钟，¥180）/ 步行约10分钟

**晚餐推荐**
- 目黑川畔 怀石/天妇罗 专门店（如 *天ぷら 近藤* 周边性价比店）— 江户前天妇罗/会席，人均约 ¥7,000–9,000
  - 推荐菜品：车海老/星鳗天妇罗 / 季节野菜 / 抹茶布丁（目黑川畔安静，无游客喧闹，服务周到）

**晚上**
- 目黑川夜樱/灯光步道（非花期为常绿步道与灯光装置）
  - 简介：沿河岸散步，两岸餐厅与咖啡馆外摆区氛围松弛，适合情侣牵手慢行。
  - 小贴士：夜间照明充足；部分河段无护栏，注意安全；22:00后人流减少，建议结伴。

> 💡 备选：若遇降雨或大风 → 替换为 **Spa LaQua**（东京巨蛋城，都市温泉+岩盘浴，双人票约¥6,000，室内恒温，缓解徒步疲劳）

---

## 第 5 天：法式浪漫与完美收官
> 在石板路与高级香氛中告别东京，留下精致余韵

**上午**
- 神乐坂（新宿区）
  - 简介：保留昭和风情的石板坡道，两侧是低调的法式小馆、独立书店与和服店，被誉为“东京小巴黎”。
  - 参考票价：免费
  - 建议游览时长：2小时
  - 小贴士：早晨9:00-11:00店铺陆续开门，光影最佳；穿平底鞋（部分石板路微滑）；适合慢节奏拍照。

> 🚇 **前往午餐**：步行至饭田桥站（约8分钟）/ 地铁有乐町线 饭田桥站 → 银座一丁目站（约10分钟，¥210）

**午餐推荐**
- 银座 高级法餐午市（如 *L'Effervescence* 或 *Quintessence* 周边Bib Gourmand）— 现代法餐，人均约 ¥11,000–14,000（作为本次旅程的“预算内奢华”压轴）
  - 推荐菜品：主厨 tasting menu（午市6道） / 季节松露料理 / 法式焦糖布蕾（需提前2-3周邮件预约；着装要求Smart Casual）

> 🚇 **前往下午景点**：步行至东京站（约15分钟）/ 地铁日比谷线 银座站 → 东京站（1站，¥180）

**下午**
- 东京站一番街 & 伴手礼采购
  - 简介：地下商圈汇集东京限定伴手礼（Tokyo Banana、白色恋人、和果子老铺），动线清晰，室内恒温。
  - 参考票价：免费（购物自理）
  - 建议游览时长：2小时
  - 小贴士：部分限定品11:00后售罄；可使用免税柜台（单笔满¥5,000免消费税）；行李可寄存车站投币柜。

> 🚇 **前往晚餐**：步行至周边（约5分钟）

**晚餐推荐**
- 东京站 丸之内 高级居酒屋/割烹（如 *鸟貴族 高端线* 或 *银座 寿司 水月* 午市替代）— 烧鸟/寿司，人均约 ¥5,000–7,000
  - 推荐菜品：鸡提灯/鸡腿肉盐烧 / 季节握寿司拼盘 / 热清酒（环境温馨，适合行程尾声放松）

**晚上**
- 东京站丸之内夜景 & 行李整理/返程准备
  - 简介：红砖建筑在灯光映衬下极具复古浪漫感，适合情侣在广场长椅最后一次合影。
  - 小贴士：广场无遮挡，夜间风凉；提前确认次日航班/新干线时刻；使用酒店行李寄存服务轻装活动。

> 💡 备选：若航班较晚或体力充沛 → 替换为 **六本木新城 室内市集/书店**（全天候，可淘设计师小物，消费可控）

---

## 住宿建议
| 预算档位 | 推荐区域/酒店 | 价格区间（每晚） | 情侣适合度说明 |
|----------|---------------|------------------|----------------|
| 轻奢性价比（首选） | **涩谷/表参道 精品设计酒店**（如 *Trunk Hotel* 周边或 *Hotel Koe Tokyo*） | ¥15,000–22,000 | 步行至商圈/地铁枢纽，房间设计感强，隔音好，周边餐饮丰富，适合情侣私密休憩 |
| 传统日式体验 | **浅草/上野 现代町屋或高级旅馆**（如 *Gate Hotel Kaminarimon*） | ¥12,000–18,000 | 步行至浅草寺，提供榻榻米+西式床混搭房型，含日式早餐，适合喜欢文化沉浸的情侣 |
| 经济舒适型 | **新宿/池袋 连锁商务酒店**（如 *Dormy Inn* 或 *Mitsui Garden Hotel*） | ¥8,000–12,000 | 交通枢纽，部分附天然大浴场，房间紧凑但设施齐全，适合预算有限但求干净便利的情侣 |

> 💡 贴士：情侣出行建议预订“大床房+禁烟+高楼层”，避开临街侧；提前30天预订可享早鸟价；使用Agoda/Booking比价，部分酒店提供双人SPA抵扣券。

---

## 预算参考（2人，5天，参考估算）
| 项目 | 预估费用（人民币）|
|------|-----------------|
| 国际往返机票（2人）| ¥6,000–9,000（经济舱参考，提前2个月预订，节假日上浮） |
| 当地交通（地铁/打车）| ¥800–1,200（主要使用Suica卡，偶发短途打车） |
| 住宿（4晚）| ¥6,000–9,000（轻奢商务/精品酒店均价） |
| 餐饮 | ¥8,000–12,000（含1-2次米其林/高级餐厅午市，其余为Bib Gourmand/居酒屋） |
| 景点门票 | ¥1,200–1,800（含东京塔、teamLab、SHIBUYA SKY等） |
| 购物/其他 | ¥2,000–4,000（伴手礼、咖啡、备用金） |
| **合计** | **¥24,000–37,000** |
| **人均** | **¥12,000–18,500** |

> ⚠️ 机票价格受出发日期、舱位和购买时间影响较大，以上为参考区间。餐饮部分已按“预算有限但追求奢华体验”策略优化：以米其林午市套餐（¥8,000-14,000/人）替代晚市（¥20,000+），将预算精准投放于体验感最强的环节，实际支出可根据当日消费浮动。

---

## 实用信息
- **签证**：中国公民需提前办理日本单次/三年多次旅游签证（可通过指定旅行社代办，约5-7个工作日，材料含在职证明、存款流水等）。
- **货币**：日元（JPY）。建议携带少量现金（¥20,000/人备用），其余使用Visa/Mastercard或绑定支付宝/微信（7-11、便利店、大型百货均支持）。
- **语言**：日语为主。旅游英语在商圈/酒店通用；常用短语：`Sumimasen`（打扰/谢谢）、`Arigatou gozaimasu`（非常感谢）、`Oishii desu`（很好吃）。
- **气候**：春季（3-5月）均温10-20°C，偶有春雨；秋季（10-11月）均温15-22°C，干燥舒适。穿衣建议：薄外套+长袖内搭（春/秋）；备折叠伞；若遇高温（>30°C），午后安排室内/树荫区；雨天将户外替换为美术馆/商场/温泉。
- **紧急联系**：报警 110 / 急救 119 / 中国驻日本大使馆领事保护热线：+81-3-3403-3064（东京）/ +81-3-3403-3388（值班）。
- **交通卡**：推荐抵达后购买/手机绑定 **Suica（西瓜卡）** 或 **PASMO**，地铁/公交/便利店/自动贩卖机通用，免排队购票；跨区移动使用Google Maps查实时路线。"
S0119,standard,我想去巴黎玩5天，和爱人一起，我们喜欢历史、自然，预算比较有限，有老人。,巴黎,2,低,"历史,文化",1,8223,agent,276.02,# 巴黎 5日行程 · 情侣带长辈（历史自然偏好/低预算）  ## 行程概览 本行程专为“情侣+长辈”的低预算组合定制，以“历史脉络+法式自然”为主线，节奏舒缓、步行适中，每日穿插长椅休息区与无障碍路线，兼顾情侣的浪漫氛围与长辈的体力需求。出行月假设为**5月（春季）**，巴黎气温约10–20°C，昼夜温差大、偶有阵雨；行程已内置雨天室内替代方案，并建议采用“洋葱式穿搭+轻便防滑鞋+折叠晴雨伞”。整体节奏定位为“慢游深体验”，避开10:00-14:00客流高峰，优先选择公共交通与高性价比免费/低价景点。  ## 出发准备 > 因未提供出发地与具体日期，暂略航班查询。建议提前6-8周通过航司官网,"# 巴黎 5日行程 · 情侣带长辈（历史自然偏好/低预算）

## 行程概览
本行程专为“情侣+长辈”的低预算组合定制，以“历史脉络+法式自然”为主线，节奏舒缓、步行适中，每日穿插长椅休息区与无障碍路线，兼顾情侣的浪漫氛围与长辈的体力需求。出行月假设为**5月（春季）**，巴黎气温约10–20°C，昼夜温差大、偶有阵雨；行程已内置雨天室内替代方案，并建议采用“洋葱式穿搭+轻便防滑鞋+折叠晴雨伞”。整体节奏定位为“慢游深体验”，避开10:00-14:00客流高峰，优先选择公共交通与高性价比免费/低价景点。

## 出发准备
> 因未提供出发地与具体日期，暂略航班查询。建议提前6-8周通过航司官网或比价平台锁定往返机票，选择直飞或1次中转航班（飞行时长约10-13小时），经济舱参考价¥4,500–6,500/人（淡旺季浮动较大）。抵达后建议购买 **Navigo Easy卡**（充值10次票Carnet约€17.35/人）或 **Paris Visite 1-3区2日通票**，适合长辈免频繁购票。

---

## 第1天：塞纳河畔与铁塔晨曦（历史地标+低强度开场）
> 🌤️ **当日气候与穿衣**：春季多云为主，早晚微凉。建议薄毛衣+防风外套，备折叠伞。若遇雨，全天转为室内博物馆与拱廊街。

**上午**
- 战神广场 & 特罗卡德罗花园（Trocadéro Gardens）
  - 简介：避开铁塔登塔排队，在广场与阶梯花园远观埃菲尔铁塔，草坪开阔、视野极佳，适合长辈拍照休息。
  - 参考票价：免费
  - 建议游览时长：1.5小时
  - 小贴士：清晨8:00-9:30光线柔和且人少；花园多处设有无障碍坡道与木质长椅。

> 🚇 **前往午餐**：步行约10分钟（沿Av. de New York向东南）至河畔简餐区 / 地铁6号线 Trocadéro站 → Passy站（约5分钟，¥15）

**午餐推荐**
- Café Constant — 传统法式小馆，人均约 ¥150
  - 推荐菜品：红酒炖牛肉（Bœuf Bourguignon）、当日例汤、可丽饼
  - 贴心提示：提供靠窗安静座位，备有儿童椅与长者软垫，可提前电话预留

> 🚇 **前往下午**：步行约5分钟至码头 / 地铁6号线 Passy站 → Bir-Hakeim站（约3分钟，¥15）

**下午**
- 塞纳河游船（Bateaux Mouches 或 Vedettes du Pont Neuf）
  - 简介：1小时水上巡航，沿途经过奥赛博物馆、卢浮宫、巴黎圣母院等历史建筑，长辈无需步行即可饱览两岸风光。
  - 参考票价：成人€15（约¥120），65岁以上长者享折扣约€12
  - 建议游览时长：1小时
  - 小贴士：选择顶层露天位需防风；船舱内恒温空调，备有洗手间与无障碍通道；避开正午班次，选14:00-15:30最舒适。

> 🚇 **前往晚餐**：地铁10号线 Cluny-La Sorbonne站 → Saint-Michel站（约8分钟，¥15）

**晚餐推荐**
- L’As du Fallafel（玛黑区）— 中东/犹太风味快餐，人均约 ¥80
  - 推荐菜品：招牌法拉费卷饼、鹰嘴豆泥配皮塔饼、薄荷柠檬茶
  - 贴心提示：性价比极高，店面较小但出餐快，建议错峰18:00前用餐；周边有平坦石板路，轮椅可通行。

**晚上**
- 拉丁区漫步 & 莎士比亚书店（Shakespeare and Company）
  - 简介：穿越中世纪石板街巷，感受左岸文学历史；书店内部温馨安静，适合情侣合影、长辈歇脚。
  - 参考票价：免费
  - 建议游览时长：1小时
  - 小贴士：21:00后书店周边人流减少，建议结伴而行；路面略不平，长辈请穿防滑鞋。

> 💡 备选：奥赛博物馆（Musée d'Orsay）——若遇大雨，可替换下午户外活动。地址62 Rue de Lille，周二-周日9:30-18:00（周四延至21:45），成人€16（18岁以下免费），周二下午人最少；旧火车站改建，建筑本身极具历史价值，馆内电梯完善，无障碍动线清晰。

---

## 第2天：皇家艺术与林荫漫步（艺术历史+自然休憩）
> 🌤️ **当日气候与穿衣**：气温12-18°C，午后易有微风。建议长袖T恤+针织开衫，携带轻便围巾。若降雨，改为室内拱廊与地下画廊。

**上午**
- 卢浮宫（Musée du Louvre）
  - 简介：世界最大历史艺术博物馆，聚焦古埃及、古希腊罗马与法国王室收藏。
  - 参考票价：成人€22（约¥172），需官网提前预约时段；26岁以下欧盟居民免费，非欧盟学生凭证件可减价。
  - 建议游览时长：2.5小时
  - 小贴士：**强烈建议入口选Carrousel du Louvre地下商场电梯**，避开金字塔长队；馆内可租借折叠轮椅（免费，先到先得）；重点看《蒙娜丽莎》《米洛维纳斯》《胜利女神》，避免贪多导致长辈疲劳。

> 🚇 **前往午餐**：地铁1号线 Palais Royal-Musée du Louvre站 → Tuileries站（步行连通，约5分钟）

**午餐推荐**
- Angelina Paris（杜乐丽花园店）— 法式甜品/简餐，人均约 ¥180
  - 推荐菜品：招牌热巧克力（L'Africain）、蒙布朗蛋糕、烟熏三文鱼三明治
  - 贴心提示：环境典雅安静，座椅舒适，适合长辈小憩；若预算有限，可仅点饮品+分享一份甜点。

> 🚇 **前往下午**：步行约3分钟进入杜乐丽花园

**下午**
- 杜乐丽花园（Jardin des Tuileries） & 协和广场（Place de la Concorde）
  - 简介：路易十四时期皇家园林，几何花坛与喷泉交错，连接卢浮宫与香榭丽舍大街的历史轴线。
  - 参考票价：免费
  - 建议游览时长：1.5小时
  - 小贴士：园内多处林荫长椅与无障碍平坦步道；可购买€3冰淇淋边走边吃；避开12:00-14:00游客高峰，15:00后光线柔和适合情侣拍照。

> 🚇 **前往晚餐**：地铁1号线 Concorde站 → Châtelet站 换乘4号线 → Saint-Michel站（约15分钟，¥30）

**晚餐推荐**
- Chez Gladines — 巴斯克风味家常馆，人均约 ¥120
  - 推荐菜品：油封鸭腿（Confit de Canard）、巴斯克蛋糕（Gâteau Basque）
  - 贴心提示：分量足、价格亲民，木质桌椅稳固；靠近地铁，长辈步行少。

**晚上**
- 圣心堂（Basilique du Sacré-Cœur）夜景 & 蒙马特画家广场
  - 简介：登顶俯瞰巴黎夜景，周边保留19世纪波西米亚艺术氛围。
  - 参考票价：大教堂免费；顶层观景台成人€8（约¥62），青年€6
  - 建议游览时长：1.5小时
  - 小贴士：**务必乘坐蒙马特缆车（Funiculaire，€2/次）**，避免222级台阶；周四/周六晚常有街头艺人表演；11月-3月顶层周一关闭；夜风较大，备外套。

> 🚇 **前往晚餐后返回**：地铁12号线 Abbesses站 → Pigalle站（约10分钟，¥15）

> 💡 备选：罗丹美术馆（Musée Rodin）——若长辈体力尚可且偏爱雕塑艺术。地址79 Rue de Varenne，周二-周日10:00-18:30，成人€14；室内+庭院结合，座椅充足，雨天友好。

---

## 第3天：中世纪遗风与左岸书香（历史街区+静谧自然）
> 🌤️ **当日气候与穿衣**：10-19°C，偶有阵雨。建议防水风衣+舒适步行鞋。若全天降雨，改为地下墓穴与室内市集。

**上午**
- 西岱岛 & 圣礼拜堂（Sainte-Chapelle） & 巴黎圣母院外观
  - 简介：巴黎发源地，13世纪哥特式花窗震撼人心；圣母院修复中可观赏外部脚手架与历史立面。
  - 参考票价：圣礼拜堂成人€12（约¥93），18岁以下免费；圣母院外观免费
  - 建议游览时长：2小时
  - 小贴士：圣礼拜堂需官网提前预约10:00前入场；内部光线幽暗但台阶少；周边石板路略滑，长辈需慢行；可结合塞纳河岸长椅休息。

> 🚇 **前往午餐**：步行约12分钟至左岸 / 地铁4号线 Cité站 → Odéon站（约8分钟，¥15）

**午餐推荐**
- Le Relais de l'Entrecôte — 牛排薯条专门店，人均约 ¥160
  - 推荐菜品：秘制酱汁牛排（半份/全份可选）、无限量薯条、红酒
  - 贴心提示：不接受预约，11:30开门需早到；菜单固定但出品稳定；店内较热闹，适合喜欢市井氛围的情侣。

> 🚇 **前往下午**：步行约5分钟进入卢森堡公园

**下午**
- 卢森堡公园（Jardin du Luxembourg）
  - 简介：法式对称园林，美第奇喷泉、修剪整齐的草坪与百年栗树，曾是法国王室与文人灵感之地。
  - 参考票价：免费
  - 建议游览时长：2小时
  - 小贴士：园内绿铁椅可自由移动，情侣可租€3/小时的小帆船；东侧有平坦无障碍主道；避开周末家庭烧烤高峰，周二/三最安静。

> 🚇 **前往晚餐**：地铁10号线 Luxembourg站 → Cluny-La Sorbonne站（约6分钟，¥15）

**晚餐推荐**
- Bouillon Chartier — 百年工人食堂，人均约 ¥90
  - 推荐菜品：法式蜗牛、红酒炖鸡、巧克力慕斯
  - 贴心提示：环境复古嘈杂但极具历史感，出餐极快；无预约，建议18:00前抵达；部分楼梯无电梯，长辈建议选一层座位。

**晚上**
- 塞纳河左岸夜游（Pont Neuf → Île de la Cité）
  - 简介：沿河步道散步，欣赏桥梁灯光与倒影，避开白天喧闹。
  - 参考票价：免费
  - 建议游览时长：45分钟
  - 小贴士：单人/情侣注意保管随身物品，避开22:00后偏僻河段；长辈建议穿带反光条衣物。

> 💡 备选：巴黎地下墓穴（Catacombes）——若对城市历史感兴趣且体力允许。需严格官网提前1周预约，内部温度14°C恒温，台阶多（131级下+112级上），**不建议老人前往**。

---

## 第4天：凡尔赛宫苑与法式田园（历史巅峰+自然旷野）
> 🌤️ **当日气候与穿衣**：郊区气温略低（9-17°C），风大。建议抓绒内胆+防风外套+帽子。若遇暴雨，凡尔赛室内宫殿可完整游览，花园改室内镜厅与历史长廊。

**上午**
- 凡尔赛宫（Château de Versailles）
  - 简介：路易十四王权象征，镜厅、战争厅、王室寝宫展现巴洛克巅峰。
  - 参考票价：宫殿通票€20（约¥155），含花园；18岁以下/欧盟25岁以下免费
  - 建议游览时长：2.5小时
  - 小贴士：**务必官网预约上午9:30-10:00时段**；入口走Dufour Pavilion电梯；租语音导览€5（含中文）；镜厅人多，可先往右侧小厅参观再折返。

> 🚇 **前往午餐**：步行约8分钟至凡尔赛镇主街 / RER C线 Versailles Château站周边

**午餐推荐**
- Brasserie de la Gare — 火车站旁平价法餐，人均约 ¥130
  - 推荐菜品：凯撒沙拉、法式洋葱汤、当日烤鸡
  - 贴心提示：空间宽敞、座椅带靠背，适合长辈；上菜快，性价比高。

> 🚇 **前往下午**：步行约10分钟进入凡尔赛花园大门

**下午**
- 凡尔赛大花园（Jardins du Château de Versailles） & 小特里亚农宫
  - 简介：17世纪法式几何园林典范，运河、喷泉与森林交错，玛丽皇后农庄展现田园自然。
  - 参考票价：花园免费（音乐喷泉日€9）；农庄€10（约¥78）
  - 建议游览时长：2小时
  - 小贴士：**强烈建议购买€8观光小火车票**（含4站），避免步行3km以上；农庄步道平坦，草坪开阔，适合情侣野餐；喷泉表演仅周二/日/节假日11:00/15:30。

> 🚇 **前往晚餐**：RER C线 Versailles Château站 → Châtelet-Les Halles站（约35分钟，¥45）

**晚餐推荐**
- Pink Mamma（玛黑区）— 意大利创意菜，人均约 ¥150
  - 推荐菜品：黑松露披萨、手工意面、提拉米苏
  - 贴心提示：四层复古装潢，氛围浪漫；需提前官网排队；有电梯直达各层，长辈友好。

**晚上**
- 巴士底广场 & 圣马丁运河（Canal Saint-Martin）夜步
  - 简介：本地年轻人聚集地，水边铁桥与涂鸦墙展现现代巴黎历史。
  - 参考票价：免费
  - 建议游览时长：1小时
  - 小贴士：21:00后河边灯光柔和，情侣可买平价啤酒坐台阶；路面为石板+木栈道，长辈需注意高低差。

> 💡 备选：文森森林（Bois de Vincennes）——若凡尔赛返程较晚或长辈疲惫。免费开放，湖泊、植物园、城堡遗址，地铁1号线直达，全程平坦步道。

---

## 第5天：城市绿肺与宁静告别（自然放松+历史沉淀）
> 🌤️ **当日气候与穿衣**：11-20°C，阳光充足。建议薄长袖+防晒帽。若降雨，改为奥赛博物馆或蓬皮杜中心。

**上午**
- 肖蒙山丘公园（Parc des Buttes-Chaumont）
  - 简介：巴黎本地人最爱的自然公园，悬崖、瀑布、人工湖与西比尔神庙，19世纪奥斯曼改造典范。
  - 参考票价：免费
  - 建议游览时长：1.5小时
  - 小贴士：主入口走Rue Manin电梯直达高处；环湖步道平缓，长椅密集；避开陡坡步道，长辈走北侧平坦环线。

> 🚇 **前往午餐**：地铁7bis线 Buttes Chaumont站 → Belleville站（约6分钟，¥15）

**午餐推荐**
- Le Comptoir Général — 多元文化融合餐吧，人均约 ¥110
  - 推荐菜品：摩洛哥塔吉锅、素食拼盘、薄荷茶
  - 贴心提示：工业风+绿植庭院，氛围轻松；价格亲民，适合预算有限家庭。

> 🚇 **前往下午**：步行约8分钟进入拉雪兹神父公墓

**下午**
- 拉雪兹神父公墓（Père Lachaise Cemetery）
  - 简介：世界最著名公墓之一，王尔德、肖邦、巴尔扎克等历史名人长眠地，古树参天如植物园。
  - 参考票价：免费
  - 建议游览时长：1.5小时
  - 小贴士：入口领免费地图，重点看第4区（王尔德墓）与第10区（肖邦墓）；全程石板路但坡度缓，轮椅可通行；保持安静，勿触碰墓碑。

> 🚇 **前往晚餐**：地铁2号线 Père Lachaise站 → République站（约10分钟，¥15）

**晚餐推荐**
- Le Petit Marcel — 传统法式Bistro，人均约 ¥140
  - 推荐菜品：法式洋葱汤、香煎海鲈鱼、焦糖布丁
  - 贴心提示：家庭经营，服务亲切；备有软座与暖光，适合行程收官；可提前电话预留靠窗位。

**晚上**
- 酒店整理行李 & 机场/车站交通
  - 简介：预留充足时间返程，避免夜间赶路。
  - 参考票价：RER B线/大巴约¥80-120/人
  - 建议时长：1小时
  - 小贴士：戴高乐机场建议提前3小时抵达；长辈行李多可预约无障碍出租车（G7 Taxi，提前24h电话预约）。

> 💡 备选：奥赛博物馆（Musée d'Orsay）——若第2天未安排且遇雨。地址62 Rue de Lille，成人€16，周四延至21:45，周二下午人最少，馆内电梯完善，重点看印象派展厅。

---

## 住宿建议（低预算/长者友好/情侣温馨）
1. **第10区/共和广场周边（République / Canal Saint-Martin）**
   - 推荐：Ibis Paris République 或 独立家庭旅馆（Airbnb整套公寓）
   - 价格：¥500–700/晚
   - 优势：地铁2/3/5/8/11线交汇，去各景点均20分钟内；周边超市/药局齐全；公寓可做饭降低餐饮成本。
2. **第13区/意大利广场（Place d'Italie）**
   - 推荐：Hôtel Mercure Paris 13 或 平价民宿
   - 价格：¥450–650/晚
   - 优势：华人区生活便利，中餐/亚超多；地铁6/7号线直达；安静安全，适合长辈早休。
3. **第11区/巴士底（Bastille）**
   - 推荐：Generator Paris 青旅（独立双人间）或 Hotel du Nord
   - 价格：¥400–550/晚
   - 优势：夜生活丰富但住宿区安静；步行至塞纳河/玛黑区；青旅公共厨房可自制简餐。

> 💡 低预算提示：优先选择含早餐的酒店，节省首餐开支；预订时备注“Ground floor / Elevator access / Quiet room”确保长辈休息。

---

## 预算参考（3人，5天，参考估算）
| 项目 | 预估费用（人民币）|
|------|-----------------|
| 国际往返机票（3人）| ¥15,000–19,500（经济舱参考，淡旺季浮动） |
| 当地交通（地铁/RER/缆车）| ¥900（Navigo Easy充值+机场往返） |
| 住宿（5晚，双床房/家庭房）| ¥2,500–3,500 |
| 餐饮（早简/午快餐/晚平价Bistro）| ¥3,000–3,600 |
| 景点门票（卢浮/凡尔赛/圣礼拜堂/游船等）| ¥1,200–1,500 |
| 购物/其他（纪念品/应急药品/保险）| ¥800–1,000 |
| **合计** | **¥23,400–29,100** |
| **人均** | **¥7,800–9,700** |

> ⚠️ 机票价格受出发日期、舱位和购买时间影响较大，以上为参考区间，实际价格请以出行前实时查询为准。当地消费已按低预算标准（€60-80/人/天）优化，若选择米其林或包车将显著上浮。

---

## 实用信息
- **签证**：中国公民需提前申请申根签证（法国为主访国），建议出行前60-90天递交；材料含行程单、机票酒店订单、旅行保险（保额≥€3万）。
- **货币**：欧元（EUR）。建议携带€200-300现金备用，日常消费优先使用Visa/Mastercard信用卡或手机支付（Apple Pay/Google Pay）；ATM取现注意手续费。
- **语言**：法语为主，旅游区英语通用。常用短语：Bonjour（你好）、Merci（谢谢）、S'il vous plaît（请）、Où sont les toilettes?（洗手间在哪？）。
- **气候**：5月巴黎10–20°C，多阵雨、早晚凉；穿衣建议“洋葱式叠穿”+防水外套+防滑鞋。极端天气预案：暴雨天转为室内博物馆/商场/地铁连廊通行，避免露天河岸；高温天（>28°C）缩短户外时段，利用公园树荫与室内空调休息。
- **紧急联系**：
  - 报警/急救：112（全欧通用） / 17（法国警方）
  - 中国驻法国大使馆：+33-1-53758840（领事保护）
  - 旅游警察热线：+33-1-55715571（多语种服务）
  - 建议购买含医疗转运的旅行保险，随身携带长辈常用药与处方复印件。"
S0119,standard,我想去巴黎玩5天，和爱人一起，我们喜欢历史、自然，预算比较有限，有老人。,巴黎,2,低,"历史,文化",2,7143,agent,460.88,# 巴黎 5日行程 · 历史自然慢游（情侣+老人/低预算）  ## 行程概览 这是一趟专为“历史人文+自然绿意”偏好、兼顾长辈体力与情侣浪漫体验的巴黎深度慢游。行程避开暴走式打卡，以公园漫步、塞纳河历史轴线、古典建筑与艺术殿堂为主线，节奏舒缓（单日核心步行控制在3公里内，每1.5小时设休息点）。假设出行月份为**5月或10月**（春秋季，日均气温12–20°C，偶有阵雨），整体以“室外历史漫步+室内艺术/雨备”交替进行，充分利用免费景观与高性价比交通，契合低预算定位。  ## 出发准备 （用户未提供出发地，本段跳过具体航班搜索。建议提前2–3个月关注中国直飞巴黎戴高乐机场的航班，经济舱往返参考,"# 巴黎 5日行程 · 历史自然慢游（情侣+老人/低预算）

## 行程概览
这是一趟专为“历史人文+自然绿意”偏好、兼顾长辈体力与情侣浪漫体验的巴黎深度慢游。行程避开暴走式打卡，以公园漫步、塞纳河历史轴线、古典建筑与艺术殿堂为主线，节奏舒缓（单日核心步行控制在3公里内，每1.5小时设休息点）。假设出行月份为**5月或10月**（春秋季，日均气温12–20°C，偶有阵雨），整体以“室外历史漫步+室内艺术/雨备”交替进行，充分利用免费景观与高性价比交通，契合低预算定位。

## 出发准备
（用户未提供出发地，本段跳过具体航班搜索。建议提前2–3个月关注中国直飞巴黎戴高乐机场的航班，经济舱往返参考价¥5,000–8,000/人，节假日上浮。）
⚠️ 巴黎地铁系统发达但老旧，带长辈出行建议优先选择带电梯的站点（标有♿标志）或使用公交车/网约车衔接；购买交通票推荐 **Navigo Découverte周卡**（若周一至周日完整覆盖行程，约€30.75/人+€5卡费）或 **10次票Carnet**（约€16.9/10张，可多人共享），性价比极高。

---

## 第 1 天：塞纳河畔的历史初印象
> 经典地标与河风拂面的浪漫开场，长辈友好型慢节奏适应

**上午**
- 战神广场与特罗卡德罗花园（Champ de Mars & Jardins du Trocadéro）
  - 简介：埃菲尔铁塔最佳全景拍摄地，对称式法式园林与开阔草坪，适合老人晨间散步与情侣合影。
  - 参考票价：免费
  - 建议游览时长：1.5小时
  - 小贴士：避开铁塔正下方排队区，在花园长椅休憩更舒适；早晨8:30–10:00光线柔和、人流少。

> 🚇 **前往午餐**：步行约12分钟（沿Avenue de la Bourdonnais向南）/ 打车约¥15–20（约5分钟）

**午餐推荐**
- Le Petit Cler — 传统法式小酒馆，人均约¥120–150（€15–18）
  - 推荐菜品：法式洋葱汤、烤鸡腿配薯泥、当日市场沙拉。环境安静，座位宽敞，有台阶但店员可协助安排一楼临窗位。

> 🚇 **前往下一站**：地铁8号线 École Militaire站 → Invalides站（约6分钟，单程¥10/€1.75），出站步行3分钟至码头

**下午**
- 塞纳河游船（Bateaux Mouches 或 Vedettes du Pont Neuf）
  - 简介：1小时水上导览，沿途经过奥赛博物馆、卢浮宫、巴黎圣母院等历史建筑群，全程室内/半露天座位，零体力消耗。
  - 参考票价：成人约¥110（€14），65岁以上长者享折扣约¥90（€11）
  - 建议游览时长：1小时
  - 小贴士：建议选下午14:30或16:00场次，避开正午暴晒；船头风大，备薄外套；全程有英文/法文语音导览（部分航线提供中文耳机）。

> 🚇 **前往下一站**：游船终点（Pont de l'Alma）步行约8分钟至荣军院周边区域

**晚餐推荐**
- Brasserie Bofinger — 百年历史啤酒屋，人均约¥150–180（€18–22）
  - 推荐菜品：阿尔萨斯酸菜炖肉（Choucroute）、法式蜗牛、鲜酿啤酒。木质装潢复古，有电梯直达二楼，长辈友好。

**晚上**
- 荣军院金顶夜景与塞纳河岸漫步：沿河岸缓步回酒店，整点可见埃菲尔铁塔闪烁灯光（持续5分钟），浪漫且不拥挤。
  - 单人/情侣提示：夜间河岸照明良好，但建议22:00前返回住宿区。

> 💡 备选：**罗丹博物馆花园（Musée Rodin）**——若遇午后阵雨，可转入室内雕塑馆+静谧玫瑰园（门票€14，花园免费，有长椅与无障碍坡道）。

---

## 第 2 天：艺术殿堂与皇家园林
> 印象派光影与杜乐丽花园的古典浪漫，节奏舒缓

**上午**
- 奥赛博物馆（Musée d'Orsay，地址：62 Rue de Lille, 75007）
  - 简介：由旧火车站改建，馆藏梵高、莫奈、雷诺阿等真迹，建筑穹顶与钟面本身即为历史艺术品。
  - 参考票价：成人€16（约¥125），18岁以下免费
  - 建议游览时长：2.5小时
  - 小贴士：**务必官网提前预约**（避开周末，周二下午或周四晚18:00后人最少）；入口有电梯直达各层；馆内每层设休息长椅与饮水点。

> 🚇 **前往午餐**：步行约10分钟至Saint-Germain-des-Prés街区

**午餐推荐**
- Café de Flore（外围座位）或 Le Comptoir du Relais（平价套餐）— 法式简餐/咖啡，人均约¥130–160（€16–20）
  - 推荐菜品：火腿黄油三明治、尼斯沙拉、热巧克力。街边露天座适合老人晒太阳，室内空调区安静。

> 🚇 **前往下一站**：步行约15分钟（沿塞纳河北岸）或地铁1号线 Concorde站 → Tuileries站（约3分钟）

**下午**
- 杜乐丽花园与协和广场（Jardin des Tuileries & Place de la Concorde）
  - 简介：路易十四时期皇家园林，几何式花坛、雕塑林荫道与中央喷泉，历史感与绿意交融。
  - 参考票价：免费
  - 建议游览时长：1.5小时
  - 小贴士：园内多处绿色铁艺长椅，适合长辈分段休息；避开正午草坪暴晒区，走林荫步道；广场方尖碑周边可远眺香街。

> 🚇 **前往晚餐**：地铁7号线 Palais Royal站 → Châtelet站（约4分钟），步行5分钟至玛莱区边缘

**晚餐推荐**
- Chez Janou — 南法乡村风味，人均约¥140–170（€17–21）
  - 推荐菜品：马赛鱼汤、橄榄油烤蔬菜、巧克力慕斯。氛围温馨，提供软质靠背椅，适合慢食。

**晚上**
- 圣礼拜堂夜景外观与西岱岛漫步：沿塞纳河步行至巴黎圣母院外围广场（目前仍在修复，但外观与周边历史街区已开放），感受中世纪城市脉络。
  - 安全提示：夜间避开地铁站暗巷，沿主街Bright路灯区域行走。

> 💡 备选：**巴黎古监狱与司法宫（Conciergerie）**——若遇大雨或体力下降，可转入室内历史遗址（门票€11.5，有电梯，展示法国大革命法庭原址）。

---

## 第 3 天：蒙马特高地与植物秘境
> 艺术村慢步与拉丁区绿意，兼顾浪漫与长辈舒适

**上午**
- 圣心大教堂（Sacré-Cœur，地址：35 Rue du Chevalier de la Barre, 75018）
  - 简介：白色拜占庭风格地标，俯瞰巴黎全景，周边保留19世纪画家聚集地风貌。
  - 参考票价：教堂内部免费，登顶观景台成人€8（约¥65）
  - 建议游览时长：1.5小时
  - 小贴士：**务必乘坐缆车（Funicular）上山**（222级台阶对长辈极不友好，缆车票价同地铁票）；教堂内部安静，需保持肃穆；周边画家广场（Place du Tertre）建议上午前往，避开午后人流高峰。

> 🚇 **前往午餐**：步行约8分钟至Rue Lepic街区（避开主广场，选侧街小店）

**午餐推荐**
- Le Pain Vin Fromages — 本地人常去的小馆，人均约¥110–140（€14–18）
  - 推荐菜品：当日炖菜、奶酪拼盘、手工面包。无台阶，桌距宽，老人起身方便。

> 🚇 **前往下一站**：地铁2号线 Anvers站 → RER B线 Saint-Michel站（换乘1次，约25分钟，单程¥15/€2.30）

**下午**
- 拉丁区历史漫步 + 巴黎植物园（Jardin des Plantes）
  - 简介：中世纪大学城石板街巷，随后进入法国最古老植物园（1626年），温室、药用花园与平缓步道交织。
  - 参考票价：植物园主园区免费，温室/动物园另收€5–7
  - 建议游览时长：2小时
  - 小贴士：植物园入口平坦，全园铺设砂石/柏油路，轮椅/拐杖通行顺畅；长椅密集，每200米设一处；建议只逛主园与阿尔卑斯温室，避免爬坡区。

> 🚇 **前往晚餐**：步行约12分钟至Rue Mouffetard市场街

**晚餐推荐**
- Au P'tit Grec — 希腊风味快餐/简餐，人均约¥80–100（€10–13）
  - 推荐菜品：烤肉卷饼（Gyros）、新鲜沙拉、薄荷酸奶。平价实惠，座位紧凑但出餐快，适合长辈早食。

**晚上**
- 莎士比亚书店（Shakespeare and Company）与塞纳河旧书摊：书店营业至晚20:00，内部木质楼梯有提示牌，建议在一层阅读区停留；河堤旧书摊19:00后陆续收摊，适合情侣怀旧漫步。

> 💡 备选：**克吕尼中世纪博物馆（Musée de Cluny）**——若遇阵雨或长辈疲惫，可转入室内（门票€10，展示独角兽挂毯，恒温恒湿，有电梯与休息区）。

---

## 第 4 天：凡尔赛宫苑一日游
> 太阳王的历史辉煌与自然庄园，低预算高效安排

**上午**
- 凡尔赛宫主楼（Château de Versailles）
  - 简介：法国王权巅峰象征，镜厅、国王寝宫、战争画廊浓缩欧洲宫廷史。
  - 参考票价：通票€21（约¥165），含主楼+花园+特里亚农宫；65岁以上€18
  - 建议游览时长：2.5小时
  - 小贴士：**务必提前官网预约9:00场次**（避开10:00–14:00高峰）；入口右侧设无障碍电梯直达二楼；建议租用官方语音导览（€5）；镜厅人多时，可先参观国王私人套房，错峰返回。

> 🚇 **前往午餐**：步行约10分钟至凡尔赛镇中心Rue de la Paroisse

**午餐推荐**
- Le Potager du Roi — 历史皇家菜园旁餐厅，人均约¥130–160（€16–20）
  - 推荐菜品：季节性蔬菜炖鸡、法式清汤、手工意面。环境清幽，有户外遮阳伞座，长辈友好。

> 🚇 **前往下一站**：步行约5分钟返回凡尔赛宫花园入口（免费区）

**下午**
- 凡尔赛花园与大运河（Jardins de Versailles & Grand Canal）
  - 简介：勒诺特尔设计的法式几何园林，轴线对称，林荫道、喷泉与大运河展现自然与人工的完美融合。
  - 参考票价：非音乐喷泉日免费（周二/周四/非节假日）；若遇喷泉日需€9
  - 建议游览时长：2小时
  - 小贴士：**带长辈强烈建议避开喷泉日**（免费且人少）；沿主轴缓步至大运河畔，可租双人自行车（€12/小时）或步行至水边长椅；若体力下降，可乘园内有轨小火车（€8，环线30分钟，直达小特里亚农）。

> 🚇 **前往晚餐**：RER C线 Versailles Rive Gauche → Saint-Michel Notre-Dame站（约40分钟），步行5分钟

**晚餐推荐**
- Bouillon Chartier — 百年平价工人食堂，人均约¥90–120（€12–15）
  - 推荐菜品：红酒炖牛肉、鹅肝酱面包、当日例汤。无预约制，排队但翻台快，长条木桌有历史感，注意台阶。

**晚上**
- 酒店休息或塞纳河左岸安静街区散步（如Rue de Buci），避免夜归过晚。

> 💡 备选：**凡尔赛马车博物馆（Musée des Carrosses）**——若遇大雨，转入室内（门票含在通票内，展示18世纪皇家马车与狩猎车，有电梯）。

---

## 第 5 天：玛莱区历史街巷与告别漫步
> 市井烟火与古典拱廊，从容收尾

**上午**
- 孚日广场与雨果故居（Place des Vosges & Maison de Victor Hugo）
  - 简介：巴黎最古老规划广场（1612年），红砖拱廊环绕中央草坪；雨果故居免费参观顶层书房。
  - 参考票价：广场免费，故居免费
  - 建议游览时长：1.5小时
  - 小贴士：广场长椅环绕，适合老人静坐观鸟；故居入口有缓坡，内部楼梯较陡，建议只参观一层与电梯可达区。

> 🚇 **前往午餐**：步行约5分钟至Rue des Rosiers

**午餐推荐**
- L'As du Fallafel — 中东传奇小吃，人均约¥70–90（€9–12）
  - 推荐菜品：招牌法拉费卷饼、鹰嘴豆泥、薄荷茶。外带为主，广场长椅就餐即可，经济实惠。

> 🚇 **前往下一站**：步行约10分钟至Palais Royal

**下午**
- 皇家宫殿花园与薇薇安拱廊街（Jardin du Palais Royal & Galerie Vivienne）
  - 简介：17世纪皇家私密花园，黑白条纹石柱（Buren's Columns）现代艺术点缀古典庭院；拱廊街保留19世纪玻璃穹顶与马赛克地砖。
  - 参考票价：免费
  - 建议游览时长：1.5小时
  - 小贴士：花园安静，长椅充足，适合情侣拍照与长辈休憩；拱廊街地面平整，无台阶，雨天可全程室内穿行。

> 🚇 **前往晚餐**：步行约8分钟至Le Marais核心区

**晚餐推荐**
- Le Bouillon Pigalle — 新派平价法餐，人均约¥120–150（€15–18）
  - 推荐菜品：法式肉酱、洋葱汤、焦糖布丁。装修复古，有电梯，服务高效，适合告别晚宴。

**晚上**
- 酒店周边轻松散步或整理行李，次日返程。

> 💡 备选：**卡纳瓦莱博物馆（Musée Carnavalet）**——巴黎历史专题馆（常设展免费，特展€10），若遇雨天或想深入了解城市变迁，可转入室内，全程电梯+无障碍通道。

---

## 住宿建议
按低预算定位，推荐以下区域（均靠近地铁，生活便利）：
1. **第10区/共和广场周边（République）**
   - 优势：交通枢纽（3条地铁交汇），餐饮选择多且平价，步行至运河区15分钟。
   - 价格：三星酒店/优质民宿 €70–90/晚（约¥550–700）
   - 适合度：家庭/情侣友好，电梯房多，周边有24h便利店与药房。
2. **第11区/巴士底周边（Bastille）**
   - 优势：历史街区改造，安静且治安良好，靠近玛莱区与植物园，生活气息浓。
   - 价格：经济型酒店 €65–85/晚（约¥510–670）
   - 适合度：带长辈首选，街道平缓，餐厅多带室内座位。
3. **第14区/蒙帕纳斯边缘（Montparnasse）**
   - 优势：直达凡尔赛RER C与戴高乐机场CDGVAL，酒店设施较新，价格更低。
   - 价格：三星酒店 €60–80/晚（约¥470–630）
   - 适合度：预算敏感型，需提前确认电梯与无障碍入口。

## 预算参考（3人，5天，参考估算）
| 项目 | 预估费用（人民币）|
|------|-----------------|
| 国际往返机票（3人）| ¥15,000–21,000（经济舱参考，提前2月购票） |
| 当地交通（地铁/公交/RER）| ¥1,200（10次票共享+短途打车备用） |
| 住宿（4晚，双人+加床/三人间）| ¥2,500–3,000（€65–80/晚×4） |
| 餐饮（早简午简晚正餐）| ¥3,000（€12–18/人/餐×15餐） |
| 景点门票（奥赛/凡尔赛/游船/折扣）| ¥1,100（长辈享折扣+多处免费） |
| 购物/其他（保险/饮水/纪念品）| ¥800 |
| **合计** | **¥23,600–27,100** |
| **人均** | **¥7,800–9,000** |

> ⚠️ 机票价格受出发日期、舱位和购买时间影响较大，以上为参考区间，实际价格请以出行前实时查询为准。巴黎餐饮物价浮动，市场/面包店可大幅降低餐费。

## 实用信息
- **签证**：中国公民需提前申请申根签证（法国递签），建议提前3个月预约，准备行程单、机票酒店预订单、保险（≥€3万医疗）及财力证明。
- **货币**：欧元（€）。建议携带少量现金（€100–200备用），巴黎90%商户支持Visa/Mastercard及Apple Pay，地铁/公交售票机支持非接触式银行卡。
- **语言**：法语为主，旅游区英语通用。常用短语：Bonjour（你好）、Merci（谢谢）、Où est la gare ?（火车站在哪？）、Un café, s'il vous plaît（一杯咖啡）。
- **气候**：5月/10月均温12–20°C，昼夜温差大，偶有阵雨。**穿衣建议**：洋葱式穿搭（薄毛衣+防风外套+舒适防滑步行鞋）；随身带折叠伞。**极端预案**：若遇连续降雨，优先转入博物馆、拱廊街、室内市集；若遇高温（>28°C），将户外行程移至清晨/傍晚，中午安排室内休息。
- **紧急联系**：报警/急救 112（全欧通用）/ 15（法国急救）/ 17（法国警察）；中国驻法国大使馆领事保护电话：+33-1-49521950（24小时）。"
S0119,standard,我想去巴黎玩5天，和爱人一起，我们喜欢历史、自然，预算比较有限，有老人。,巴黎,2,低,"历史,文化",3,7658,agent,276.6,# 巴黎 5日行程 · 夫妻携老人出行（历史自然主题）  ## 行程概览 这是一趟专为“夫妻+老人”组合定制的低预算、慢节奏巴黎之旅。行程以塞纳河为轴，串联右岸皇家历史街区、左岸学术人文与蒙马特艺术高地，穿插杜乐丽花园、卢森堡公园等城市绿肺，兼顾历史厚重与自然疗愈。出行当月（以5月/10月为例）巴黎气温约 10-20°C，多阵雨，行程已按“每日步行≤30分钟+每1.5小时设休息点”原则优化，并为雨天/高温预留室内备选。整体节奏舒缓，避开10:00-14:00客流高峰，餐饮多选安静平价小馆，兼顾浪漫氛围与长者舒适度。  ---  ## 第 1 天：塞纳河右岸·皇家历史与古典园林 > 漫步卢浮宫与,"# 巴黎 5日行程 · 夫妻携老人出行（历史自然主题）

## 行程概览
这是一趟专为“夫妻+老人”组合定制的低预算、慢节奏巴黎之旅。行程以塞纳河为轴，串联右岸皇家历史街区、左岸学术人文与蒙马特艺术高地，穿插杜乐丽花园、卢森堡公园等城市绿肺，兼顾历史厚重与自然疗愈。出行当月（以5月/10月为例）巴黎气温约 10-20°C，多阵雨，行程已按“每日步行≤30分钟+每1.5小时设休息点”原则优化，并为雨天/高温预留室内备选。整体节奏舒缓，避开10:00-14:00客流高峰，餐饮多选安静平价小馆，兼顾浪漫氛围与长者舒适度。

---

## 第 1 天：塞纳河右岸·皇家历史与古典园林
> 漫步卢浮宫与杜乐丽，在古典轴线中感受法兰西历史脉络

**上午**
- 卢浮宫（Musée du Louvre，1 Rue de Rivoli, 75001）
  - 简介：世界最大艺术殿堂，聚焦古埃及/古希腊与法国古典绘画，避开《蒙娜丽莎》人流，优先参观德农馆古典雕塑与拿破仑三世套房。
  - 参考票价：€17 / 26岁以下欧盟免费（非欧盟需购全票）
  - 建议游览时长：2.5小时
  - 小贴士：官网提前预约9:00时段；老人请走“Carrousel du Louvre”地下商场电梯入口（避开金字塔台阶）；馆内每层均有无障碍洗手间与休息长椅。
> 🚇 **前往下一站**：步行约 8 分钟至杜乐丽花园（免费开放，无需交通）

**午餐推荐**
- Le Relais de l’Entrecôte — 传统法式牛排薯条，人均约 €22
  - 推荐菜品：秘制牛排+招牌黄酱+无限续薯条；环境紧凑但出餐快，提供软垫座椅，适合老人短暂休整。
> 🚇 **前往下一站**：步行约 5 分钟（餐厅位于 Rue de Rivoli 北侧，出门右转即入花园）

**下午**
- 杜乐丽花园（Jardin des Tuileries，113 Rue de Rivoli）+ 橘园美术馆（Musée de l'Orangerie）
  - 简介：法式对称园林与莫奈《睡莲》真迹。花园内设多处铸铁长椅与饮水点，橘园位于花园西端，需单独购票。
  - 参考票价：花园免费；橘园 €13
  - 建议游览时长：花园 1 小时（散步+休息）；橘园 1 小时
  - 小贴士：橘园闭馆周一；《睡莲》展厅光线柔和，建议下午 15:30 后进入避开旅行团；花园内可租折叠椅（€2/小时）供老人随时休息。
> 🚇 **前往下一站**：步行约 10 分钟至协和广场方向，转乘公交/地铁前往晚餐地

**晚餐推荐**
- Bistrot Paul Bert — 经典巴黎小酒馆，人均约 €28
  - 推荐菜品：红酒炖牛肉、焦糖布丁；木质装潢安静，提供靠墙软座，避开临街嘈杂区。
> 🚇 **前往下一站**：步行约 12 分钟至塞纳河畔游船码头

**晚上**
- 塞纳河游船（Bateaux Mouches，Pont de l'Alma 码头）
  - 简介：夜间 19:30 班次，1小时航线，两岸历史建筑亮灯，无需步行即可饱览巴黎夜景，极具夫妻浪漫氛围。
  - 参考票价：€15/人（提前官网订有早鸟优惠）
  - 小贴士：甲板风大，老人需备薄外套；舱内座位先到先得，建议提前15分钟登船。
> 🚇 **前往下一站**：游船终点步行约 10 分钟回酒店

> 💡 备选：若遇持续降雨 → 替换为 **巴黎城市规划馆（Pavillon de l'Arsenal）**，免费室内展，聚焦巴黎历史变迁，全程无障碍电梯，步行强度极低。

---

## 第 2 天：左岸学术气息·印象派殿堂与皇家园林
> 从旧火车站改建的奥赛博物馆，到卢森堡公园的静谧午后

**上午**
- 奥赛博物馆（Musée d'Orsay，62 Rue de Lille, 75007）
  - 简介：由旧火车站改建，穹顶玻璃下陈列梵高、莫奈、雷诺阿等印象派巅峰之作。
  - 参考票价：成人 €16 / 青年(18-25欧盟)免费 / 18岁以下免费
  - 建议游览时长：2-3小时
  - 小贴士：最佳参观时段为周二下午；周四夜场开放至21:45；馆内中央大钟旁有休息区；电梯直达各层，避免走楼梯。
> 🚇 **前往下一站**：地铁 12 号线 → Solférino 站 → Assemblée Nationale 站（约 6 分钟，€1.90）

**午餐推荐**
- Le Petit Saint-Benoît — 左岸家庭式法餐，人均约 €20
  - 推荐菜品：每日例汤、烤春鸡、自制苹果塔；环境温馨安静，提供儿童/老人高脚椅，上菜节奏慢适合细嚼。
> 🚇 **前往下一站**：步行约 7 分钟至卢森堡公园南门

**下午**
- 卢森堡公园（Jardin du Luxembourg，75006）
  - 简介：17世纪皇家园林，中央美第奇喷泉、修剪整齐的草坪与百年栗树。园内设木偶剧棚（季节性开放），适合慢节奏散步。
  - 参考票价：免费
  - 建议游览时长：1.5-2小时
  - 小贴士：园内路径平坦，每50米设长椅；老人可租公园官方轮椅（需押金€100）；避开周末下午人流高峰。
> 🚇 **前往下一站**：公交 82 路 → Odéon 站 → 步行 8 分钟（约 15 分钟，€1.90）

**晚餐推荐**
- Le Bouillon Racine — 新艺术风格平价食堂，人均约 €16
  - 推荐菜品：法式洋葱汤、焗蜗牛、巧克力慕斯；百年老店，翻台快，提供靠墙安静卡座。
> 🚇 **前往下一站**：步行约 10 分钟至先贤祠广场

**晚上**
- 先贤祠（Panthéon）外部夜景 + 圣米歇尔大道（Boulevard Saint-Michel）散步
  - 简介：新古典主义建筑夜间打光极具历史厚重感；大道两侧书店林立，适合夫妻牵手慢走。
  - 小贴士：老人避免进入内部（台阶较多），外部广场拍照即可；22:00 后返回酒店休息。
> 🚇 **前往下一站**：步行回酒店（约 15 分钟）

> 💡 备选：若体力充裕 → 前往 **莎士比亚书店（Shakespeare and Company）** 免费参观，内部木质书架与历史手稿展极具文学氛围，但空间较小需控制人数。

---

## 第 3 天：蒙马特高地·艺术起源与浪漫俯瞰
> 乘缆车登顶圣心堂，在画家广场与葡萄园间感受波希米亚巴黎

**上午**
- 圣心大教堂（Basilique du Sacré-Cœur，35 Rue du Chevalier de la Barre, 75018）
  - 简介：白色拜占庭式教堂，登顶可俯瞰全巴黎天际线；内部免费，观景台需购票。
  - 参考票价：大教堂免费 / 顶层观景台 €8
  - 建议游览时长：1-2小时
  - 小贴士：老人**绝对避免**攀爬222级台阶，请乘坐蒙马特缆车（Funiculaire，单次 €1.90，可用地铁票）；观景台冬季 9:00-17:00 开放，建议 10:30 前抵达避开人流。
> 🚇 **前往下一站**：步行约 5 分钟至画家广场（缆车下站直达）

**午餐推荐**
- La Mère Catherine — 蒙马特百年家庭餐厅，人均约 €18
  - 推荐菜品：红酒炖鸡、法式咸派、焦糖布蕾；木质结构安静，提供软靠背座椅，避开临街嘈杂位。
> 🚇 **前往下一站**：步行约 8 分钟至爱墙

**下午**
- 蒙马特画家广场（Place du Tertre）+ 蒙马特葡萄园（Vigne de Montmartre）+ 爱墙（Le Mur des Je t'aime）
  - 简介：街头画家现场作画、巴黎唯一仍在产酒的微型葡萄园、311种语言“我爱你”瓷砖墙。
  - 参考票价：免费
  - 建议游览时长：1.5小时
  - 小贴士：画家广场石板路略不平，建议老人穿防滑平底鞋；爱墙位于 Jean Rictus 广场，路径平缓；沿途每 15 分钟安排一次咖啡馆歇脚。
> 🚇 **前往下一站**：步行约 10 分钟至蒙马特博物馆方向，转公交/地铁回市中心

**晚餐推荐**
- Le Poulbot — 蒙马特街区小馆，人均约 €20
  - 推荐菜品：普罗旺斯炖菜、奶酪拼盘；氛围轻松，提供靠窗安静桌位，适合夫妻私密交谈。
> 🚇 **前往下一站**：地铁 2 号线 → Anvers 站 → 步行回酒店（约 12 分钟，€1.90）

**晚上**
- 蒙马特高地日落观景点（Rue Lepic 转角平台）
  - 简介：避开拥挤的教堂台阶，此平台视野开阔且人流较少，可安静欣赏巴黎华灯初上。
  - 小贴士：10月后日落较早（约18:30），建议携带薄毯；20:00 后区域偏僻，老人不建议继续逗留。
> 🚇 **前往下一站**：步行/地铁返回酒店

> 💡 备选：若遇雨天 → 前往 **蒙马特博物馆（Musée de Montmartre，€12）**，室内展出雷诺阿工作室原址、历史版画与老照片，全程无障碍通道，避开湿滑石板路。

---

## 第 4 天：西岱岛与玛莱区·中世纪遗迹与城市绿肺
> 穿越巴黎发源地，在历史街区与孚日广场感受时光沉淀

**上午**
- 圣礼拜堂（Sainte-Chapelle，8 Boulevard du Palais, 75001）+ 巴黎古监狱（Conciergerie）联票
  - 简介：13世纪皇家礼拜堂，15面彩绘玻璃窗讲述圣经故事，被誉为“巴黎最美玻璃艺术”。
  - 参考票价：联票 €11.5 / 26岁以下欧盟免费
  - 建议游览时长：1小时
  - 小贴士：内部空间狭窄，建议预约 9:30 首班；老人可走右侧无障碍电梯入口；玻璃窗反光强，建议佩戴墨镜。
> 🚇 **前往下一站**：步行约 6 分钟至西岱岛南岸

**午餐推荐**
- Au Vieux Paris d'Arcole — 16世纪半木结构老屋餐厅，人均约 €21
  - 推荐菜品：法式洋葱汤、红酒烩牛颊肉；底层拱廊安静，提供软垫长椅，历史氛围浓厚。
> 🚇 **前往下一站**：步行约 8 分钟至巴黎圣母院外围

**下午**
- 巴黎圣母院外围（Notre-Dame de Paris）+ 玛莱区（Le Marais）历史漫步 + 孚日广场（Place des Vosges）
  - 简介：圣母院修复中仅可外观；玛莱区保存最完整的中世纪街区；孚日广场为巴黎最古老规划广场，中央草坪与喷泉适合休息。
  - 参考票价：免费
  - 建议游览时长：2小时
  - 小贴士：玛莱区石板路较多，建议老人走主街（Rue des Rosiers）；孚日广场四周拱廊下设有长椅与遮阳伞，可安排 30 分钟咖啡休息。
> 🚇 **前往下一站**：地铁 1 号线 → Saint-Paul 站 → 巴士底方向（约 8 分钟，€1.90）

**晚餐推荐**
- Breizh Café（Le Marais分店）— 布列塔尼可丽饼专门店，人均约 €18
  - 推荐菜品：荞麦咸饼（火腿+鸡蛋+奶酪）、苹果酒（无酒精）；环境明亮，提供靠墙安静座位，出餐快不拥挤。
> 🚇 **前往下一站**：步行约 10 分钟至酒店

**晚上**
- 酒店周边轻松散步 + 整理行李
  - 小贴士：避免前往巴士底广场夜间喧闹区；夫妻可在房间阳台或酒店小花园享用便利店购买的法式奶酪与红酒，享受安静二人时光。
> 🚇 **前往下一站**：步行返回酒店

> 💡 备选：若体力下降 → 前往 **巴黎下水道博物馆（Musée des Égouts de Paris，€5）**，室内恒温，展示巴黎百年排水系统历史，全程平坦步道，老人友好且极具冷知识趣味。

---

## 第 5 天：城市边缘自然·历史墓园与告别漫步
> 在拉雪兹神父公墓的林荫道中告别，以慢节奏收尾旅程

**上午**
- 拉雪兹神父公墓（Père Lachaise Cemetery，16 Rue du Repos, 75020）
  - 简介：巴黎最大墓园，兼具历史纪念与自然公园属性，肖邦、王尔德、巴尔扎克长眠于此，古木参天，路径如林间步道。
  - 参考票价：免费
  - 建议游览时长：1.5小时
  - 小贴士：入口处免费领取导览地图；主路径（Allée Circulaire）平坦铺装，适合老人；避开周末上午，建议 9:30 入园。
> 🚇 **前往下一站**：地铁 3 号线 → Père Lachaise 站 → 换乘 2 号线 → Nation 站（约 15 分钟，€1.90）

**午餐推荐**
- Le Bistrot du Peintre — 社区型法式小馆，人均约 €19
  - 推荐菜品：每日汤品、香煎海鲈鱼、柠檬挞；氛围家常安静，提供软座与靠背，服务员对长者耐心。
> 🚇 **前往下一站**：步行约 10 分钟至巴士底广场

**下午**
- 巴士底广场（Place de la Bastille）历史纪念柱 + 运河边漫步（Canal Saint-Martin）
  - 简介：法国大革命发源地；运河两岸垂柳依依，可租共享自行车（夫妻）或长椅静坐（老人），感受巴黎本地生活节奏。
  - 参考票价：免费
  - 建议游览时长：1.5小时
  - 小贴士：运河边风较大，老人备防风外套；避开午后骑行高峰，选择 15:00 后散步最惬意。
> 🚇 **前往下一站**：地铁 5 号线 → Bastille 站 → 步行回酒店（约 10 分钟，€1.90）

**晚餐推荐**
- Café de la Nouvelle Mairie — 拉丁区边缘平价法餐，人均约 €18
  - 推荐菜品：法式炖菜、烤蔬菜沙拉、热巧克力；环境温馨不喧闹，适合告别晚餐，提供靠窗安静位。
> 🚇 **前往下一站**：步行回酒店

**晚上**
- 酒店休息 / 塞纳河左岸最后一次夜拍
  - 小贴士：整理行李，检查退税单据；20:00 后避免单独前往偏僻街区，夫妻可结伴步行至酒店附近亮灯主街。
> 🚇 **前往下一站**：步行返回酒店

> 💡 备选：若遇突发大雨 → 前往 **巴黎科学工业城（Cité des Sciences et de l'Industrie，€15）**，欧洲最大科技博物馆，室内恒温，含历史交通展与自然生态区，全程电梯直达。

---

## 住宿建议
按低预算+老人舒适度原则，推荐以下区域（价格以欧元/晚计，折合人民币约 ×7.8）：
1. **第 5 区（拉丁区/先贤祠周边）**：€70-90/晚
   - 优势：步行可达塞纳河、公交密集、餐饮平价且安静；靠近地铁站，老人出行省力。
   - 适合：夫妻+老人，避开游客喧闹，生活气息浓。
   - 推荐：Hôtel des Grands Boulevards（简约型）或 Ibis Paris Place d'Italie（连锁标准化，电梯/无障碍房完善）。
2. **第 11 区（巴士底/共和国广场周边）**：€60-80/晚
   - 优势：本地人社区，物价低，地铁 1/3/5/8 号线交汇；周边公园多，适合自然散步。
   - 适合：预算严格控制的夫妻，需提前确认房间是否有电梯。
   - 推荐：Hôtel Paris Bastille（家庭经营，提供折叠床/软垫）。
3. **第 14 区（蒙帕纳斯南部）**：€65-85/晚
   - 优势：地势平坦，远离旅游区拥挤，直达卢森堡公园；餐饮以社区食堂为主。
   - 适合：偏好安静、注重睡眠质量的老人家庭。
   - 推荐：Campanile Paris 14 Maine Montparnasse（无障碍设施齐全）。

---

## 预算参考（3人，5天，参考估算）
| 项目 | 预估费用（人民币）|
|------|-----------------|
| 国际往返机票（3人）| ¥18,000（经济舱淡季参考，节假日上浮30%-50%） |
| 当地交通（地铁10次票+步行/偶发公交）| ¥650（10张票€17.35≈¥135/人，3人×5天≈¥650） |
| 住宿（4晚，双床/家庭房）| ¥12,500（€75/人/晚×3人×4晚≈¥9,000，含税费浮动） |
| 餐饮（早简+午晚正餐）| ¥4,200（€18/餐×2餐/人×5天×3人≈¥4,200） |
| 景点门票（奥赛/橘园/圣心/游船/圣礼拜堂等）| ¥1,100（€14/人/天×3人×5天≈€210≈¥1,600，部分免费/折扣后估算） |
| 购物/其他（零食/保险/纪念品）| ¥1,500 |
| **合计** | **¥37,950** |
| **人均** | **¥12,650** |

> ⚠️ 机票价格受出发日期、舱位和购买时间影响较大，以上为参考区间，实际价格请以出行前实时查询为准。低预算策略已最大化利用免费公园、教堂内部与平价社区餐厅，避开高价米其林与包车。

---

## 实用信息
- **签证**：中国公民前往法国需申请申根签证（法国为主目的国）。建议提前2-3个月通过“中智签证”官网预约，准备行程单、酒店订单、机票预订单、保险（保额≥€30,000）及银行流水。
- **货币**：当地货币为欧元（€）。建议携带少量现金（€50-100/人）用于小摊/小费，主流场所支持 Visa/Mastercard 及 Apple Pay。避免在景点周边兑换点换汇。
- **语言**：官方语言为法语。常用短语：Bonjour（您好）、Merci（谢谢）、S'il vous plaît（请）、Où sont les toilettes ?（洗手间在哪？）。地铁/景点指示牌多为双语，英语可通用。
- **气候**：5月/10月典型气温 10-20°C，多阵雨与微风。穿衣建议：洋葱式穿搭（薄毛衣+防风外套+舒适防滑平底鞋）；随身带折叠伞。极端天气预案：遇持续大雨立即启用每日“备选室内景点”；高温日（>28°C）将户外公园行程移至清晨或傍晚，中午安排咖啡馆/博物馆休息。
- **紧急联系**：报警/急救 112（全欧通用）/ 17（警察）/ 15（医疗）；中国驻法国大使馆领事保护电话：+33-1-53758840（24小时）。建议出发前购买涵盖医疗转运与行程取消的旅行保险。"
S0582,standard,我想去罗马玩5天，我们喜欢自然，预算比较有限，有小孩子。,罗马,7,高,文化,1,7140,agent,224.38,"# 罗马 5日行程 · 家庭亲子自然之旅  ## 行程概览 本行程专为**预算有限、热爱自然、携带儿童**的家庭设计，避开高昂门票与拥挤商圈，深度挖掘罗马的“城市绿肺”与免费自然景观。春季（4-5月）罗马气温约 20-25°C，微风和煦、鲜花盛开，非常适合户外徒步与公园野餐。整体节奏舒缓，单日步行控制在 5-6 公里内，穿插动物园、植物园、古罗马绿道等亲子友好点位，兼顾自然探索、历史熏陶与高性价比体验。  ## 出发准备 （未提供出发地，请根据实际航班/高铁信息提前预订。建议提前 1-2 个月关注廉价航空或转机航班，经济舱往返参考价 ¥3,500-5,500/人。）  ---  ## 第 1 ","# 罗马 5日行程 · 家庭亲子自然之旅

## 行程概览
本行程专为**预算有限、热爱自然、携带儿童**的家庭设计，避开高昂门票与拥挤商圈，深度挖掘罗马的“城市绿肺”与免费自然景观。春季（4-5月）罗马气温约 20-25°C，微风和煦、鲜花盛开，非常适合户外徒步与公园野餐。整体节奏舒缓，单日步行控制在 5-6 公里内，穿插动物园、植物园、古罗马绿道等亲子友好点位，兼顾自然探索、历史熏陶与高性价比体验。

## 出发准备
（未提供出发地，请根据实际航班/高铁信息提前预订。建议提前 1-2 个月关注廉价航空或转机航班，经济舱往返参考价 ¥3,500-5,500/人。）

---

## 第 1 天：城市绿肺与古典地标初探
> 漫步罗马最大公共花园，让孩子在自然中释放活力，傍晚轻松打卡经典地标

**上午**
- **博尔盖塞公园 (Villa Borghese) & 罗马动物园 (Bioparco di Roma)**
  - 简介：罗马的“中央公园”，湖光树影交织；园内的 Bioparco 是欧洲老牌动物园，动物散养区与互动投喂深受儿童喜爱。
  - 参考票价：公园免费 / 动物园 成人 €16（约¥125），3-10岁儿童 €13，3岁以下免费
  - 建议游览时长：3 小时
  - 小贴士：建议早 9:00 开门即入，避开午后人流；园内多处设有儿童游乐沙坑与饮水点；部分坡道较缓，婴儿车可通行。

> 🚇 **前往下一站**：从动物园南门步行至 Pincio 观景台（约 15 分钟，免费）→ 沿步道下坡直达西班牙广场

**午餐推荐**
- **Ginger Sapori** — 罗马式轻食/意面，人均约 €15
  - 推荐菜品：经典番茄罗勒意面、儿童迷你披萨、新鲜水果拼盘
  - 备注：店内提供高脚儿童椅，出餐快，适合家庭简餐

**下午**
- **西班牙广场 (Piazza di Spagna) & 特莱维喷泉 (Trevi Fountain)**
  - 简介：巴洛克阶梯与许愿池是罗马名片，周边街道布满街头艺人，孩子可体验投币许愿的传统。
  - 参考票价：免费
  - 建议游览时长：2 小时
  - 小贴士：避开 12:00-14:00 高峰；喷泉台阶禁止坐卧（罚款严格），建议站在外围拍照；春季午后阳光充足，注意儿童防晒。

> 🚇 **前往下一站**：从特莱维喷泉步行至晚餐餐厅（约 10 分钟，免费）

**晚餐推荐**
- **Trattoria Monti** — 传统家庭式罗马菜，人均约 €20
  - 推荐菜品：Cacio e Pepe（黑椒奶酪意面）、烤春鸡、手工提拉米苏
  - 备注：氛围温馨安静，老板热情，可要求少盐儿童餐

**晚上**
- **台伯河畔散步 (Lungotevere)**
  - 简介：沿河岸步道慢行，晚风拂面，观赏两岸桥梁灯光，适合全家放松消化。
  - 小贴士：河堤有路灯照明，但部分路段无护栏，请牵好儿童；单人/家庭均建议 21:30 前返回酒店。

> 💡 备选：**Explora 儿童博物馆**（若遇突发降雨或孩子体力透支）—— 全室内互动科学乐园，需官网提前预约，儿童票 €8，成人陪同票 €4.5

---

## 第 2 天：千年古道骑行与台伯河畔漫步
> 穿梭在古罗马遗迹与自然林荫之间，体验“历史就在脚下”的沉浸式户外课

**上午**
- **阿皮亚古道 (Appia Antica) 自然绿道**
  - 简介：2000 年前的古罗马主干道，现为全长 16 公里的生态公园，两侧松柏参天、野花遍地，古迹散落其间。
  - 参考票价：免费 / 自行车租赁 €8-10/小时（带儿童座椅车型 €12）
  - 建议游览时长：2.5 小时
  - 小贴士：建议从 Porta San Sebastiano 入口租双人/亲子自行车；路面为碎石土路，颠簸感适中；沿途有免费饮水泉。

> 🚇 **前往下一站**：从 Appia Antica 入口步行至 Metro B 线 Circo Massimo 站（约 25 分钟）→ 转乘公交 714 路至 午餐区（约 15 分钟，使用单次票 €1.5）

**午餐推荐**
- **Pizzeria Da Remo**（Testaccio 区） — 罗马薄底披萨，人均约 €12
  - 推荐菜品：玛格丽特披萨、炸西葫芦花、儿童迷你意面
  - 备注：本地人排队老店，无空调但通风良好，提供户外遮阳座

**下午**
- **帕拉蒂尼山 (Palatine Hill) 绿地与古罗马广场外围**
  - 简介：罗马七丘之一，现为开阔的橄榄树林与草坪，可俯瞰古罗马遗址全景，儿童可在指定草坪区奔跑。
  - 参考票价：仅进入外围公园免费 / 若购票进遗址区 成人 €18（含斗兽场），儿童 €2（18岁以下欧盟/非欧盟政策不同，建议现场咨询）
  - 建议游览时长：2 小时
  - 小贴士：为节省预算，建议只逛山顶免费绿地与观景台；部分阶梯较陡，婴儿车建议走缓坡道；春季花粉较多，备抗过敏药。

> 🚇 **前往下一站**：从帕拉蒂尼山南门步行至 Metro B 线 Colosseo 站 → 乘 1 站至 Cavour 站，步行至晚餐区（约 15 分钟，地铁 €1.5）

**晚餐推荐**
- **La Taverna dei Fori Imperiali** — 传统罗马家常菜，人均约 €18
  - 推荐菜品：Saltimbocca alla Romana（小牛肉火腿卷）、烤蔬菜拼盘、Gelato 试吃
  - 备注：需提前电话订位，提供儿童围兜与温奶服务

**晚上**
- **酒店周边自由活动 & 亲子休息**
  - 建议早回住处，孩子可玩桌游或绘本，家长整理次日路线。

> 💡 备选：**卡拉卡拉浴场遗址公园**（若下午时间充裕）—— 罗马保存最完好的古浴场，外围草坪免费开放，适合野餐与历史启蒙

---

## 第 3 天：植物探秘与跨区生活气息
> 深入小众植物园与跨河街区，感受罗马“非游客区”的真实自然与生活节奏

**上午**
- **罗马植物园 (Orto Botanico di Roma)**
  - 简介：位于台伯河西岸，占地 12 公顷，拥有温室、竹林、日本庭园与药用植物区，是绝佳的户外自然课堂。
  - 参考票价：成人 €6，6-12岁儿童 €3，6岁以下免费
  - 建议游览时长：2 小时
  - 小贴士：园内多石板路与台阶，建议背带式婴儿车；温室湿度高，备薄外套；每周二上午有免费植物导览（意大利语，可看图示）。

> 🚇 **前往下一站**：从植物园步行至 Trastevere 区核心（约 10 分钟）→ 沿河岸步道至午餐餐厅

**午餐推荐**
- **Da Enzo al 29** — Trastevere 人气家常馆，人均约 €16
  - 推荐菜品：Amatriciana（培根番茄意面）、烤洋蓟、儿童通心粉
  - 备注：无预约需排队，建议 11:30 前到店；空间紧凑但氛围热闹，儿童友好度高

**下午**
- **台伯河西岸步道 (Trastevere 段) & 圣玛利亚教堂花园**
  - 简介：避开主街人流，沿河慢行至 Santa Maria in Trastevere 教堂后方小花园，鸽子群与百年橄榄树构成静谧角落。
  - 参考票价：免费
  - 建议游览时长：1.5 小时
  - 小贴士：河堤部分路段为斜坡，牵好儿童；教堂内禁止闪光灯，花园长椅可休息。

> 🚇 **前往下一站**：步行至 Trastevere 火车站 → 乘区域火车 1 站至 Ostiense，转 Metro B 线 1 站至晚餐区（约 20 分钟，公交联票 €1.5）

**晚餐推荐**
- **Flavio al Velavevodetto**（Testaccio） — 本地人常去的平价烤肉店，人均约 €17
  - 推荐菜品：罗马式烤羊排、烤土豆、儿童软面包配橄榄油
  - 备注：户外庭院座位宽敞，儿童可安全活动；周末需预约

**晚上**
- **Trastevere 街区夜市与街头音乐**
  - 简介：傍晚 Piazza di Santa Maria 常有街头艺人演奏，周边 Gelato 店林立，适合全家散步消食。
  - 小贴士：夜市人流较杂，请将贵重物品放前袋；儿童建议 20:30 前结束夜游。

> 💡 备选：**国立罗马博物馆（马西莫宫）**（若遇雨天）—— 室内青铜雕塑与古罗马壁画展，儿童票半价，互动导览器有英文

---

## 第 4 天：山顶橘园与地道市井美食
> 登高俯瞰罗马全景，在本地人市场体验烟火气，自然与人文完美交融

**上午**
- **阿文提诺山 (Aventino Hill) & 橘园公园 (Giardino degli Aranci)**
  - 简介：罗马七丘之一，山顶橘园可 360° 俯瞰斗兽场与圣彼得大教堂；园内柑橘树四季常青，春季开花极香。
  - 参考票价：免费
  - 建议游览时长：1.5 小时
  - 小贴士：清晨空气最佳；公园长椅多，适合休息；“骑士团钥匙孔”在附近，孩子可排队体验“一孔看三国”趣味。

> 🚇 **前往下一站**：从橘园步行至 Metro B 线 Circo Massimo 站 → 乘 2 站至 Piramide 站，步行至午餐区（约 20 分钟，地铁 €1.5）

**午餐推荐**
- **Mercato di Testaccio**（室内市集） — 美食摊位自选，人均约 €10-15
  - 推荐菜品：Supplì（炸米球）、新鲜水果汁、手工奶酪
  - 备注：半开放式市集，通风极佳；提供公共用餐区，儿童可自选口味，无强制服务费

**下午**
- **奥勒良城墙步道 & 新教公墓 (Cimitero Acattolico) 外围绿地**
  - 简介：沿 3 世纪古城墙漫步，两侧爬满常春藤；公墓外围草坪开阔，常有松鼠与野兔出没，生态极佳。
  - 参考票价：免费（公墓内部门票 €5，可选不进）
  - 建议游览时长：1.5 小时
  - 小贴士：城墙部分路段无护栏，注意儿童安全；春季野花盛开，适合自然写生。

> 🚇 **前往下一站**：步行至 Metro B 线 Piramide 站 → 乘 3 站至 Termini 站，转 A 线 1 站至 Barberini，步行至晚餐区（约 25 分钟，地铁 €1.5）

**晚餐推荐**
- **Pasta Chef**（市中心） — 现做手工意面小店，人均约 €14
  - 推荐菜品：Carbonara（蛋奶培根意面）、蔬菜浓汤、儿童小份意面
  - 备注：开放式厨房，孩子可观看面条制作过程；提供儿童餐具与温水

**晚上**
- **特莱维喷泉夜游 & 广场 Gelato 体验**
  - 简介：夜间灯光下的许愿池更柔和，避开白天人潮；推荐附近百年老店 Giolitti 试吃 2 球 Gelato。
  - 小贴士：夜间路面石板反光，建议穿防滑鞋；单人/家庭注意保管随身物品。

> 💡 备选：**多利亚·潘菲利别墅公园 (Villa Doria Pamphili)**（若体力充沛）—— 罗马最大绿地，有儿童攀爬架与湖心岛，完全免费

---

## 第 5 天：最大公园畅玩与轻松返程
> 在罗马“天然游乐场”度过最后半日，轻松采购，满载回忆返程

**上午**
- **多利亚·潘菲利公园 (Villa Doria Pamphili)**
  - 简介：占地 180 公顷，拥有湖泊、松林、儿童沙坑与无障碍步道，是本地家庭周末首选的自然休闲地。
  - 参考票价：免费 / 脚踏船租赁 €8/30分钟（可选）
  - 建议游览时长：2.5 小时
  - 小贴士：公园无围栏，请设定集合点；园内多处有直饮水与公共卫生间；可自带野餐垫在草坪休息。

> 🚇 **前往下一站**：从公园南门步行至 Bus 870 站台 → 乘 15 分钟至 Termini 火车站周边（公交 €1.5）

**午餐推荐**
- **Termini 站周边 Eataly** — 意大利美食超市/简餐区，人均约 €12
  - 推荐菜品：现切火腿拼盘、迷你披萨、新鲜沙拉
  - 备注：环境明亮，座位充足，提供儿童高脚椅；可购买平价意面/橄榄油作为伴手礼

**下午**
- **中央火车站周边超市采购 & 行李寄存**
  - 简介：Conad 或 Carrefour 超市购买罗马特色饼干、橄榄油、儿童零食；使用车站寄存柜（€5-8/天）轻装前往机场。
  - 小贴士：超市下午 19:00 关门，建议提前采购；寄存柜接受信用卡，现金备用。

> 🚇 **前往下一站**：从 Termini 乘 Leonardo Express 直达机场（约 32 分钟，成人 €14，4-12岁儿童 €7）

**晚餐推荐**
- **机场 T3 航站楼餐厅区** — 简餐/咖啡，人均约 €15
  - 推荐菜品：Panini 三明治、意式浓缩、儿童热牛奶
  - 备注：航班前 2 小时到达即可，避免过度消费

**晚上**
- **办理登机 & 返程**
  - 安全提示：机场人多，牵好儿童；退税柜台排队较长，建议提前 2.5 小时到。

> 💡 备选：**博尔盖塞美术馆**（若航班为晚间且提前预约成功）—— 需官网提前 3 个月抢票，成人 €13，儿童免费，室内艺术与自然雕塑结合

---

## 住宿建议
| 区域 | 推荐酒店/类型 | 价格区间（每晚） | 适合人群与优势 |
|------|---------------|------------------|----------------|
| **Trastevere（台伯河西岸）** | Hotel Santa Maria / 家庭式 B&B | €70-110 | 性价比最高，石板街安静，步行 10 分钟至河岸，多家庭友好餐厅，适合预算有限亲子家庭 |
| **Termini 火车站周边** | 经济连锁（如 Ibis Roma Termini） | €60-90 | 交通枢纽，地铁 A/B 线交汇，行李寄存方便，适合中转与早班机，但环境略嘈杂 |
| **Testaccio（本地生活区）** | 民宿/Airbnb 公寓 | €65-100 | 靠近市集与平价餐厅，无游客溢价，带厨房可自制儿童餐，适合长住家庭 |

> 💡 预算有限建议：选择 Trastevere 区家庭 B&B，含早餐可省每日 €15/人；避开 4 月中下旬（复活节）涨价期，提前 1 个月预订。

---

## 预算参考（4人家庭，5天4晚，参考估算）
| 项目 | 预估费用（人民币）|
|------|-----------------|
| 国际往返机票（4人）| ¥16,000-20,000（经济舱参考，节假日上浮） |
| 当地交通（地铁/公交/机场快线）| ¥600（推荐 48小时票×2 + 单次票组合，步行为主） |
| 住宿（4晚，Trastevere 经济型）| ¥3,200-4,000（约 €350-450） |
| 餐饮（5天，含 Gelato/市集/平价餐厅）| ¥3,500（人均 €20-25/天） |
| 景点门票（动物园+植物园+自行车租赁）| ¥1,200（儿童多享半价/免费，大量公园免费） |
| 购物/其他（超市伴手礼/饮水/应急）| ¥800 |
| **合计** | **¥25,300-29,300** |
| **人均** | **¥6,300-7,300** |

> ⚠️ 机票价格受出发日期、舱位和购买时间影响较大，以上为参考区间，实际价格请以出行前实时查询为准。罗马春季为平季，住宿与机票价格较夏季低 15%-25%。

---

## 实用信息
- **签证**：中国公民需申根签证（意大利递签），建议提前 1-2 个月预约；12 岁以下儿童免录指纹，需出生证明公证。
- **货币**：欧元（€）。建议国内换少量现金（€200/人），日常多用 Visa/Mastercard 或 Apple Pay；小额硬币备用于公交/饮水泉。
- **语言**：意大利语。常用短语：Grazie（谢谢）、Per favore（请）、Dov'è il bagno?（洗手间在哪？）、Acqua（水）。
- **气候**：春季（4-5月）日均 20-25°C，早晚温差 5°C。穿衣建议：短袖+薄外套/防风衣，儿童备防晒帽与润肤霜；若遇午后阵雨（概率 20%），随身带折叠伞。极端天气预案：暴雨日改去 Explora 儿童博物馆或国立罗马博物馆。
- **紧急联系**：报警 112 / 急救 118 / 火警 115；中国驻意大利大使馆领事保护电话 +39-06-96524200。
- **亲子安全贴士**：罗马地铁 A/B 线高峰期扒窃高发，务必将手机/钱包放前袋或防盗腰包；儿童建议佩戴防走失手环（可写酒店电话）；公园饮水泉（Nasoni）水质可直饮，但建议自带滤水壶更安心。"
S0582,standard,我想去罗马玩5天，我们喜欢自然，预算比较有限，有小孩子。,罗马,7,高,文化,2,7300,agent,476.99,# 罗马 5日行程 · 亲子自然慢游  ## 行程概览 这是一趟专为预算有限、热爱自然且携带儿童的家庭设计的罗马慢游行程。避开传统“打卡式”暴走，以城市公园、古道森林、火山湖与植物园为核心，穿插低收费历史遗迹与地道市井美食。出行月份以**4月（春季）**为参考基准，气温约20-25°C，阳光和煦偶有春雨，整体节奏舒缓，每日步行控制在1.5万步以内，穿插休息与亲子互动点。  > ⚠️ 未提供出发城市，故跳过航班推荐。若需查询，请补充出发地与具体日期。  ---  ## 第 1 天：初探永恒之城，漫步古典园林 > 以城市绿肺开启旅程，轻松适应时差与节奏，兼顾儿童游乐与自然观景。  **上午** -,"# 罗马 5日行程 · 亲子自然慢游

## 行程概览
这是一趟专为预算有限、热爱自然且携带儿童的家庭设计的罗马慢游行程。避开传统“打卡式”暴走，以城市公园、古道森林、火山湖与植物园为核心，穿插低收费历史遗迹与地道市井美食。出行月份以**4月（春季）**为参考基准，气温约20-25°C，阳光和煦偶有春雨，整体节奏舒缓，每日步行控制在1.5万步以内，穿插休息与亲子互动点。

> ⚠️ 未提供出发城市，故跳过航班推荐。若需查询，请补充出发地与具体日期。

---

## 第 1 天：初探永恒之城，漫步古典园林
> 以城市绿肺开启旅程，轻松适应时差与节奏，兼顾儿童游乐与自然观景。

**上午**
- **博尔盖塞公园（Villa Borghese）**（Piazzale del Museo Borghese, 28）
  - 简介：罗马最大的城市园林之一，拥有湖泊、林荫道、儿童游乐场与露天草坪，自然氛围极佳。
  - 参考票价：公园免费 / 租赁脚踏车约 €12-15/小时（适合家庭）
  - 建议游览时长：2.5 小时
  - 小贴士：公园内有多处免费饮水点；带推车建议走主铺装路（Pincio方向）；避开博尔盖塞美术馆（需高价预约且儿童兴趣低），专注户外自然。

> 🚇 **前往午餐**：步行约 15 分钟 / 公交 52/53 路至 Spagna 站（约 8 分钟，€1.5）

**午餐推荐**
- **Pizzeria Da Baffetto** — 传统罗马薄底披萨，人均约 ¥90–110（€12–14）
  - 推荐菜品：玛格丽特披萨、烤蔬菜拼盘；提供儿童餐椅与高脚凳，出餐快，适合家庭。

> 🚇 **前往下一站**：步行约 10 分钟至西班牙广场区域

**下午**
- **西班牙广场与平乔山观景台（Piazza di Spagna & Terrazza del Pincio）**（Via dei Condotti 周边）
  - 简介：从西班牙台阶缓步上行至平乔山，沿途绿树成荫，山顶可俯瞰人民广场与罗马老城天际线。
  - 参考票价：免费 / 台阶区禁止饮食与坐卧（市政规定，违者罚款）
  - 建议游览时长：1.5 小时
  - 小贴士：台阶陡峭，推车不便，建议将儿童背带或轻便伞车寄存山下；观景台有草坪可供孩子短暂奔跑。

> 🚇 **前往下一站**：地铁 A 线 Spagna 站 → Barberini 站（1 站，约 3 分钟，€1.5）→ 步行 8 分钟

**晚餐推荐**
- **Trattoria Monti** — 马尔凯大区家常菜，人均约 ¥100–120（€13–15）
  - 推荐菜品：手工意面（Tagliatelle）、烤乳猪（Porchetta）；环境安静，有儿童菜单。

**晚上**
- **台伯河畔慢走与特雷维喷泉夜景**（Lungotevere 沿岸 → Fontana di Trevi）
  - 简介：沿河步行道凉爽宜人，喷泉夜间灯光柔和，避开白天拥挤人流。
  - 小贴士：罗马夜间治安整体良好，但喷泉区扒手活跃，务必将背包前置；儿童易被人群冲散，建议牵手或使用防走失绳。

> 💡 备选：**罗马国家博物馆（Palazzo Massimo）**——若遇春雨或气温骤降，可转入室内欣赏古罗马雕塑与马赛克，成人票约 €10，6岁以下免费。

---

## 第 2 天：古罗马遗迹与阿皮亚古道生态
> 穿越千年松林古道，感受自然与历史的交融，节奏舒缓适合亲子。

**上午**
- **阿皮亚古道区域公园（Parco Regionale dell'Appia Antica）**（Via Appia Antica 起点）
  - 简介：欧洲最古老的石铺道路，两侧为百年地中海松林、古罗马水道遗迹与起伏草甸，生态保存完好。
  - 参考票价：免费 / 自行车租赁约 €8/2小时
  - 建议游览时长：2.5 小时
  - 小贴士：石板路较颠簸，不建议推重型婴儿车；沿途设有遮阳休息长椅与免费厕所；建议9:00前抵达避开日晒。

> 🚇 **前往午餐**：公交 118 路 → 步行 5 分钟至公园内 **Osteria della Fontana**（约 12 分钟，€1.5）

**午餐推荐**
- **Osteria della Fontana** — 公园内家庭式小馆，人均约 ¥85–105（€11–13.5）
  - 推荐菜品：番茄罗勒意面、烤春鸡、儿童意面（可免酱）；庭院有绿植，儿童可安全活动。

> 🚇 **前往下一站**：公交 118 路 → Circo Massimo 站（约 15 分钟，€1.5）→ 步行 5 分钟

**下午**
- **卡拉卡拉浴场遗址（Terme di Caracalla）与马克西穆斯竞技场外围**
  - 简介：浴场遗址规模宏大，部分区域有顶棚遮蔽；竞技场现为开阔草坪，适合孩子短暂奔跑。
  - 参考票价：联票（含卡拉卡拉+马克西穆斯）成人约 €16，6-17岁 €8，6岁以下免费
  - 建议游览时长：1.5 小时
  - 小贴士：遗址区地面不平，建议穿防滑运动鞋；下午阳光较强，备遮阳帽与水壶；联票可提前在 CoopCulture 官网预约免排队。

> 🚇 **前往下一站**：地铁 B 线 Circo Massimo 站 → Colosseo 站（2 站，约 5 分钟，€1.5）→ 步行 3 分钟

**晚餐推荐**
- **Pizzeria Ai Marmi**（Testaccio区）— 罗马老牌平价披萨，人均约 ¥75–95（€10–12）
  - 推荐菜品：四奶酪披萨、炸洋蓟；翻台快、价格亲民，适合预算有限家庭。

**晚上**
- 返回酒店休息，或在街区便利店购买意式 Gelato 步行回房。
  - 小贴士：罗马夏季/春季傍晚仍较亮，建议20:30前结束户外；儿童注意补充水分。

> 💡 备选：**卡拉卡拉浴场地下导览（仅限特定开放日）**——若孩子对考古感兴趣，可提前查询“地下结构开放日”，免费体验但名额极少。

---

## 第 3 天：梵蒂冈绿境与台伯河畔自然
> 避开圣彼得大教堂人流高峰，以大型公园与河滨步道为主，亲近自然。

**上午**
- **多利亚·潘菲利别墅公园（Villa Doria Pamphili）**（Largo di San Pancrazio）
  - 简介：罗马面积最大的公共园林，拥有湖泊、百年橡树林、儿童沙坑与林间步道，本地家庭周末常聚地。
  - 参考票价：免费 / 园内小火车 €3/人（儿童半价）
  - 建议游览时长：2 小时
  - 小贴士：公园入口较多，建议从 Gianicolo 侧进入；林间蚊虫较多，备驱蚊液；部分土路雨后泥泞，穿防水鞋。

> 🚇 **前往午餐**：公交 870/872 路 → Trastevere 区（约 18 分钟，€1.5）→ 步行 5 分钟

**午餐推荐**
- **Da Enzo al 29** — 传统罗马家常菜，人均约 ¥90–110（€12–14）
  - 推荐菜品：Cacio e Pepe（黑胡椒奶酪意面）、罗马式洋蓟；需排队但翻台快，提供儿童高脚椅。

> 🚇 **前往下一站**：步行约 15 分钟至台伯河右岸步道

**下午**
- **台伯河右岸生态步道（Lungotevere dei Vallati）与法尔内西纳花园（Villa Farnesina）**
  - 简介：沿河绿道平坦安全，两岸垂柳与野花交错；花园内保留文艺复兴壁画与橘园（外观免费）。
  - 参考票价：步道免费 / Villa Farnesina 外观免费（内部成人票约 €12）
  - 建议游览时长：1.5 小时
  - 小贴士：河风较大，备薄外套；步道旁有直饮水龙头（可接水）；避开14:00-15:00强日照时段。

> 🚇 **前往下一站**：步行约 20 分钟 / 公交 8 路 → 圣天使堡方向（约 10 分钟，€1.5）

**晚餐推荐**
- **Pizzeria La Montecarlo**（Prati区）— 家庭友好型披萨店，人均约 ¥80–100（€10–13）
  - 推荐菜品：火腿蘑菇披萨、炸鱿鱼圈；空间宽敞，儿童友好，支持刷卡。

**晚上**
- **圣天使城堡露台日落**（Castel Sant'Angelo）
  - 简介：城堡外围台阶可远眺台伯河与梵蒂冈，傍晚光线柔和适合拍照。
  - 小贴士：登露台需购成人票 €15，6岁以下免费；若预算有限，仅在桥面（Ponte Sant'Angelo）观景即可免费。

> 💡 备选：**MAXXI 现代艺术博物馆**——若遇降雨或气温偏低，转入室内欣赏当代建筑与艺术，成人 €12，14岁以下免费。

---

## 第 4 天：逃离喧嚣，火山湖与山林野趣
> 罗马近郊一日游，体验自然湖泊与火山地貌，交通成本低廉。

**上午**
- **阿尔巴诺湖（Lago di Albano）**（Castelli Romani 地区）
  - 简介：火山口湖，水质清澈，环湖步道平缓，两侧为松林与葡萄园，适合家庭轻徒步。
  - 参考票价：免费 / 游船体验约 €5/人（15分钟）
  - 建议游览时长：2 小时
  - 小贴士：从 Roma Termini 乘区域火车 C 线至 Albano Laziale（约 40 分钟，单程 €2.6）；湖边步道部分为碎石，建议穿徒步鞋。

> 🚇 **前往午餐**：步行 10 分钟至 Albano 镇中心 / 公交 830 路 → Ariccia（约 15 分钟，€1.5）

**午餐推荐**
- **La Porchetta di Ariccia** — 阿利恰烤乳猪老字号，人均约 ¥85–105（€11–13.5）
  - 推荐菜品：烤乳猪三明治（Porchetta）、白面包、本地红酒（成人）；户外座位宽敞，儿童可自由活动。

> 🚇 **前往下一站**：公交 830 路 → Nemi 镇（约 25 分钟，€1.5）→ 步行 5 分钟

**下午**
- **内米湖（Lago di Nemi）与草莓小径**
  - 简介：比阿尔巴诺湖更宁静，湖岸有野生草莓田（4-5月为季），步道平缓，适合亲子自然观察。
  - 参考票价：免费 / 草莓采摘体验约 €3/小篮
  - 建议游览时长：1.5 小时
  - 小贴士：湖周无大型超市，自备零食与水；若遇午后阵雨，可转入镇内 **草莓博物馆**（成人 €5，儿童免费）。

> 🚇 **前往下一站**：火车 Albano Laziale → Termini（约 40 分钟，€2.6）→ 步行/公交回酒店

**晚餐推荐**
- **Trattoria Da Cesare al Casaletto** — 罗马本地人常去平价餐厅，人均约 ¥90–110（€12–14）
  - 推荐菜品：手工宽面、烤牛肚（Trippa，可选换烤鸡）；环境热闹但有序，有儿童餐具。

**晚上**
- 酒店周边超市采购意式饼干与水果，为次日行程储备能量。
  - 小贴士：罗马超市（如 Conad、Coop）19:30后部分打折；儿童注意避免生冷海鲜。

> 💡 备选：**罗马水族馆（Bioparco di Roma）**——若孩子对动物感兴趣，可替换为动物园（成人 €16，3-10岁 €12），但需提前预约且步行距离长。

---

## 第 5 天：植物秘境与城市慢时光
> 以植物园与山顶剧场收尾，轻松告别罗马，兼顾自然教育与亲子娱乐。

**上午**
- **罗马植物园（Orto Botanico di Roma）**（Largo Cristina di Svezia, 24, Trastevere）
  - 简介：隶属罗马大学，占地12公顷，含日本园、仙人掌温室、药用植物区，自然科普性强。
  - 参考票价：成人 €10，6-14岁 €6，6岁以下免费；温室另收 €3
  - 建议游览时长：2 小时
  - 小贴士：温室湿度高，儿童易出汗，备毛巾；园内指示牌清晰，适合亲子自然寻宝游戏。

> 🚇 **前往午餐**：步行约 10 分钟至 Trastevere 市集区

**午餐推荐**
- **Mercato di Testaccio / 街头摊位组合** — 罗马本地市集，人均约 ¥70–90（€9–11.5）
  - 推荐菜品：新鲜水果杯、意式三明治（Panini）、手工冰淇淋（Gelato）；露天座位灵活，儿童可自选食物。

> 🚇 **前往下一站**：公交 871/715 路 → Gianicolo 山脚（约 12 分钟，€1.5）→ 步行 10 分钟

**下午**
- **贾尼科洛山（Gianicolo）与木偶剧院（Teatro dei Burattini）**
  - 简介：罗马制高点之一，可俯瞰全城；山腰有传统木偶剧场，演出票价低廉，深受儿童喜爱。
  - 参考票价：观景免费 / 木偶演出 €5/人（儿童半价）
  - 建议游览时长：1.5 小时
  - 小贴士：演出需提前1小时排队占座；山顶风大，备防风外套；台阶较多，推车建议寄存。

> 🚇 **前往下一站**：步行下山约 15 分钟 → 公交 8 路 → Trastevere 主街

**晚餐推荐**
- **Flavio al Velavevodetto** — Testaccio 区老牌平价意餐，人均约 ¥95–115（€12.5–15）
  - 推荐菜品：罗马式牛肚、烤土豆、提拉米苏；提供家庭拼盘，分量足，性价比高。

**晚上**
- 整理行李，沿酒店周边安静街区散步，准备次日返程。
  - 小贴士：罗马5月后日落约20:30，可安排轻量活动；儿童注意调整作息适应航班。

> 💡 备选：**儿童探索博物馆（Explora Museo dei Bambini）**——若遇大雨或孩子体力透支，可转入室内互动科学馆（需提前官网预约，成人 €8，儿童 €7）。

---

## 住宿建议
针对**预算有限+亲子家庭**需求，推荐以下区域：
1. **Trastevere（台伯河西岸）** ⭐⭐⭐⭐
   - 优势：生活气息浓厚，步行可达多处公园与餐厅，治安良好，夜间安静。
   - 价格区间：€70–120/晚（家庭房）
   - 推荐：**Hotel Santa Maria**（带庭院，儿童友好）或周边 Airbnb 两居室公寓（带厨房，可自煮早餐节省开支）。
2. **Termini 火车站周边（Esquilino 区）** ⭐⭐⭐
   - 优势：交通枢纽，公交/地铁/区域火车全覆盖，超市密集，物价偏低。
   - 价格区间：€60–100/晚
   - 注意：选择远离主街的小巷酒店，避免夜间嘈杂；适合预算严格控制的家庭。
3. **Testaccio 区** ⭐⭐⭐⭐
   - 优势：本地人聚居区，餐饮性价比高，靠近阿皮亚古道与植物园，游客少。
   - 价格区间：€75–130/晚
   - 推荐：**Hotel Testaccio**（带电梯，无障碍通道完善）。

---

## 预算参考（3人家庭：2大1小，5天4晚，参考估算）
| 项目 | 预估费用（人民币）|
|------|-----------------|
| 当地交通（地铁/公交/区域火车）| ¥350（以24小时票+单程票混合，儿童6岁以下多免票）|
| 住宿（4晚）| ¥2,400–3,200（€300–400/晚，家庭房/公寓）|
| 餐饮（5天）| ¥1,800–2,200（平价餐厅+市集+自煮早餐）|
| 景点门票 | ¥250（植物园+联票+木偶演出，儿童多享半价/免票）|
| 购物/其他（饮水/零食/纪念品）| ¥300 |
| **合计** | **¥5,100–6,300** |
| **人均** | **¥1,700–2,100** |

> ⚠️ 未含国际往返机票（受出发地/日期影响极大）。以上为罗马当地消费参考，按1欧元≈7.8人民币换算。淡季（11-2月）住宿可再降15%-20%，旺季（5-6月/9月）上浮10%-15%。

---

## 实用信息
- **签证**：中国公民前往意大利需申请申根签证（短期旅游C类）。建议通过意大利签证中心官网预约，提前15-30个工作日递交，准备行程单、酒店预订单、往返机票、保险（保额≥3万欧元）。
- **货币**：欧元（EUR）。建议携带少量现金（€100-200零钱），大部分餐厅/超市支持 Visa/Mastercard。避免在景点周边兑换店换汇，手续费高。
- **语言**：意大利语为主，旅游区英语普及率高。常用短语：Grazie（谢谢）、Per favore（请）、Dov'è...?（...在哪里？）。
- **气候**：4月罗马春季气温 20-25°C，早晚温差大（可至10-12°C），偶有阵雨。建议：洋葱式穿衣（薄外套+长袖T恤+防晒衣），备折叠伞；午后若遇降雨，立即转入室内备选点。
- **紧急联系**：报警 112 / 急救 118 / 火警 115。中国驻意大利大使馆领事保护电话：+39-06-96524200（24小时）。
- **亲子/安全贴士**：罗马地铁A/B线及热门景点扒手活跃，务必将背包背胸前，儿童使用防走失腕带；餐厅多数19:30后营业，建议提前预订；公共饮水器（Nason）遍布全城，水质安全可直接饮用，可大幅节省瓶装水开支。"
S0582,standard,我想去罗马玩5天，我们喜欢自然，预算比较有限，有小孩子。,罗马,7,高,文化,3,7430,agent,262.8,"# 罗马 5日行程 · 亲子自然与预算友好型  ## 行程概览 这是一趟专为“预算有限+带娃出行+偏爱自然”家庭定制的罗马慢游路线。避开人挤人的传统打卡点，将重心转向罗马的“城市绿肺”、古罗马水道公园、植物秘境与台伯河畔步道，让孩子在奔跑中感受自然与历史的交融。行程节奏舒缓，每日步行分段控制在1小时内，大量利用免费公园与平价餐饮。出行月份以**春季（4-5月）**为例，气温约15-24°C，昼夜温差明显，偶有阵雨，整体行程以户外绿意为主，雨天均配备室内替代方案。  ## 出发准备 - **交通建议**：若从中国出发，通常需转机（如中东/欧洲枢纽），飞行总时长约14-18小时。经济舱参考价¥4,","# 罗马 5日行程 · 亲子自然与预算友好型

## 行程概览
这是一趟专为“预算有限+带娃出行+偏爱自然”家庭定制的罗马慢游路线。避开人挤人的传统打卡点，将重心转向罗马的“城市绿肺”、古罗马水道公园、植物秘境与台伯河畔步道，让孩子在奔跑中感受自然与历史的交融。行程节奏舒缓，每日步行分段控制在1小时内，大量利用免费公园与平价餐饮。出行月份以**春季（4-5月）**为例，气温约15-24°C，昼夜温差明显，偶有阵雨，整体行程以户外绿意为主，雨天均配备室内替代方案。

## 出发准备
- **交通建议**：若从中国出发，通常需转机（如中东/欧洲枢纽），飞行总时长约14-18小时。经济舱参考价¥4,500-7,000/人（提前2-3个月预订更优）。
- **行李提示**：罗马石板路多，建议携带轻便折叠婴儿车或腰凳；为孩子准备防风外套、舒适防滑鞋、便携雨具。
- **交通卡**：抵达后购买 **48小时交通通票（€12.5）**，覆盖地铁/公交/有轨电车，超期后按次购买单次票（€1.5）。罗马核心景点步行可达，善用步行可大幅节省预算。

---

## 第 1 天：城市绿肺初探 · 湖畔微风与亲子野餐
> 在罗马最大的市民公园里开启自然之旅，轻松适应时差与节奏

**上午**
- 博尔盖塞公园 Villa Borghese（Piazzale del Museo Borghese, 00197）
  - 简介：占地约80公顷的英式园林，拥有人工湖、松林步道、开阔草坪，是罗马本地家庭周末野餐首选。
  - 参考票价：免费入园（儿童游乐区免费）；租四人脚踏船约€20/30分钟
  - 建议游览时长：2小时
  - 小贴士：公园内有多处儿童沙坑与滑梯；建议10:00前抵达避开午后人流；路面平整，婴儿车友好。

> 🚇 **前往下一站**：步行穿过公园林荫道 → 公园北侧出口（约15分钟）/ 或搭乘公交 910 线 → Flaminio 站（约8分钟，€1.5）

**午餐推荐**
- 餐厅名称：Caffè delle Arti — 意式简餐/家庭披萨，人均约 €12-15
  - 推荐菜品：玛格丽特披萨（Margherita）、儿童意面（Pasta al pomodoro）、鲜榨果汁。提供儿童高脚椅与户外遮阳座。

> 🚇 **前往下一站**：步行 → 人民广场 Piazza del Popolo（约10分钟）/ 打车 via itTaxi App 约 €5-7（约6分钟）

**下午**
- 平丘观景台 Pincio Terrace & 人民广场 Piazza del Popolo（Piazza del Popolo, 00187）
  - 简介：平丘露台俯瞰罗马老城与圣彼得大教堂穹顶，傍晚光线柔和；广场中央有古埃及方尖碑与喷泉，孩子可安全奔跑。
  - 参考票价：免费
  - 建议游览时长：1.5小时
  - 小贴士：台阶较少，有缓坡通道；建议16:30后前往，避开正午暴晒。

> 🚇 **前往下一站**：地铁 A 线 → Flaminio 站上车 → Barberini 站换乘步行（约18分钟，€1.5）

**晚餐推荐**
- 餐厅名称：Trattoria Monti — 罗马家常风味，人均约 €18-22
  - 推荐菜品：手工宽面（Pappardelle）、烤蔬菜拼盘、提拉米苏。环境安静，适合带娃家庭，可提前电话预约靠窗位。

**晚上**
- 轻松散步回酒店或酒店周边休息。罗马夜间治安整体良好，但景区周边（尤其Termini、斗兽场外围）夜间人流混杂，建议20:30前返回住宿区，避免偏僻小巷。

> 💡 备选：罗马生物动物园 Bioparco di Roma —— 若孩子对动物更感兴趣，可替换下午行程（门票成人€16，1米以下儿童免费，约1.5小时）。

---

## 第 2 天：古罗马水道与自然旷野 · 奔跑在历史原野上
> 远离市中心喧嚣，在古罗马水道遗迹与开阔草甸中释放孩子的天性

**上午**
- 水道公园 Parco degli Acquedotti（Via Lemonia, 00174）
  - 简介：七条古罗马水道遗址穿越开阔牧场，地势平坦，视野极佳。春季野花盛开，是摄影与亲子放风筝的绝佳地。
  - 参考票价：免费
  - 建议游览时长：2小时
  - 小贴士：无遮荫区域，务必戴帽涂防晒；建议携带野餐垫；公园内无公厕，出发前备好儿童饮水与小零食。

> 🚇 **前往下一站**：公交 409/590 线 → Anagnina 站步行至公园北入口（约12分钟，€1.5）

**午餐推荐**
- 餐厅名称：公园自带野餐 / 或前往附近 Osteria del Sostegno — 传统罗马菜，人均约 €15
  - 推荐菜品：罗马式炸洋蓟（Carciofi alla Romana）、烤鸡肉卷、儿童餐配果汁。户外座位宽敞，可接受自带食物。

> 🚇 **前往下一站**：公交 665 线 → Appia Antica 站（约20分钟，€1.5）/ 或步行沿 Via Appia Antica 绿道（约25分钟，路况良好）

**下午**
- 阿皮亚古道区域公园 Parco dell'Appia Antica（Via Appia Antica 153, 00179）
  - 简介：欧洲最古老的石板路之一，两侧松树成荫，草地开阔。可租家庭自行车（€10-15/辆）或徒步，沿途可见古墓遗址与自然植被。
  - 参考票价：免费（自行车租赁另计）
  - 建议游览时长：2小时
  - 小贴士：石板路略颠簸，建议穿运动鞋；儿童可体验“寻宝”式历史小径；17:00后部分路段光线变暗，建议提前返程。

> 🚇 **前往下一站**：公交 118/665 线 → San Giovanni 站（约15分钟，€1.5）/ 打车约 €8-10（约10分钟）

**晚餐推荐**
- 餐厅名称：Armando al Pantheon 分店 / 或 San Giovanni 区 Pizzeria Da Remo — 罗马薄底披萨，人均约 €14-17
  - 推荐菜品：四奶酪披萨（Quattro Formaggi）、烤西葫芦、儿童迷你披萨。家庭氛围浓厚，上菜快，适合疲惫后快速补充体力。

**晚上**
- 返回住宿区，整理照片。可让孩子在酒店/民宿庭院或附近安全广场玩滑板/平衡车。

> 💡 备选：罗马斗兽场外圈绿地（Circo Massimo 方向） —— 若遇大雨，可前往斗兽场附近室内历史体验展（需预约，约€12/人）或改逛 Termini 周边大型商场（如Roma Termini Station内的Galleria Shopping）。

---

## 第 3 天：植物秘境与河畔微风 · 探索热带温室与橙香花园
> 深入植物学与河流生态，感受罗马“慢生活”与自然疗愈

**上午**
- 罗马植物园 Orto Botanico di Roma（Largo Cristina di Svezia 23a, 00165）
  - 简介：占地12公顷，拥有日本竹林、温室热带植物、药用植物园与香草迷宫。四季花开，孩子可观察昆虫与稀有植物。
  - 参考票价：成人 €8，12岁以下儿童免费
  - 建议游览时长：1.5-2小时
  - 小贴士：温室地面略湿滑，牵好孩子；提供多语言导览册；10:00前入园光线最佳，避开午间高温。

> 🚇 **前往下一站**：步行穿过 Trastevere 石板路 → 台伯河畔 Lungotevere（约15分钟）/ 电车 8 线 → Trastevere 站步行（约8分钟，€1.5）

**午餐推荐**
- 餐厅名称：Da Enzo al 29 — 传统罗马家庭餐厅，人均约 €16-19
  - 推荐菜品：手工意面（Cacio e Pepe）、烤茄子卷、儿童意面配番茄酱。需排队，建议11:30前到或电话预订；提供儿童围兜与高脚椅。

> 🚇 **前往下一站**：步行 → 台伯岛 Isola Tiberina 方向（约10分钟）/ 或搭乘公交 H 线 → Isola Tiberina 站（约5分钟，€1.5）

**下午**
- 台伯河漫步 Lungotevere & 阿文提诺山 Aventine Hill（Lungotevere dei Pierleoni → Viale Aventino）
  - 简介：沿河绿道平坦开阔，可看野鸭与芦苇；阿文提诺山橘园（Giardino degli Aranci）绿意盎然，俯瞰罗马城，空气极佳。
  - 参考票价：免费
  - 建议游览时长：1.5小时
  - 小贴士：河岸风大，备薄外套；橘园台阶较少，有缓坡通道；16:00后日落光线柔和，适合家庭合影。

> 🚇 **前往下一站**：公交 160 线 → Circo Massimo 站（约10分钟，€1.5）/ 步行沿山道下坡（约15分钟）

**晚餐推荐**
- 餐厅名称：La Montecarlo — 历史悠久的平价披萨店，人均约 €13-15
  - 推荐菜品：经典番茄罗勒披萨、炸鱿鱼圈（Calamari Fritti）、儿童份意面。空间较大，翻台快，适合带娃快速就餐。

**晚上**
- 台伯河夜景散步（注意安全，避开无路灯暗巷）。罗马夜间治安总体平稳，但建议家庭结伴而行，21:00前返回。

> 💡 备选：特拉斯提弗列市集 Trastevere Sunday Market（周日开放） —— 若遇雨天，可转至室内文创市集或前往 nearby 的 Museo di Roma in Trastevere（免费入场，常设儿童互动展）。

---

## 第 4 天：皇家园林与城市森林 · 松林漫步与玫瑰迷宫
> 深入罗马最大的历史公园，在百年古树与隐秘花园中感受自然静谧

**上午**
- 多利亚潘菲利别墅公园 Villa Doria Pamphili（Via di San Pancrazio, 00153）
  - 简介：罗马面积最大的历史公园，拥有湖泊、松林、百年古树与开阔草坪。本地家庭常在此晨跑、骑行、野餐。
  - 参考票价：免费
  - 建议游览时长：2小时
  - 小贴士：部分小径为碎石路，婴儿车建议选越野型；公园内设有多个免费饮水点与儿童游乐区；建议携带防蚊喷雾。

> 🚇 **前往下一站**：公交 870/714 线 → Monteverde 站步行至公园南门（约15分钟，€1.5）/ 步行沿 Via Aurelia Antica（约20分钟）

**午餐推荐**
- 餐厅名称：Pizzeria Ai Marmi — 本地人常去的平价披萨店，人均约 €12-14
  - 推荐菜品：火腿蘑菇披萨（Prosciutto e Funghi）、烤土豆、儿童份迷你披萨。无空调但通风好，夏季建议13:00后前往。

> 🚇 **前往下一站**：步行 → 萨维洛公园 Parco Savello / 玫瑰园 Giardino delle Rose（约18分钟）/ 公交 280 线 → Aventino 站（约10分钟，€1.5）

**下午**
- 玫瑰园 Giardino delle Rose & 骑士团钥匙孔 Keyhole of the Knights of Malta（Via di Santa Sabina 23, 00153）
  - 简介：免费玫瑰园四季有花，小径蜿蜒；骑士团钥匙孔是透过门缝看三教合一（马耳他骑士团、梵蒂冈、意大利）的趣味自然与建筑结合点。
  - 参考票价：免费
  - 建议游览时长：1小时
  - 小贴士：玫瑰园台阶较少，适合推车；钥匙孔需排队，建议16:00前抵达；周边绿树成荫，适合孩子短暂休息。

> 🚇 **前往下一站**：公交 160 线 → Circo Massimo 站（约12分钟，€1.5）/ 步行下坡（约15分钟）

**晚餐推荐**
- 餐厅名称：Flavio al Velavevodetto — 罗马传统风味，人均约 €18-20
  - 推荐菜品：牛肚包（Trippa alla Romana）、烤羊排、儿童意面。环境复古温馨，提供家庭套餐，适合补充一天步行消耗。

**晚上**
- 返回酒店，安排孩子早睡。可准备次日轻松行程，避免过度疲劳。

> 💡 备选：罗马国家博物馆 Palazzo Massimo（需预约） —— 若遇持续降雨，可改至室内参观古罗马雕塑与自然生态主题展（成人€10，儿童免费，约1.5小时）。

---

## 第 5 天：自然市集与轻松告别 · 采摘鲜果与河畔慢行
> 在本地农贸市集感受生活气息，以轻松节奏为旅程画上句号

**上午**
- 鲜花广场市集 Campo de' Fiori（Piazza Campo de' Fiori, 00186）
  - 简介：清晨至中午的露天市集，售卖当季水果、蔬菜、橄榄油、鲜花与手工零食。孩子可认识意大利本土农产品（如血橙、无花果、松露）。
  - 参考票价：免费（按斤购买，人均€5-8可体验）
  - 建议游览时长：1小时
  - 小贴士：8:00-10:00最热闹，地面略湿滑；建议购买便携包装，避免现场剥壳；可让孩子参与称重体验。

> 🚇 **前往下一站**：步行 → 万神殿方向（约12分钟）/ 公交 40/64 线 → Largo di Torre Argentina 站（约5分钟，€1.5）

**午餐推荐**
- 餐厅名称：Giolitti（近万神殿） — 百年冰淇淋老店，人均约 €8-10
  - 推荐菜品：手工意面简餐、开心果/草莓冰淇淋球、儿童小份 Gelato。提供室内座位与遮阳伞，适合快速补充能量。

> 🚇 **前往下一站**：步行 → 罗马特米尼车站 Termini 或 Fiumicino 机场方向（视返程交通安排而定，约30-45分钟）

**下午**
- 自由安排：根据航班/火车时间，前往车站或机场。若时间充裕，可在车站附近公园（如 Parco del Colle Oppio）进行最后自然漫步，让孩子在草地上放松。

> 💡 备选：EUR 湖区 Parco Centrale del Lago —— 若航班较晚，可前往现代规划区的人工湖公园，绿树成荫、步道平坦，适合最后半日放风（免费，公交 B1 线可达）。

---

## 住宿建议
| 预算档次 | 推荐区域/酒店 | 优势说明 | 适合人群 |
|----------|----------------|----------|----------|
| **经济型（€70-110/晚）** | Trastevere 街区（如 Hotel Santa Maria 周边民宿） | 生活气息浓，餐饮平价，步行可达植物园与台伯河，夜生活安全但不过分喧闹 | 亲子家庭/预算有限 |
| **舒适型（€110-160/晚）** | 台伯河西岸/Trastevere 边缘（如 Relais Piazza San Simeone） | 安静街区，含早，部分房间带小阳台，近公交枢纽，方便前往各公园 | 家庭/注重睡眠 |
| **便捷型（€130-180/晚）** | Termini 火车站步行区（如 Hotel Artemide） | 交通枢纽，行李寄存方便，地铁/机场大巴直达，周边超市齐全 | 带娃/追求效率 |

> 注：知识库显示 Trastevere 均价 €70-160/晚，性价比最高。建议避开斗兽场正对面（商业嘈杂、溢价高），优先选择有独立电梯、提供儿童床/高脚椅的公寓式酒店。

---

## 预算参考（3人，5天，参考估算）
| 项目 | 预估费用（人民币）|
|------|-----------------|
| 国际往返机票（3人）| ¥13,500-21,000（经济舱参考，节假日上浮） |
| 当地交通（地铁/公交/打车）| ¥450（48h通票2张+单次票+偶尔打车） |
| 住宿（4晚，经济舒适型）| ¥3,200-4,500 |
| 餐饮（含简餐/平价餐厅/市集）| ¥1,800（人均€15/天×5天） |
| 景点门票（植物园/动物园等）| ¥200（多数公园免费，仅个别收费） |
| 购物/其他（保险/零食/纪念品）| ¥500 |
| **合计** | **¥19,650-28,400** |
| **人均** | **¥6,550-9,470** |

> ⚠️ 机票价格受出发日期、舱位和购买时间影响较大，以上为参考区间，实际价格请以出行前实时查询为准。

---

## 实用信息
- **签证**：中国公民需办理申根签证（意大利为主访国）。建议提前2-3个月通过意大利签证中心官网预约，提供行程单、机票酒店预订单、旅行保险及亲子关系证明。
- **货币**：欧元（EUR）。建议携带少量现金（€50-100/人）用于市集/小摊，其余使用Visa/Mastercard信用卡或Apple Pay。罗马ATM普遍，但景区附近可能收取手续费。
- **语言**：意大利语。常用短语：Grazie（谢谢）、Per favore（请）、Dov'è il bagno?（洗手间在哪？）。英语在景区/餐厅通用，但公园指示牌多为意语。
- **气候**：4-5月气温15-24°C，早晚微凉，午后偶有阵雨。建议“洋葱式穿搭”：短袖/薄长袖+防风外套+便携雨衣。若遇持续降雨，立即启动每日备选方案；若气温>28°C，缩短12:00-15:00户外停留，转入室内树荫或博物馆休息。
- **紧急联系**：报警 112 / 急救 118 / 火警 115。中国驻意大利大使馆领事保护电话：+39-06-96524200（罗马）。随身保管好护照复印件，景区密集区（地铁、广场）务必将手机/钱包放前袋，警惕扒手。"
E0095,edge,我想去巴黎玩3天，我们喜欢什么都想看看，预算中等。,巴黎,3,中,什么都想看看,1,5512,agent,232.58,# 巴黎 3日行程 · 中等预算综合探索  ## 行程概览 这趟3日行程专为“什么都想看看”的旅行者设计，以经典地标、世界级艺术殿堂、浪漫街区漫步与地道法式美食为主线，节奏张弛有度，避免特种兵式打卡。假设出行季节为**4-5月（春季）**，巴黎气温约8-16°C，日照渐长但阵雨频繁，整体行程已内置雨天室内替代方案与合理步行休息点。中等预算定位下，住宿选择交通便利的三星酒店或精品公寓，餐饮兼顾平价小馆与特色体验，交通以地铁+步行为主，确保性价比与体验感平衡。  ## 出发准备 *(用户未提供出发地与具体日期，本节跳过。建议提前3个月关注机票价格波动，国内主要城市直飞巴黎戴高乐机场约10-12小时,"# 巴黎 3日行程 · 中等预算综合探索

## 行程概览
这趟3日行程专为“什么都想看看”的旅行者设计，以经典地标、世界级艺术殿堂、浪漫街区漫步与地道法式美食为主线，节奏张弛有度，避免特种兵式打卡。假设出行季节为**4-5月（春季）**，巴黎气温约8-16°C，日照渐长但阵雨频繁，整体行程已内置雨天室内替代方案与合理步行休息点。中等预算定位下，住宿选择交通便利的三星酒店或精品公寓，餐饮兼顾平价小馆与特色体验，交通以地铁+步行为主，确保性价比与体验感平衡。

## 出发准备
*(用户未提供出发地与具体日期，本节跳过。建议提前3个月关注机票价格波动，国内主要城市直飞巴黎戴高乐机场约10-12小时。)*

---

## 第 1 天：铁塔光影与塞纳河风情
> 漫步左岸与右岸的经典交汇处，感受巴黎最标志性的天际线与浪漫河风

**上午**
- 埃菲尔铁塔与战神广场（Champ de Mars, 75007）
  - 简介：巴黎无可争议的地标，建议在战神广场草坪寻找最佳拍照机位，避开排队登塔的人流高峰。
  - 参考票价：登塔电梯至顶层成人约€28，12岁以下儿童约€7（建议提前2-3个月官网预约指定时段）；地面拍照免费
  - 建议游览时长：1.5小时
  - 小贴士：若计划登塔，务必在官网购买“Elevator to Summit”票；4月风大，塔顶温度比地面低3-4°C，需备薄外套。无障碍电梯直达二层，轮椅可提前预约协助。

> 🚇 **前往下一站**：步行约 15 分钟 / 或搭乘地铁 8 号线 → École Militaire 站（约 5 分钟，€2.10）

**午餐推荐**
- Le Petit Cler — 传统法式小馆，人均约 €25-35
  - 推荐菜品：法式洋葱汤、红酒炖牛肉、每日特选 tart（提供儿童餐椅，环境紧凑温馨，适合家庭/情侣）

> 🚇 **前往下一站**：步行约 10 分钟至 Pont de l'Alma 码头（沿塞纳河步道风景极佳）

**下午**
- 塞纳河游船（Bateaux Parisiens / Vedettes du Pont Neuf）
  - 简介：从水上看巴黎，航线途经奥赛博物馆、巴黎圣母院遗址、卢浮宫等核心地标，配有中文语音导览。
  - 参考票价：成人 €15-18，4-11岁儿童 €8-10
  - 建议游览时长：1小时
  - 小贴士：春季河面风凉，建议选择带顶棚的船舱；避开12:00-14:00高峰，15:30-16:30班次光线柔和最出片。码头有坡道，轮椅可无障碍登船。

> 🚇 **前往下一站**：步行至地铁 1 号线 → Charles de Gaulle-Étoile 站（约 20 分钟，或打车约 €12-15，15分钟）

**晚餐推荐**
- L'Atelier de Joël Robuchon Étoile — 创意法餐/半开放吧台，人均约 €60-80
  - 推荐菜品：招牌土豆泥、当日生蚝拼盘、黑松露烩饭（需提前1周官网订位，无台阶，对老人友好）

**晚上**
- 凯旋门登顶与香榭丽舍大街夜景（Place Charles de Gaulle, 75008）
  - 简介：登顶可俯瞰12条放射状大道与璀璨铁塔灯光秀（每小时整点亮5分钟）；随后沿香街漫步至协和广场。
  - 参考票价：凯旋门成人 €16，18-25岁欧盟青年免费
  - 建议游览时长：1.5小时
  - 小贴士：夜间灯光秀建议 21:00 后观赏；凯旋门内部仅284级螺旋阶梯，无电梯，行动不便者可在底部广场拍照留念。

> 💡 备选：荣军院（Hôtel des Invalides）——若遇雨天或体力透支，可替换上午户外行程，室内拿破仑墓与军事博物馆庄严震撼，全程平地无障碍。

---

## 第 2 天：艺术殿堂与左岸文艺漫步
> 从文艺复兴巨匠到印象派光影，在书香与咖啡香中品味巴黎人文底蕴

**上午**
- 卢浮宫（Musée du Louvre, 75001）
  - 简介：世界最大博物馆，聚焦“镇馆三宝”（蒙娜丽莎、断臂维纳斯、胜利女神）与古埃及/古希腊展厅。
  - 参考票价：成人 €22，18岁以下及26岁以下欧盟居民免费（需官网实名预约入场时段）
  - 建议游览时长：3小时
  - 小贴士：务必提前在官网或官方App预约9:30-10:00时段，避开10:00-14:00客流高峰；从Carrousel du Louvre地下商场入口进可少排队。馆内提供轮椅免费租借，各展厅间有电梯。

> 🚇 **前往下一站**：步行穿过杜乐丽花园（约 15 分钟，免费开放，春季花坛盛开）

**午餐推荐**
- Café Marly — 卢浮宫旁景观露台，人均约 €35-45
  - 推荐菜品：尼斯沙拉、法式三明治 Croque-Monsieur、热巧克力（露台正对金字塔，拍照绝佳，需预约靠窗位）

> 🚇 **前往下一站**：步行约 12 分钟至地铁 12 号线 → Solférino 站（或沿塞纳河步行 20 分钟）

**下午**
- 奥赛博物馆（Musée d'Orsay, 62 Rue de Lille, 75007）
  - 简介：由旧火车站改建，建筑本身即是艺术品。馆藏梵高《自画像》《星夜》、莫奈《睡莲》、雷诺阿《煎饼磨坊的舞会》等印象派巅峰之作。
  - 参考票价：成人 €16，青年(18-25岁欧盟) 免费，18岁以下免费
  - 建议游览时长：2-3小时
  - 小贴士：最佳参观时间为周四晚上（开放至21:45）或周二下午（人流最少）；周末极拥挤。馆内每层均有电梯，顶层大钟玻璃窗为网红机位，注意防滑。

> 🚇 **前往下一站**：地铁 10 号线 → Cluny-La Sorbonne 站（约 8 分钟，€2.10）

**晚餐推荐**
- Le Bouillon Chartier — 百年工人食堂，人均约 €15-20
  - 推荐菜品：油封鸭腿、蜗牛、法式炖菜（环境复古热闹，无儿童菜单但氛围极佳，需排队，建议18:00前到）

**晚上**
- 拉丁区漫步 & 莎士比亚书店 & 先贤祠外观（Quartier Latin, 75005）
  - 简介：穿梭于中世纪石板巷，感受雨果、海明威笔下的文学巴黎；先贤祠夜间打光极具电影感。
  - 参考票价：书店免费，先贤祠外观免费（入内€11.5）
  - 建议游览时长：1.5小时
  - 小贴士：夜间石板路略滑，建议穿防滑平底鞋；单人出行建议避开22:00后偏僻小巷，结伴最佳。

> 💡 备选：橘园美术馆（Musée de l'Orangerie）——若遇雨天或想深度沉浸莫奈，可替换下午行程，椭圆厅8幅巨型《睡莲》需静坐感受，预约制且人少清幽。

---

## 第 3 天：蒙马特艺术与玛黑区潮流
> 从波西米亚高地到时尚购物街，在艺术涂鸦与百年百货间切换节奏

**上午**
- 圣心大教堂与蒙马特高地（35 Rue du Chevalier de la Barre, 75018）
  - 简介：白色拜占庭风格教堂矗立山巅，俯瞰全巴黎。大教堂免费，顶层观景台可360°看铁塔与城市天际线。
  - 参考票价：大教堂免费，顶层观景台成人 €8，青年 €6
  - 建议游览时长：1-2小时
  - 小贴士：最佳时间为日落前1小时；有222级楼梯或€2缆车（Funiculaire）上山。周边画家广场（Place du Tertre）上午画师出摊，可定制肖像画（约€30-50）。台阶陡峭，老人/推婴儿车建议乘缆车。

> 🚇 **前往下一站**：地铁 12 号线 → Abbesses 站步行下山 → 转 1 号线 → Saint-Paul 站（约 25 分钟，€2.10）

**午餐推荐**
- Chez Gladines — 巴斯克风味家庭餐厅，人均约 €20-30
  - 推荐菜品：巴斯克蛋糕、烤羊排、蔬菜浓汤（分量极大，适合分享，有儿童座椅，氛围轻松）

> 🚇 **前往下一站**：步行约 5 分钟至孚日广场（Place des Vosges）

**下午**
- 玛黑区（Le Marais）与孚日广场
  - 简介：巴黎最古老的皇家广场，雨果故居、独立设计师买手店、复古市集与画廊林立，文艺与潮流交融。
  - 参考票价：街区免费，雨果故居 €9.5，学生 €7.5
  - 建议游览时长：2小时
  - 小贴士：周日许多小店营业，但部分犹太区餐厅会休息；适合慢逛拍照。地面平整，全程无障碍友好。

> 🚇 **前往下一站**：地铁 3 号线 → Opéra 站（约 15 分钟，€2.10）

**晚餐推荐**
- Bouillon Pigalle — 现代版平价法餐食堂，人均约 €25-35
  - 推荐菜品：牛排薯条、法式洋葱汤、焦糖布丁（工业风装修，出餐快，适合逛累后快速回血）

**晚上**
- 歌剧院加尼叶夜景 & 老佛爷百货/春天百货（Boulevard Haussmann, 75009）
  - 简介：金碧辉煌的歌剧院外立面夜间打光绝美；随后进入百货商圈开启购物模式（持护照可现场退税）。
  - 参考票价：歌剧院外观免费，内部参观导览票 €14；百货免费
  - 建议游览时长：1.5小时
  - 小贴士：老佛爷主楼穹顶必打卡；单人夜逛注意保管财物，避开地铁口拥挤处。退税需单笔满€100.01，保留小票至海关扫描。

> 💡 备选：蓬皮杜中心（Centre Pompidou）——若对现代艺术感兴趣或遇雨，可替换下午行程，外露管道建筑极具视觉冲击，顶层露台视野开阔。

---

## 住宿建议
按中等预算（€80-120/晚/间）推荐以下区域：
1. **拉丁区/圣日耳曼（5区/6区）**：左岸核心，步行可达塞纳河与奥赛博物馆，周边咖啡馆、书店密集，治安良好。适合情侣/朋友，推荐 `Hôtel des Grands Boulevards` 或 `Hotel Left Bank Saint Germain`（约€100-130/晚，含早）。
2. **玛黑区（3区/4区）**：潮流与历史交织，夜生活丰富，地铁1/8号线交汇。适合年轻朋友/购物党，推荐 `Hôtel Caron de Beaumarchais`（约€110/晚，复古设计，电梯较小）。
3. **歌剧院/老佛爷周边（9区）**：交通枢纽（RER A/B线直达机场与迪士尼），购物极便利。适合初次到访/家庭，推荐 `Hôtel Paris Opéra`（约€90-110/晚，安静街区，部分房型带无障碍设施）。

---

## 预算参考（2人，3天，参考估算）
| 项目 | 预估费用（人民币）|
|------|-----------------|
| 国际往返机票（2人）| ¥8,000–14,000（经济舱参考，视出发地与提前购买时间浮动） |
| 当地交通（地铁/打车）| ¥600（购买 Navigo Easy 卡充值 t+ 票，3天约 €30/人） |
| 住宿（2晚）| ¥3,500–4,500（€80-120/晚 × 2晚，三星/精品酒店参考） |
| 餐饮 | ¥1,800–2,400（€40-60/人/天 × 3天，含平价法餐与1顿特色体验） |
| 景点门票 | ¥1,200（卢浮宫+奥赛+铁塔+游船+凯旋门等，提前官网购票享优惠） |
| 购物/其他 | ¥2,000（预留伴手礼、退税差额、纪念品） |
| **合计** | **¥17,100–23,700** |
| **人均** | **¥8,550–11,850** |

> ⚠️ 机票价格受出发日期、舱位和购买时间影响较大，以上为参考区间，实际价格请以出行前实时查询为准。中预算框架下（€150-200/人/天），当地花费约 €900-1200/人（折合 ¥7,000-9,300），已覆盖食宿行游。

---

## 实用信息
- **签证**：中国公民需提前办理申根签证（法国为主访国）。建议通过中智法签（TLScontact）官网预约，提前2-3个月递交材料，提供行程单、酒店订单、机票预订单及充足资金证明。
- **货币**：欧元（€）。建议国内银行预约兑换少量现金（€200-300备用），巴黎90%场所支持Visa/Mastercard/Apple Pay，地铁购票机支持非接触支付。
- **语言**：法语。英语在旅游区通用。常用短语：Bonjour（你好）、Merci（谢谢）、S'il vous plaît（请）、Où est...?（...在哪里？）。
- **气候**：4月春季典型气温8-16°C，多阵雨，昼夜温差大。**穿衣建议**：风衣/薄毛衣+舒适防水步行鞋+折叠伞。**极端天气预案**：若遇连续降雨，优先切换至奥赛博物馆、蓬皮杜中心、老佛爷百货地下层或带顶棚的塞纳河游船；高温（>30°C）极少见，若遇则缩短露天步行，多利用地铁与室内咖啡馆休息。
- **紧急联系**：报警/急救电话 112（全欧通用）；中国驻法国大使馆领事保护电话 +33-1-53758840。建议下载 `RATP`（地铁导航）与 `TheFork`（餐厅预订）App 提升出行效率。"
E0095,edge,我想去巴黎玩3天，我们喜欢什么都想看看，预算中等。,巴黎,3,中,什么都想看看,2,5362,agent,79.38,# 巴黎 3日行程 · 经典全景探索  ## 行程概览 这趟3天的巴黎之旅专为“什么都想看看”的旅行者设计，以经典地标、艺术殿堂和特色街区为主线，节奏张弛有度。行程融合了博物馆、历史建筑、浪漫街景和法式美食，充分展现巴黎的多元魅力。假设出行季节为春季或秋季（气温10-20°C，多阵雨），整体行程已预留室内备选方案，确保雨天或体力下降时也能灵活调整。中等预算下，住宿选择舒适型三星酒店，餐饮以地道小馆和市集为主，交通以地铁和步行为核心。  ---  ## 第 1 天：经典地标与艺术启蒙 > 从文艺复兴到印象派，用一天时间触摸巴黎的艺术灵魂  **上午** - 卢浮宫（Musée du Louvre,"# 巴黎 3日行程 · 经典全景探索

## 行程概览
这趟3天的巴黎之旅专为“什么都想看看”的旅行者设计，以经典地标、艺术殿堂和特色街区为主线，节奏张弛有度。行程融合了博物馆、历史建筑、浪漫街景和法式美食，充分展现巴黎的多元魅力。假设出行季节为春季或秋季（气温10-20°C，多阵雨），整体行程已预留室内备选方案，确保雨天或体力下降时也能灵活调整。中等预算下，住宿选择舒适型三星酒店，餐饮以地道小馆和市集为主，交通以地铁和步行为核心。

---

## 第 1 天：经典地标与艺术启蒙
> 从文艺复兴到印象派，用一天时间触摸巴黎的艺术灵魂

**上午**
- 卢浮宫（Musée du Louvre）（Rue de Rivoli, 75001 Paris）
  - 简介：世界最大博物馆之一，藏有《蒙娜丽莎》《断臂维纳斯》等镇馆之宝，建筑本身为卢浮宫宫殿。
  - 参考票价：成人€17（在线预约免排队），18岁以下欧盟居民免费
  - 建议游览时长：2.5小时（建议聚焦德农馆和叙利馆核心展厅）
  - 小贴士：务必提前在官网预约入场时段（避开10:00-14:00高峰）；玻璃金字塔入口常排队，建议从Carrousel du Louvre商场地下入口进入；馆内免费WiFi和寄存服务完善，轮椅可无障碍通行。

> 🚇 **前往午餐**：步行至餐厅约10分钟（从卢浮宫黎塞留翼出口出，沿Rue de Rivoli向西）

**午餐推荐**
- Café Marly — 法式小馆/观景露台，人均约€25-35
  - 推荐菜品：经典法式洋葱汤、尼斯沙拉、每日特选三明治；露台正对金字塔，适合拍照。餐厅有儿童座椅，环境稍嘈杂但位置便利。

> 🚇 **前往下一站**：地铁1号线 → Tuileries站 → 换乘地铁12号线 → Concorde站，步行至协和广场（约15分钟，€2）

**下午**
- 协和广场 & 杜乐丽花园（Place de la Concorde & Jardin des Tuileries）（75008 Paris）
  - 简介：协和广场矗立着埃及方尖碑，杜乐丽花园是皇家园林，绿树成荫，雕塑点缀，适合漫步休憩。
  - 参考票价：免费
  - 建议游览时长：1.5小时
  - 小贴士：花园内有付费游乐设施和临时艺术展；避开正午暴晒时段，树荫下长椅充足；轮椅通道完善。

> 🚇 **前往下一站**：步行至埃菲尔铁塔约25分钟（沿塞纳河岸向西，或乘地铁8号线至Bir-Hakeim站，约10分钟，€2）

**下午（续）**
- 埃菲尔铁塔（Tour Eiffel）（Champ de Mars, 5 Av. Anatole France, 75007 Paris）
  - 简介：巴黎地标，可登顶俯瞰全城，夜间整点有灯光秀。
  - 参考票价：电梯至顶层€26.80（成人），楼梯至二层€10.70；建议提前官网预约时段
  - 建议游览时长：1.5小时（含排队）
  - 小贴士：顶层风大，建议带外套；安检严格，大件行李不可带入；最佳拍照点为战神广场或塞纳河对岸。

> 💡 备选：奥赛博物馆（Musée d'Orsay）——若遇雨天或体力充沛，可替换杜乐丽花园。位于旧火车站改建，藏有梵高、莫奈等印象派杰作，门票€16，周二下午人最少，周四开放至21:45。

**晚餐推荐**
- Le Petit Cler — 传统法餐/温馨家庭氛围，人均约€30-40
  - 推荐菜品：红酒炖牛肉、油封鸭腿、法式焦糖布丁；餐厅空间紧凑，需提前预约，提供儿童菜单。

> 🚇 **前往晚餐**：步行至餐厅约8分钟（从埃菲尔铁塔Champ de Mars站沿Rue Cler市场街步行）

**晚上**
- 塞纳河夜游（Bateaux Mouches）（Pont de l'Alma码头登船）
  - 简介：1小时游船，两岸地标亮灯，配有语音导览（含中文）。
  - 参考票价：成人€15，儿童€8（4-11岁）
  - 小贴士：甲板较冷，建议带防风外套；游船班次密集，建议预约19:30或20:00班次，避开周末拥挤。

---

## 第 2 天：人文历史与高地风情
> 穿越中世纪教堂，漫步蒙马特艺术家街区

**上午**
- 巴黎圣母院（Cathédrale Notre-Dame de Paris）（6 Parvis Notre-Dame - Pl. Jean-Paul II, 75004 Paris）
  - 简介：哥特式建筑杰作，虽因火灾修复中，但外观仍可参观，周边广场和书店街值得漫步。
  - 参考票价：免费（内部暂不开放）
  - 建议游览时长：1小时
  - 小贴士：周边有莎士比亚书店（免费）和塞纳河旧书摊；建议早起避开人流，轮椅可至广场但内部未开放。

> 🚇 **前往午餐**：地铁4号线 → Cité站 → 步行至左岸餐厅区约10分钟

**午餐推荐**
- Les Deux Magots — 历史咖啡馆/文学地标，人均约€25-35
  - 推荐菜品：经典法式早餐拼盘、可丽饼、热巧克力；曾吸引海明威等文人，露台座位需提前订，有儿童座椅但环境偏正式。

> 🚇 **前往下一站**：步行至奥赛博物馆约20分钟（沿塞纳河岸向东，或乘地铁RER C线至Musée d'Orsay站，约5分钟，€2）

**下午**
- 奥赛博物馆（Musée d'Orsay）（1 Rue de la Légion d'Honneur, 75007 Paris）
  - 简介：由旧火车站改建，聚焦1848-1914年艺术，藏有梵高《星夜》、莫奈《睡莲》等。
  - 参考票价：成人€16，18岁以下免费，青年（18-25岁欧盟）免费
  - 建议游览时长：2.5小时
  - 小贴士：周二下午最空，周四开放至21:45适合夜游；顶层大钟是热门拍照点；轮椅和婴儿车可通行，电梯直达各层。

> 🚇 **前往下一站**：地铁12号线 → Abbesses站 → 步行至蒙马特高地约15分钟（或乘缆车€2，约2分钟）

**下午（续）**
- 蒙马特高地 & 圣心大教堂（Sacré-Cœur）（35 Rue du Chevalier de la Barre, 75018 Paris）
  - 简介：巴黎制高点，圣心大教堂白色穹顶俯瞰全城，周边画家广场（Place du Tertre）充满艺术氛围。
  - 参考票价：教堂免费，顶层观景台成人€8，青年€6
  - 建议游览时长：1.5小时
  - 小贴士：观景台需爬222级楼梯（或乘缆车），日落时分最佳；周边小巷有街头艺人，但注意保管财物；轮椅可至教堂广场但无法登顶。

> 💡 备选：蓬皮杜中心（Centre Pompidou）——若对现代艺术更感兴趣或遇雨天。门票€16，顶层露台视野极佳，周四开放至21:45，周一闭馆。

**晚餐推荐**
- Le Consulat — 传统法餐/复古氛围，人均约€30-40
  - 推荐菜品：法式蜗牛、烤春鸡、苹果挞；位于画家广场旁，需提前预约，环境温馨但空间较小。

> 🚇 **前往晚餐**：步行至餐厅约5分钟（从圣心大教堂沿Rue des Martyrs下山）

**晚上**
- 蒙马特夜游 & 小酒馆体验
  - 简介：漫步石板街，听街头音乐，体验巴黎夜生活。
  - 小贴士：单人出行建议结伴，避免深夜独行偏僻小巷；推荐在Rue des Abbesses周边小酒吧停留，氛围轻松。

---

## 第 3 天：街区漫步与皇家遗风
> 从玛黑区潮店到凡尔赛宫，感受巴黎的日常与奢华

**上午**
- 玛黑区（Le Marais）（75003/75004 Paris）
  - 简介：巴黎最古老街区之一，融合中世纪建筑、设计师买手店、犹太美食和LGBTQ+文化。
  - 参考票价：免费
  - 建议游览时长：2小时
  - 小贴士：重点逛Rue des Rosiers（犹太区）和Place des Vosges（皇家广场）；周末市集热闹，但注意防盗；街道多为石板路，轮椅通行稍不便。

> 🚇 **前往午餐**：步行至餐厅约10分钟（从Place des Vosges沿Rue de Turenne向北）

**午餐推荐**
- L'As du Fallafel — 中东美食/网红小店，人均约€10-15
  - 推荐菜品：招牌法拉费卷饼、鹰嘴豆泥、薄荷茶；排队较长，建议11:30前或14:00后前往，可外带，适合快速用餐。

> 🚇 **前往下一站**：RER C线 → Versailles Château Rive Gauche站（约30分钟，€4），出站步行10分钟至凡尔赛宫

**下午**
- 凡尔赛宫（Château de Versailles）（Place d'Armes, 78000 Versailles）
  - 简介：法国皇室宫殿，镜厅、花园和特里亚农宫展现巴洛克奢华。
  - 参考票价：宫殿+花园通票€20（旺季），音乐喷泉日€27；建议官网预约
  - 建议游览时长：3小时（含花园）
  - 小贴士：花园极大，可租自行车或乘小火车（€8）；避开周末和喷泉表演日（4-10月特定周末）；轮椅可租借，但部分区域有台阶。

> 💡 备选：卢森堡公园（Jardin du Luxembourg）——若体力有限或想轻松半日。免费开放，有草坪、喷泉和临时艺术展，适合野餐和休憩，地铁10号线直达。

**晚餐推荐**
- Le Procope — 历史餐厅/巴黎最老咖啡馆，人均约€35-45
  - 推荐菜品：传统法式炖菜、鹅肝酱、红酒；曾吸引伏尔泰等名人，需提前预约，环境典雅但价格偏高。

> 🚇 **前往晚餐**：RER C线 → Saint-Michel站 → 步行至左岸餐厅区约15分钟（或打车约€15，10分钟）

**晚上**
- 红磨坊表演（Moulin Rouge）（82 Bd de Clichy, 75018 Paris）
  - 简介：经典康康舞秀，含香槟套餐，体验巴黎夜生活。
  - 参考票价：演出+饮品€90起（需提前官网预约）
  - 小贴士：着装要求偏正式（避免运动装），演出约2小时；地铁2号线Blanche站直达，单人出行建议结伴往返。

---

## 住宿建议
- **拉丁区（5区）**：推荐三星酒店如Hôtel des Grands Boulevards（€80-100/晚），位置便利，靠近地铁和景点，步行可达卢浮宫和塞纳河，适合首次到访者。
- **玛黑区（3/4区）**：推荐精品酒店如Hôtel du Petit Moulin（€90-120/晚），设计感强，周边餐饮和购物丰富，夜生活活跃，适合喜欢探索街区的旅行者。
- **蒙马特（18区）**：推荐家庭旅馆如Hôtel des Arts Montmartre（€70-90/晚），价格亲民，靠近圣心大教堂，但需爬坡，适合预算有限且体力较好的旅客。

---

## 预算参考（1人，3天，参考估算）
| 项目 | 预估费用（人民币）|
|------|-----------------|
| 国际往返机票（1人）| ¥4,000-6,000（经济舱参考，节假日上浮） |
| 当地交通（地铁/打车）| ¥300（3日地铁通票€25 + 零星打车） |
| 住宿（3晚）| ¥2,100（三星酒店平均€80/晚） |
| 餐饮 | ¥1,200（日均€40，含早午晚餐） |
| 景点门票 | ¥600（含卢浮宫、埃菲尔铁塔、凡尔赛等） |
| 购物/其他 | ¥500（纪念品、小吃等） |
| **合计** | **¥8,700** |
| **人均** | **¥8,700** |

> ⚠️ 机票价格受出发日期、舱位和购买时间影响较大，以上为参考区间，实际价格请以出行前实时查询为准。

---

## 实用信息
- **签证**：中国公民需提前办理申根签证（法国为受理国），通过法国签证中心官网预约，材料包括行程单、酒店订单、保险等，处理时间约15个工作日。
- **货币**：当地货币为欧元（€），建议携带少量现金（€50-100/天），大部分场所支持信用卡和移动支付（Apple Pay/Google Pay）。
- **语言**：主要语言为法语，英语在旅游区通用；常用短语：Bonjour（你好）、Merci（谢谢）、Où est...?（...在哪里？）。
- **气候**：春季（3-5月）气温10-20°C，多阵雨；秋季（9-11月）凉爽干燥。建议穿防风外套、舒适步行鞋，随身携带折叠伞。极端天气预案：雨天优先博物馆和室内市集，高温日缩短户外行程。
- **紧急联系**：报警/急救电话112，中国驻法国大使馆领事保护电话+33-1-44053333（巴黎），建议下载""SAIP""法国紧急警报APP。"
E0095,edge,我想去巴黎玩3天，我们喜欢什么都想看看，预算中等。,巴黎,3,中,什么都想看看,3,5918,agent,117.63,# 巴黎 3日行程 · 综合探索之旅  ## 行程概览 这是一条专为“什么都想看看”的旅行者设计的经典巴黎3日路线，巧妙串联地标建筑、顶级艺术殿堂、历史街区与地道法式生活。行程节奏张弛有度，上午集中攻克核心景点避开人流，下午漫步街区感受城市肌理，夜晚融入塞纳河与铁塔的浪漫光影。整体定位中等预算，以地铁通勤为主，穿插高性价比Bistro与网红餐厅，兼顾打卡效率与深度体验。  > 🌤️ **当月气候提示（以春秋季为例）**：巴黎4-5月/9-10月气温约 10°C–20°C，早晚温差大，偶有阵雨。建议穿着“洋葱式”穿搭（薄毛衣+防风风衣/薄夹克），备一把轻便折叠伞。若遇连续降雨，每日均附室内备选方,"# 巴黎 3日行程 · 综合探索之旅

## 行程概览
这是一条专为“什么都想看看”的旅行者设计的经典巴黎3日路线，巧妙串联地标建筑、顶级艺术殿堂、历史街区与地道法式生活。行程节奏张弛有度，上午集中攻克核心景点避开人流，下午漫步街区感受城市肌理，夜晚融入塞纳河与铁塔的浪漫光影。整体定位中等预算，以地铁通勤为主，穿插高性价比Bistro与网红餐厅，兼顾打卡效率与深度体验。

> 🌤️ **当月气候提示（以春秋季为例）**：巴黎4-5月/9-10月气温约 10°C–20°C，早晚温差大，偶有阵雨。建议穿着“洋葱式”穿搭（薄毛衣+防风风衣/薄夹克），备一把轻便折叠伞。若遇连续降雨，每日均附室内备选方案。

---

## 出发准备
⚠️ 因未提供出发地，建议提前 1.5-2 个月预订直飞巴黎（CDG/ORY）航班。经济舱往返参考价：¥4,500–7,500/人（视出发城市与淡旺季浮动）。抵达后可乘坐 RER B 线直达市区（约 35 分钟，€11.80），或预约正规接机服务（€60–80）。

---

## 第 1 天：皇家轴线与塞纳河光影
> 🌤️ **今日天气提示**：若上午晴朗，优先安排露天步行轴线；若预报有雨，直接启用备选奥赛博物馆。

**上午**
- **卢浮宫（Musée du Louvre）**（Rue de Rivoli, 75001 Paris）
  - 简介：世界四大博物馆之首，馆藏超35万件，必看《蒙娜丽莎》《断臂维纳斯》《胜利女神》。
  - 参考票价：成人 €17（线上预约€2）/ 18岁以下免费 / 26岁以下欧盟居民免费
  - 建议游览时长：2.5–3 小时
  - 小贴士：务必提前在官网预约 9:00 或 18:00 入场时段避开 10:00–14:00 高峰；入口推荐 Carrousel du Louvre 地下商场，排队最短；馆内步行强度大，建议穿最舒适的平底鞋。

> 🚇 **前往午餐**：步行约 10 分钟（穿过杜乐丽花园北侧步道）/ 或地铁 1 号线 → Tuileries 站（约 3 分钟，€1.90）

**午餐推荐**
- **Angelina Paris (Rue de Rivoli店)** — 法式甜品/轻食，人均约 €25–30
  - 推荐菜品：L'Opéra Mont-Blanc（招牌栗子蒙布朗蛋糕）、热巧克力（浓郁如酱）
  - 贴士：环境复古华丽，需提前官网或电话订位；对儿童友好，提供高脚椅。

**下午**
- **杜乐丽花园 → 协和广场 → 香榭丽舍大街 → 凯旋门（Arc de Triomphe）**
  - 简介：沿巴黎历史轴线漫步，途经皇家园林、法国大革命遗址、全球最著名商业街，最终登顶凯旋门俯瞰12条放射状大道。
  - 参考票价：凯旋门登顶 €16 / 18岁以下免费
  - 建议游览时长：1.5–2 小时（含登顶）
  - 小贴士：凯旋门中央地下通道进入，切勿横穿环岛；登顶电梯仅至中层，最后一段需走46级台阶；傍晚光线最适合拍凯旋门剪影。

> 🚇 **前往晚餐**：地铁 1 号线 → Charles de Gaulle–Étoile 站 → 步行约 5 分钟 / 或打车约 €8–12（视路况）

**晚餐推荐**
- **Le Relais de l'Entrecôte** — 传统法式牛排薯条专门店，人均约 €30
  - 推荐菜品：牛排配秘制绿酱（Sauce Verte）+ 无限续加薯条
  - 贴士：不接预订，建议 17:30 或 20:30 错峰前往；翻台快，氛围热闹；无障碍入口需向店员示意。

**晚上**
- **塞纳河游船（Bateaux Mouches）**
  - 简介：夜航 1 小时，途经埃菲尔铁塔、奥赛博物馆、巴黎圣母院等30余座地标，灯光亮起时极具电影感。
  - 参考票价：成人 €15–18 / 4-11岁儿童 €7–9
  - 小贴士：选择露天甲板视野最佳，但春秋季风大需带外套；建议 20:30–21:30 登船，正好赶上整点亮灯。

> 💡 备选：**奥赛博物馆（Musée d'Orsay）**——若遇大雨或卢浮宫排队过长，可替换为室内艺术巡礼（见第2天上午详情，周四晚开放至21:45更佳）

---

## 第 2 天：印象派艺术高地与波西米亚风情
> 🌤️ **今日天气提示**：蒙马特高地多石板坡道，雨天易滑，建议穿防滑鞋；若午后阵雨，优先安排室内美术馆。

**上午**
- **奥赛博物馆（Musée d'Orsay）**（62 Rue de Lille, 75007 Paris）
  - 简介：由旧火车站改建，穹顶玻璃天窗下汇聚全球最完整的印象派与后印象派真迹。
  - 参考票价：成人 €16 / 18岁以下免费 / 18-25岁欧盟居民免费
  - 建议游览时长：2–3 小时
  - 小贴士：重点看梵高《自画像》《星夜》、莫奈《睡莲》《日出·印象》、雷诺阿《煎饼磨坊的舞会》及罗丹雕塑；最佳参观时间为周二下午或周四晚间（开放至21:45）；周末人流密集，建议 9:30 开馆即入。

> 🚇 **前往午餐**：地铁 12 号线 → Solférino 站 → 步行约 12 分钟 / 或打车约 €7–10

**午餐推荐**
- **Café de Flore** — 左岸百年文学咖啡馆，人均约 €35–45
  - 推荐菜品：Croque Monsieur（法式火腿芝士三明治）、热可颂配 Espresso
  - 贴士：萨特与波伏娃曾在此写作，露天座位可观察巴黎街拍；适合情侣/朋友慢节奏用餐；室内有台阶，行动不便者建议选一楼靠窗位。

**下午**
- **蒙马特高地 & 圣心大教堂（Sacré-Cœur）**（35 Rue du Chevalier de la Barre, 75018 Paris）
  - 简介：巴黎艺术发源地，白色拜占庭式教堂矗立山顶，可俯瞰全城天际线。
  - 参考票价：大教堂免费 / 顶层观景台 成人 €8，青年 €6
  - 建议游览时长：1.5–2 小时
  - 小贴士：大教堂开放 6:00-22:30；登顶可选 222 级旋转楼梯或右侧缆车（€4）；11月-3月顶层周一关闭；周边小丘广场（Place du Tertre）聚集街头画家，可现场画肖像（约 €30–50/幅）。

> 🚇 **前往晚餐**：步行约 8 分钟（沿 Rue des Abbesses 下坡）/ 或乘 2 号线 → Blanche 站

**晚餐推荐**
- **Le Consulat** — 蒙马特地标传统法餐，人均约 €35–45
  - 推荐菜品：Coq au Vin（红酒炖鸡）、Crème Brûlée（焦糖布丁）
  - 贴士：红绿遮阳棚极具辨识度，傍晚氛围温馨；需提前1周订窗边位；提供儿童餐椅。

**晚上**
- **漫步皮加勒区（Pigalle）或 红磨坊外观（Moulin Rouge）**
  - 简介：感受巴黎夜生活起源地，霓虹灯牌与复古剧院交织；若预算允许可购票看康康舞秀（€90起）。
  - 安全提示：单人出行建议结伴，避开深夜偏僻小巷；注意保管随身财物。

> 💡 备选：**蓬皮杜中心（Centre Pompidou）**——若遇持续降雨，可替换为现代艺术室内展（地铁4/11号线直达，门票€14，顶层露台视野极佳）

---

## 第 3 天：中世纪街区、书香与铁塔夜话
> 🌤️ **今日天气提示**：西岱岛与玛黑区街道较窄，晴天防晒，雨天建议穿防水外套；午后若升温，可转入室内市集。

**上午**
- **西岱岛 & 巴黎圣母院外观 & 莎士比亚书店（Shakespeare and Company）**
  - 简介：塞纳河中心的历史原点，哥特式建筑虽在修复中仍震撼；书店毗邻塞纳河，木质楼梯与旧书香气充满文艺气息。
  - 参考票价：外观免费 / 书店免费入场
  - 建议游览时长：1.5 小时
  - 小贴士：圣母院预计2024年底重新开放内部，目前仅可外部参观与广场合影；书店空间狭小，拍照请保持安静；周边可顺访圣礼拜堂（Sainte-Chapelle，彩绘玻璃绝美，门票€11.5）。

> 🚇 **前往午餐**：步行约 15 分钟（过桥至拉丁区）/ 或地铁 10 号线 → Cluny–La Sorbonne 站

**午餐推荐**
- **Le Bouillon Chartier** — 百年工人食堂/传统法餐，人均约 €15–20
  - 推荐菜品：Escargots（焗蜗牛）、Boeuf Bourguignon（勃艮第红酒炖牛肉）
  - 贴士：1896年开业，装修保留新艺术风格；不接预订，排队约 20-30 分钟；服务员在纸质菜单上打勾点单，体验地道市井法餐；空间较拥挤，轮椅通行稍受限。

**下午**
- **玛黑区（Le Marais）& 孚日广场（Place des Vosges）**
  - 简介：巴黎最古老、最时尚的街区之一，汇集设计师买手店、犹太面包房、古董市集与隐秘庭院。
  - 参考票价：街区漫步免费 / 部分画廊/小店消费自定
  - 建议游览时长：2–2.5 小时
  - 小贴士：重点逛 Rue des Francs-Bourgeois 与 Rue Vieille du Temple；孚日广场是雨果故居所在地，中央草坪适合小憩；注意周日多数小店休息，建议周一至周六前往。

> 🚇 **前往晚餐**：地铁 1 号线 → Saint-Paul 站 → 步行约 6 分钟

**晚餐推荐**
- **Pink Mamma** — 意法融合网红餐厅，人均约 €30–40
  - 推荐菜品：Truffle Pizza（黑松露披萨）、Burrata 配番茄罗勒
  - 贴士：由旧印刷厂改造，四层楼绿植环绕，氛围极适合拍照；必须提前 2-3 周官网预订；提供高脚椅与儿童菜单，家庭友好。

**晚上**
- **战神广场（Champ de Mars）草坪野餐 & 埃菲尔铁塔整点灯光秀**
  - 简介：在铁塔正前方草坪铺开野餐垫，欣赏 20,000 颗灯泡组成的金色塔身，每逢整点闪烁 5 分钟。
  - 小贴士：灯光秀持续至 23:00（夏季延至 1:00）；建议从 Rue de l'Université 方向进入视野最佳；夜间气温偏低，务必带薄毯或外套；单人女性建议 22:00 前结束行程。

> 💡 备选：**先贤祠（Panthéon）**——若体力不足或遇阵雨，可前往拉丁区参观雨果、居里夫人长眠地（门票€12.5，地下墓穴恒温凉爽）

---

## 住宿建议
按中等预算（€80–120/晚）推荐以下区域，兼顾交通便利性与安全性：

| 区域 | 推荐酒店示例 | 价格区间 | 适合人群 | 位置优势 |
|------|--------------|----------|----------|----------|
| **左岸（Saint-Germain/拉丁区）** | Hôtel des Grands Boulevards / Hôtel Monge | €90–110 | 情侣/文艺爱好者 | 步行可达奥赛、圣母院，街道安静，咖啡馆密集 |
| **右岸（Opéra/玛黑区周边）** | Hôtel Fabric / Hôtel de la Bretonnerie | €100–130 | 朋友/购物党 | 靠近地铁枢纽，夜生活丰富，直达香街与卢浮宫 |
| **15区/蒙帕纳斯** | Hôtel Mercure Paris Gare Montparnasse | €80–100 | 家庭/追求性价比 | 交通枢纽（RER+地铁），生活气息浓，治安良好 |

> 🛏️ **预订提示**：巴黎酒店房间普遍偏小（12-15㎡），中等预算建议选含早餐的三星精品酒店；通过 Booking/Agoda 比价，避开周末溢价。

---

## 预算参考（2人，3天2晚，参考估算）
| 项目 | 预估费用（人民币）|
|------|-----------------|
| 国际往返机票（2人）| ¥10,000–14,000（经济舱参考，节假日上浮） |
| 当地交通（地铁10张票+偶尔打车）| ¥400 |
| 住宿（2晚，中等三星）| ¥1,800–2,400 |
| 餐饮（6顿正餐+咖啡甜品）| ¥1,800 |
| 景点门票（卢浮宫/奥赛/凯旋门/游船等）| ¥600 |
| 购物/其他（纪念品/小费/应急）| ¥800 |
| **合计** | **¥15,400–19,200** |
| **人均** | **¥7,700–9,600** |

> ⚠️ 机票价格受出发日期、舱位和购买时间影响较大，以上为参考区间，实际价格请以出行前实时查询为准。餐饮与交通按中档标准估算，若增加米其林或包车，预算需相应上调。

---

## 实用信息
- **签证**：中国公民前往法国需提前申请申根签证（法国为目的地国），建议提前 2 个月通过中智法签官网预约，准备行程单、酒店订单、机票预订单及旅行保险（保额≥3万欧）。
- **货币**：欧元（EUR）。建议携带 Visa/Mastercard 信用卡，小额消费（面包店/市集）备 €50 零钱；多数场所支持 Apple Pay/Contactless。
- **语言**：法语。常用短语：Bonjour（你好）、Merci（谢谢）、S'il vous plaît（请）、L'addition（买单）；旅游区英语通用度高。
- **气候与穿衣**：巴黎四季分明，春季多阵雨、秋季凉爽宜人。必备：防风外套、舒适步行鞋（日均步数 1.5万+）、折叠伞、充电宝。夏季防晒，冬季需厚羽绒服。
- **紧急联系**：报警/急救 112 / 17；中国驻法国大使馆领事保护电话 +33-1-53758840；地铁失物招领 3918。
- **安全提示**：热门景点（埃菲尔铁塔/卢浮宫/地铁1/2/4号线）谨防扒手；避免在街头随意签名或接受“红绳/手链”；出租车认准官方顶灯，或使用 Bolt/Free Now App 叫车。"
S0646,standard,我想去纽约玩1天，和爱人一起，我们喜欢文化、历史，预算中等。,东京,1,高,"文化,历史",1,3936,agent,136.66,"# 纽约 1日行程 · 情侣文化历史之旅  ## 行程概览 专为热爱文化与历史的伴侣设计的曼哈顿一日精华路线。以春秋典型气候（15-22°C，晴朗少雨、微风舒适）为基准，串联金融区百年古迹、布鲁克林大桥工业遗产、大都会艺术殿堂与装饰艺术巅峰的中央车站。整体节奏舒缓，避开10:00-14:00客流高峰，注重历史沉浸感与二人私密体验，兼顾中等预算下的高性价比与浪漫氛围。  ---  ## 第 1 天：历史回响与艺术浪漫 > 简短点睛：在摩天大楼与百年古迹间穿梭，用脚步丈量帝国历史，以艺术点亮浪漫之夜。  **上午** - **华尔街与三一教堂**（Financial District, Broad","# 纽约 1日行程 · 情侣文化历史之旅

## 行程概览
专为热爱文化与历史的伴侣设计的曼哈顿一日精华路线。以春秋典型气候（15-22°C，晴朗少雨、微风舒适）为基准，串联金融区百年古迹、布鲁克林大桥工业遗产、大都会艺术殿堂与装饰艺术巅峰的中央车站。整体节奏舒缓，避开10:00-14:00客流高峰，注重历史沉浸感与二人私密体验，兼顾中等预算下的高性价比与浪漫氛围。

---

## 第 1 天：历史回响与艺术浪漫
> 简短点睛：在摩天大楼与百年古迹间穿梭，用脚步丈量帝国历史，以艺术点亮浪漫之夜。

**上午**
- **华尔街与三一教堂**（Financial District, Broadway & Wall St）
  - 简介：纽约金融心脏与美国殖民时期宗教地标，周围环绕纽约联邦国家纪念堂（华盛顿就职地）、华尔街铜牛与纽约证券交易所，浓缩美国建国与经济崛起史。
  - 参考票价：教堂免费；联邦大厅免费；铜牛外观免费
  - 建议游览时长：1.5 小时
  - 小贴士：早晨8:30-9:30光线柔和且游客最少，适合情侣安静阅读教堂历史铭牌与拍摄建筑细节。教堂内提供多语言导览册，地面为石板路，建议穿平底鞋。
> 🚇 **前往下一站**：步行约 12 分钟（沿 Broadway 向北）/ 或地铁 4/5/6 线从 Wall St 站至 Brooklyn Bridge-City Hall 站（约 8 分钟，$2.90/人，折合 ¥21）

- **布鲁克林大桥步行入口（曼哈顿侧）**（Brooklyn Bridge Pedestrian Walkway）
  - 简介：1883年建成的世界首座钢缆悬索桥，哥特式石砌桥塔与百年原木步道保留完整，是纽约工业革命与工程史的活化石。
  - 参考票价：免费
  - 建议游览时长：1 小时（建议单程走至中段观景台后折返，节省体力）
  - 小贴士：桥面分骑行道与步行道，务必靠右侧行走。清晨江风较大，需备薄风衣；中段设有长椅可休息，避开周末正午人流。
> 🚇 **前往下一站**：原路步行返回曼哈顿侧，地铁 6 线从 Brooklyn Bridge-City Hall 站至 23 St 站（约 10 分钟，$2.90/人，折合 ¥21），步行约 3 分钟至餐厅

**午餐推荐**
- **Eataly NYC Flatiron** — 意大利美食市集/轻食，人均约 $35-45（折合 ¥250-320）
  - 推荐菜品：手工宽面（Tagliatelle al Ragù）、新鲜马苏里拉芝士拼盘、现烤玛格丽特披萨
  - 点单建议：二楼露台位视野开阔且相对安静，适合情侣慢餐交流；全店无障碍电梯直达，提供英文/西语菜单。

> 🚇 **前往下一站**：地铁 6 线从 23 St 站至 86 St 站（约 18 分钟，$2.90/人，折合 ¥21），出站步行约 5 分钟至博物馆正门

**下午**
- **大都会艺术博物馆（The Met）**（1000 5th Ave, Upper East Side）
  - 简介：世界四大博物馆之一，馆藏逾 200 万件，涵盖古埃及神庙、欧洲印象派绘画、亚洲瓷器及纽约历史特展，建筑本身为新古典主义杰作。
  - 参考票价：国际游客/外州游客 $30/人（纽约州居民可自愿捐赠）；12岁以下儿童免费
  - 建议游览时长：2.5 小时
  - 小贴士：强烈建议提前在官网预约 14:00 入场时段（避开上午旅行团）。情侣可重点游览 900-999 展厅（欧洲绘画，含梵高、莫奈真迹）与 100-199 展厅（古希腊罗马）。租用语音导览器 $7/人，或使用官方免费 App。馆内多处设休息长椅与咖啡厅，空调充足。
> 🚇 **前往下一站**：地铁 4/5/6 线从 86 St 站至 Grand Central-42 St 站（约 15 分钟，$2.90/人，折合 ¥21），步行约 3 分钟进入车站内部

**晚餐推荐**
- **The Campbell** — 历史主题鸡尾酒酒吧/轻食，人均约 $60-80（折合 ¥430-570）
  - 推荐菜品：Signature Old Fashioned、松露薯条、意式冷切拼盘
  - 点单建议：原为1920年代金融大亨 John W. Campbell 的私人办公套房，金箔穹顶、胡桃木护墙板与复古吊灯极具历史奢华感。需提前在 OpenTable 预约 19:30 靠窗/吧台位，晚间有现场爵士钢琴伴奏，氛围私密浪漫。

> 🚇 **前往下一站**：步行约 2 分钟（同属大中央车站建筑群内，通过 Vanderbilt Ave 侧门连通）

**晚上**
- **大中央车站主厅与耳语廊**（Grand Central Terminal, Vanderbilt Hall）
  - 简介：1913年启用的装饰艺术巅峰之作，主厅天花板手绘黄道十二宫星空图，地面镶嵌玫瑰石英。底层 Whispering Gallery（耳语廊）利用拱形声学原理，情侣可分站对角体验“隔空私语”奇观。
  - 参考票价：免费
  - 建议游览时长：45 分钟
  - 小贴士：20:00 后通勤客流散去，灯光更显柔和浪漫。注意保管随身物品，晚间避免从 43rd St 偏僻出口单独步行。车站地下通道连通地铁，可直达酒店。

> 💡 备选：**摩根图书馆与博物馆（The Morgan Library & Museum）**——若遇雨天或下午体力消耗较大，可替换为全室内历史珍本馆。馆藏包括古腾堡圣经手稿、达芬奇笔记与狄更斯原稿，恒温恒湿，需官网预约，门票约 $25/人。浪漫指数与文化深度兼备。

---

## 住宿建议
| 推荐档次 | 酒店/区域 | 价格区间（每晚） | 位置优势与人群适配 |
|:---|:---|:---|:---|
| **中端舒适** | **The Jane Hotel**（西村历史街区） | $150-200（¥1,080-1,440） | 由1908年水手旅馆改造，保留复古木质内饰与庭院。步行至高线公园与切尔西市场，历史氛围浓郁，极适合喜欢文艺与私密感的情侣。 |
| **交通便利** | **Pod Times Square**（中城西区） | $120-160（¥860-1,150） | 现代胶囊风设计，空间紧凑但设施齐全。步行10分钟至百老汇剧院区与中央公园，地铁枢纽密集，适合注重效率与预算中等的伴侣。 |
| **景观浪漫** | **Arlo SoHo**（苏豪区） | $180-230（¥1,290-1,650） | 顶楼设有全景酒吧，房间配备落地窗与高品质床品。周边画廊与历史铸铁建筑林立，适合追求现代设计感与夜景体验的夫妻。 |

---

## 预算参考（2人，1天，参考估算）
| 项目 | 预估费用（人民币）|
|------|-----------------|
| 国际往返机票（2人）| ¥12,000–18,000（视出发城市与购票时间浮动，经济舱参考） |
| 当地交通（地铁/打车）| ¥150（地铁 OMNY 刷卡 $2.90/次，全天约 6 次/2人；短途应急打车 1 次） |
| 住宿（1 晚）| ¥1,200（中档精品酒店均价） |
| 餐饮（午+晚+饮品）| ¥950 |
| 景点门票 | ¥430（大都会博物馆国际票 $30/人 × 2） |
| 购物/其他 | ¥300（纪念品/应急零花） |
| **合计** | **¥15,030–21,030** |
| **人均** | **¥7,515–10,515** |

> ⚠️ 机票价格受出发日期、舱位和购买时间影响较大，以上为参考区间，实际价格请以出行前实时查询为准。当地消费以美元结算，按汇率 1 USD ≈ 7.2 CNY 估算。

---

## 实用信息
- **签证**：中国公民前往美国需提前申请 B1/B2 旅游签证。需在线填写 DS-160 表格、缴纳签证费，并通过美国国务院 CEAC 系统预约驻华使领馆面签。建议至少提前 2-3 个月准备。
- **货币**：美元（USD）。纽约绝大多数商户支持 Visa/Mastercard 信用卡、Apple Pay 或 Google Pay。建议随身携带 $50-$100 小额现金（用于小费、街头咖啡车或老旧终端机）。
- **语言**：英语为主。常用短语：`Excuse me`（打扰一下）, `Could we get the check, please?`（请结账）, `Where is the nearest subway entrance?`（最近的地铁入口在哪？）。博物馆与车站均提供多语种指示牌。
- **气候**：纽约四季分明。若出行在 **5月或10月**（最佳季节），日间 15-22°C，早晚降至 10°C 左右，昼夜温差大。建议“洋葱式穿搭”（薄针织衫+防风外套/风衣），备折叠伞应对突发阵雨。若遇高温（>30°C）或严寒（<5°C），本行程已标注室内替代方案（博物馆、历史酒吧、车站穹顶），可灵活替换露天步行段。
- **紧急联系**：报警/火警/急救 **911**；中国驻纽约总领事馆领保电话 **+1-212-244-9382**（24小时）；非紧急警务咨询 **311**。地铁 OMNY 系统支持直接刷国际信用卡进站，无需购买 MetroCard，更高效安全。"
S0646,standard,我想去纽约玩1天，和爱人一起，我们喜欢文化、历史，预算中等。,东京,1,高,"文化,历史",2,3949,agent,212.77,# 纽约 1日行程 · 情侣文化历史之旅  ## 行程概览 这是一趟专为热爱人文历史的情侣定制的纽约精华一日游。行程以“建筑史诗+艺术典藏”为主线，串联上东区的世界级博物馆、中城的新古典主义地标，以及下城充满工业记忆的历史街区。10月纽约正值金秋，气温约10–18°C，微风干爽，非常适合户外漫步与历史建筑打卡。整体节奏张弛有度，避开早高峰拥挤，预留充足的牵手漫步与日落观景时间，兼顾文化深度与浪漫氛围。  ## 出发准备 （未提供出发地，略过航班/高铁信息。建议提前1个月预订酒店与热门餐厅，下载 Citymapper 或 Google Maps 用于实时导航，购买 OMNY 交通卡或 Apple,"# 纽约 1日行程 · 情侣文化历史之旅

## 行程概览
这是一趟专为热爱人文历史的情侣定制的纽约精华一日游。行程以“建筑史诗+艺术典藏”为主线，串联上东区的世界级博物馆、中城的新古典主义地标，以及下城充满工业记忆的历史街区。10月纽约正值金秋，气温约10–18°C，微风干爽，非常适合户外漫步与历史建筑打卡。整体节奏张弛有度，避开早高峰拥挤，预留充足的牵手漫步与日落观景时间，兼顾文化深度与浪漫氛围。

## 出发准备
（未提供出发地，略过航班/高铁信息。建议提前1个月预订酒店与热门餐厅，下载 Citymapper 或 Google Maps 用于实时导航，购买 OMNY 交通卡或 Apple/Google Pay 直接刷卡进站。）

---

## 第 1 天：曼哈顿经典文化巡礼与布鲁克林浪漫日落
> 从艺术殿堂漫步至百年地标，在历史长河中感受纽约的厚重与浪漫。

**上午**
- 大都会艺术博物馆（The Metropolitan Museum of Art，1000 5th Ave, Upper East Side）
  - 简介：全球规模最大的艺术博物馆之一，馆藏跨越5000年历史，从古埃及神庙到欧洲古典油画，是文化爱好者的朝圣之地。
  - 参考票价：$30/人（约¥215，外国游客固定票价，学生凭有效证件$17）
  - 建议游览时长：3小时
  - 小贴士：建议9:30开门前抵达，避开10:30后的旅行团高峰；主入口位于5th Ave，安检较快。馆内埃及馆（2层）、欧洲雕塑厅（1层）与武器盔甲馆（1层）最具历史沉浸感，适合情侣按动线慢逛。

> 🚇 **前往午餐**：步行约15分钟（沿5th Ave向南至84th St，转入Madison Ave）/ 打车约¥30–45（3分钟，起步价区间）

**午餐推荐**
- Sarabeth's Upper East Side — 纽约经典美式/法式早午餐，人均约¥250–300
  - 推荐菜品：柠檬乳清干酪煎饼（Lemon Ricotta Pancakes）、班尼迪克蛋、现烤司康配果酱
  - 氛围：暖色调木质装潢，靠窗座位阳光充足，服务细致，非常适合情侣慢食交流。

> 🚇 **前往下一站**：地铁 4/5/6 线 → 从 86th St 站上车，乘坐 4 号线（往 Downtown 方向）至 Grand Central-42nd St 站（约12分钟，$2.9/人）；出站后沿 Park Ave 向南步行约8分钟即达纽约公共图书馆正门。

**下午**
- 纽约公共图书馆主馆（Stephen A. Schwarzman Building，476 5th Ave）
  - 简介：新古典主义建筑杰作，电影《小鬼当家2》《后天》取景地，内部玫瑰阅览室（Rose Main Reading Room）挑高穹顶与黄铜吊灯极具历史震撼力。
  - 参考票价：免费
  - 建议游览时长：1小时
  - 小贴士：主阅览室需保持安静，禁止闪光灯；入口处有安检，双肩包需寄存（免费）。建议14:00–15:00前往，此时自然光透过百叶窗洒入室内，出片率极高。

> 🚇 **前往下一站**：步行约5分钟（沿 42nd St 向西直行，穿过 Madison Ave 即达中央车站主入口）

- 大中央车站（Grand Central Terminal，89 E 42nd St）
  - 简介：1913年落成的布杂艺术风格铁路枢纽，星空穹顶壁画与四面钟是纽约工业黄金时代的象征。
  - 参考票价：免费
  - 建议游览时长：40分钟
  - 小贴士：重点参观主候车厅（Main Concourse）的星空天花板与 Whispering Gallery（低声耳语拱廊，情侣可分站拱门两侧对角轻声说话测试声学奇迹）。地下一层 Grand Central Market 有历史悠久的 Oyster Bar，可快速参观。

> 🚇 **前往晚餐**：地铁 6 线 → 从 Grand Central-42nd St 站上车，往 Brooklyn Bridge-City Hall 方向至同名站（约6分钟，$2.9/人）；出站后沿 Centre St 向北步行约5分钟至布鲁克林大桥曼哈顿侧入口。

**晚餐推荐**
- Cecconi's DUMBO — 意大利现代餐厅，人均约¥350–450
  - 推荐菜品：手工黑松露意面、烤海鲈鱼、提拉米苏
  - 氛围：临河落地窗设计，可远眺曼哈顿天际线；环境优雅安静，适合情侣在历史街区享用精致晚餐。需提前1–2周通过官网或 Resy 预约窗边位。

> 🚇 **前往下一站**：步行约10分钟（从餐厅出门沿 Front St 向南，穿过 Brooklyn Bridge Park 步道即达 Pier 1 观景平台）

**晚上**
- 布鲁克林大桥公园 & 大桥夜景漫步（Brooklyn Bridge Park / Brooklyn Bridge Pedestrian Path）
  - 简介：由旧码头改造的滨水历史公园，结合步行穿越1883年建成的布鲁克林大桥，感受工业革命时期的工程奇迹与曼哈顿璀璨夜景。
  - 参考票价：免费
  - 建议游览时长：1.5小时（含过桥步行）
  - 小贴士：夜间桥面有独立人行步道，与自行车道隔离，安全且照明充足。建议从 Brooklyn 侧往 Manhattan 方向走，可正对金融区与帝国大厦灯光；桥风较大，情侣可备薄围巾。21:30前返回地铁或打车回酒店，避开深夜独行。

> 💡 备选：若遇雨天或大风降温，下午改为 **MoMA（现代艺术博物馆，11 W 53rd St）** 与 **纽约市历史博物馆（Museum of the City of New York，1220 5th Ave）** 室内连逛；晚上替换为 **林肯中心 Jazz at Lincoln Center** 爵士乐现场（需提前购票，人均¥400+，室内恒温，文化氛围浓郁）。

---

## 住宿建议
| 档次 | 推荐区域/酒店 | 优势与适配度 | 价格区间（1晚） |
|------|---------------|--------------|----------------|
| **中档优选** | The Pod 51 Hotel / Row NYC（中城） | 步行可达公共图书馆与中央车站，地铁枢纽密集；房间紧凑但设计现代，情侣入住含免费咖啡/茶歇 | ¥1,200–1,800 |
| **文化静谧** | The Jane Hotel（西村/格林威治村） | 历史建筑改造（原海员旅馆），木质内饰与复古电梯极具年代感；周边独立书店与咖啡馆林立，适合文艺情侣 | ¥1,500–2,200 |
| **景观浪漫** | Arlo SoHo / 1 Hotel Brooklyn Bridge（DUMBO） | 屋顶酒吧直面曼哈顿天际线，步行2分钟至布鲁克林大桥入口；适合注重夜景与私密感的伴侣 | ¥2,000–2,800 |

---

## 预算参考（2人，1天，参考估算）
| 项目 | 预估费用（人民币）|
|------|-----------------|
| 国际往返机票（2人）| ¥12,000–18,000（经济舱参考，视出发地与季节浮动） |
| 当地交通（地铁+短途打车）| ¥200–300（地铁$2.9/次，打车起步$3+里程） |
| 住宿（1晚）| ¥1,200–2,200（中档精选） |
| 餐饮（午+晚+咖啡小食）| ¥1,200–1,500（人均¥300–375） |
| 景点门票（大都会博物馆+其他）| ¥430（大都会$30×2，其余免费） |
| 购物/其他（纪念品/应急）| ¥500 |
| **合计** | **¥15,530–22,830** |
| **人均** | **¥7,765–11,415** |

> ⚠️ 机票价格受出发日期、舱位和购买时间影响较大，以上为参考区间，实际价格请以出行前实时查询为准。当地餐饮与住宿价格可能因周末/节假日上浮15%–25%。

---

## 实用信息
- **签证**：中国公民前往美国需申请 B1/B2 旅游签证。需提前在 CEAC 官网填写 DS-160 表格，预约面签，准备资产证明、行程单与在职证明。建议至少提前2–3个月办理。
- **货币**：当地使用美元（USD）。纽约绝大多数场所支持 Apple Pay/信用卡，小额现金（$20–50）仅备用于小费或市集摊位。无需提前大量换汇，ATM 取现手续费较高。
- **语言**：英语为主。常用短语：`Excuse me`（借过）、`Could we get the check, please?`（买单）、`Where is the nearest subway entrance?`（最近地铁入口在哪）。
- **气候**：10月纽约典型秋高气爽，日均10–18°C，早晚温差大，偶有阵雨。穿衣建议：风衣/薄呢外套+针织衫+舒适步行鞋，随身带折叠伞。若遇突发降温（<5°C），可临时进入博物馆或商场避寒；高温日（>28°C）则减少露天步行，增加地铁接驳。
- **紧急联系**：报警/急救 911；中国驻纽约总领事馆领事保护电话 +1-212-695-3125；非紧急警务 311。建议手机保存酒店地址中英文对照卡，单人或夜间出行保持手机电量>30%。"
S0646,standard,我想去纽约玩1天，和爱人一起，我们喜欢文化、历史，预算中等。,东京,1,高,"文化,历史",3,3955,agent,271.81,# 纽约 1日行程 · 情侣文化历史之旅  ## 行程概览 浓缩曼哈顿中城与上东区精华，以“世界级艺术典藏+百年历史建筑+工业遗产漫步”为主线，专为热爱文化与历史的伴侣定制。行程节奏舒缓优雅，避开过度拥挤的纯打卡地，穿插私密街区与经典观景位，兼顾深度人文探索与浪漫氛围。假设出行于10月（秋季），平均气温12-20°C，气候干爽宜人，适合长距离步行；若遇降雨或高温，已内置室内博物馆与历史街区替代方案，确保体验不中断。  ## 出发准备 （未提供出发城市与日期，此节略过。建议提前30-60天预订国际航班，纽约JFK/EWR机场入境需预留1-1.5小时通关时间。）  ---  ## 第 1 天：历史,"# 纽约 1日行程 · 情侣文化历史之旅

## 行程概览
浓缩曼哈顿中城与上东区精华，以“世界级艺术典藏+百年历史建筑+工业遗产漫步”为主线，专为热爱文化与历史的伴侣定制。行程节奏舒缓优雅，避开过度拥挤的纯打卡地，穿插私密街区与经典观景位，兼顾深度人文探索与浪漫氛围。假设出行于10月（秋季），平均气温12-20°C，气候干爽宜人，适合长距离步行；若遇降雨或高温，已内置室内博物馆与历史街区替代方案，确保体验不中断。

## 出发准备
（未提供出发城市与日期，此节略过。建议提前30-60天预订国际航班，纽约JFK/EWR机场入境需预留1-1.5小时通关时间。）

---

## 第 1 天：历史回响与文艺漫步
> 从古典艺术殿堂到百年街区烟火，用脚步丈量纽约的文化年轮

**上午**
- 大都会艺术博物馆 (The Metropolitan Museum of Art, 1000 5th Ave, Upper East Side)
  - 简介：全球三大博物馆之一，馆藏跨越5000年人类文明史。欧洲油画馆、古埃及哈特谢普苏特神庙复原区、亚洲艺术厅是历史爱好者的必看核心。
  - 参考票价：非纽约州居民成人 $30（约 ¥215），学生/长者 $20；建议官网提前选时段购票。
  - 建议游览时长：2.5-3小时
  - 小贴士：10:00前入场可避开旅行团高峰；馆内提供免费轮椅与无障碍电梯（正门及东侧入口）；情侣可重点打卡希腊罗马雕塑庭院与印象派画廊，光线柔和极适合拍照。

> 🚇 **前往午餐**：步行约 5 分钟 / 沿第五大道向北至 75th St，沿途可观赏上东区百年褐石历史建筑群，步速平缓不累脚。

**午餐推荐**
- Cafe Sabarsky — 奥地利传统咖啡馆（1048 5th Ave），人均约 $45（约 ¥320）
  - 推荐菜品：维也纳炸猪排（Wiener Schnitzel）、萨赫巧克力蛋糕（Sachertorte）、手工维也纳咖啡。复古木质装潢与黄铜吊灯极具19世纪欧洲沙龙气息，环境安静私密，提供靠窗双人座，非常适合情侣慢享午餐。

> 🚇 **前往下一站**：步行约 15 分钟 / 从餐厅向西穿过中央公园至 79th St 西侧，或乘地铁 4/5/6 线至 77th St 站后步行至公园内步道（约 8 分钟，$2.90/人）。

**下午**
- 中央公园 & 贝塞斯达露台 (Bethesda Terrace & Fountain)
  - 简介：19世纪景观设计师奥姆斯特德的杰作，融合自然主义与人文雕塑。贝塞斯达喷泉下方的天使雕像与马赛克拱廊是纽约最具历史底蕴的浪漫地标之一。
  - 参考票价：免费
  - 建议游览时长：1-1.5小时
  - 小贴士：从西侧入口进入可避开游客主路；秋季落叶铺地，建议穿防滑平底鞋；台阶下方有历史铭牌与街头艺人表演，可静坐休憩。

> 🚇 **前往下一站**：步行约 18 分钟 / 沿中央公园西侧步道向南至 5th Ave & 51st St，或乘地铁 E/M 线至 5th Ave/53rd St 站后步行 3 分钟（约 10 分钟，$2.90/人）。

- 圣帕特里克大教堂 (St. Patrick's Cathedral, 5th Ave & 51st St)
  - 简介：新哥特式建筑巅峰之作，1879年落成，是纽约天主教总教区母堂。历经大萧条与911事件仍屹立，内部彩绘玻璃、青铜大门与巨型管风琴承载着城市信仰史。
  - 参考票价：免费（出口处设自愿捐赠箱，建议 $5/人）
  - 建议游览时长：40-50分钟
  - 小贴士：内部需保持安静，禁止闪光灯；正门台阶是拍摄教堂与洛克菲勒中心同框的经典机位；每日上午有弥撒可旁听感受历史仪式感。

> 🚇 **前往晚餐**：步行约 12 分钟 / 沿 5th Ave 向南至 36th St 附近，或乘地铁 B/D/F/M/N/Q/R/W 至 34th St-Herald Sq 站后步行 5 分钟（约 8 分钟，$2.90/人）。

**晚餐推荐**
- Keens Steakhouse — 1885年开业的老牌牛排馆（72 W 36th St），人均约 $80（约 ¥570）
  - 推荐菜品：经典烤羊排（Mutton Chop，百年招牌）、干式熟成纽约客牛排、手工土豆泥。餐厅保留着19世纪深色木质吧台、名人烟斗收藏墙与黄铜煤气灯，氛围复古庄重，服务专业克制，是纽约历史餐饮文化的活化石，极适合情侣纪念日或深度文化体验。

> 🚇 **前往下一站**：步行约 10 分钟 / 沿 7th Ave 向北至 30th St 转 High Line 入口，或乘地铁 A/C/E 线至 14th St 站（约 15 分钟，$2.90/人）。

**晚上**
- 高线公园 (The High Line) 夜游
  - 简介：由废弃纽约中央铁路高架线改造的线性空中花园，全长2.33公里。沿途保留工业铁轨遗迹，融合当代景观设计与历史解说牌，夜晚灯光柔和，人流适中。
  - 参考票价：免费
  - 建议游览时长：1-1.5小时
  - 小贴士：从 34th St 入口（近哈德逊广场）进入，一路向北漫步至 23rd St 即可折返；夜间风大需备薄外套；沿途有历史导览二维码，可扫码了解铁路工业史；注意避开 14th St 以南较暗路段，单人/情侣建议结伴而行。

> 💡 备选：**纽约公共图书馆主馆 (Stephen A. Schwarzman Building) + 布莱恩特公园**——若遇降雨或体力下降，可替换下午户外行程。图书馆免费参观宏伟的玫瑰阅览室与历史文献展厅（需安检），雨后可在布莱恩特公园的复古旋转木马旁或暖炉咖啡座休息；交通：地铁 B/D/F/M 至 42nd St-Bryant Park 站直达。

---

## 住宿建议
按中等预算推荐以下区域与酒店，兼顾历史氛围、交通便利与情侣私密性：
- **格林威治村/西村 (West Village)**：推荐 *The Jane Hotel* 或 *Pod West Village*（约 $160-220/晚，约 ¥1150-1550）。百年历史街区，鹅卵石街道与独立书店林立，步行可达高线公园与切尔西市场；酒店多为复古改造型，氛围文艺浪漫，适合情侣沉浸体验。
- **中城西区 (Midtown West / Hell's Kitchen)**：推荐 *Arlo NoMad* 或 *Courtyard Manhattan Midtown East*（约 $150-200/晚，约 ¥1050-1400）。交通枢纽核心，地铁换乘便利，周边餐厅密集且性价比高于时代广场核心区；部分房型带城市天际线景观，适合注重效率与舒适度的伴侣。
- **区域避坑提示**：尽量避免纯游客区（如时代广场正中心）住宿，夜间噪音大且溢价高；选择靠近地铁 1/2/3/A/C/E 线的街区可大幅节省通勤时间。

## 预算参考（2人，1天，参考估算）
| 项目 | 预估费用（人民币）|
|------|-----------------|
| 国际往返机票（2人）| 未提供出发地/日期，按常规经济舱参考 ¥6,000-12,000/人（节假日上浮） |
| 当地交通（地铁/步行/短途打车）| ¥150（地铁 $2.90×4次+步行+备用打车 $10） |
| 住宿（1晚）| ¥1,200-1,600（中档精品/设计酒店） |
| 餐饮（午餐+晚餐+咖啡甜点）| ¥1,100-1,300（人均 $50-60/餐） |
| 景点门票 | ¥430（大都会 $30×2，其余免费/捐赠） |
| 购物/其他（纪念品/应急）| ¥300 |
| **合计（不含机票）** | **¥3,180-3,780** |
| **人均（不含机票）** | **¥1,590-1,890** |

> ⚠️ 机票价格受出发日期、舱位和购买时间影响较大，以上为参考区间，实际价格请以出行前实时查询为准。纽约餐饮与小费文化需额外预留 18-20% 小费（已折算入人均餐饮预算）。

## 实用信息
- **签证**：中国公民需申请美国 B1/B2 旅游签证，持10年签者出行前需在 EVUS 系统完成登记（免费，建议提前72小时提交）。
- **货币**：美元 (USD)。纽约信用卡普及率极高（Visa/Mastercard 通用），Apple Pay/Google Pay 覆盖绝大多数商户；建议随身备 $50 现金用于小费或街边咖啡车。
- **语言**：英语。常用短语：Excuse me（借过/打扰）、Check please（买单）、Thank you（谢谢）、Where is the restroom?（洗手间在哪）。
- **气候**：10月典型气温 12-20°C，早晚温差大、湿度低；建议“洋葱式”穿搭（风衣/薄呢外套+长袖内搭+舒适步行鞋），备折叠晴雨伞。若夏季出行（>30°C），请将户外步行移至 09:00前或 17:00后，正午安排室内博物馆或咖啡馆休息；冬季（<5°C）需加厚羽绒服、围巾手套，部分公园步道可能结冰需防滑鞋。
- **紧急联系**：报警/急救/火警统一拨打 **911**；中国驻纽约总领事馆领事保护电话 **+1-212-244-9456**；纽约旅游警察热线 **+1-212-668-8888**（提供多语言协助，建议存于手机快捷拨号）。"
S0443,standard,我想去东京玩1天，和家人一起，我们喜欢历史，预算中等。,纽约,3,低,购物,1,2730,agent,105.31,# 东京 1日行程 · 家庭历史之旅  ## 行程概览 这是一趟专为家庭设计的“江户文化寻踪”一日游，节奏舒缓、少走多歇，深度串联东京最具代表性的历史地标与传统街区。行程避开拥挤的现代商圈，聚焦浅草古寺、东京国立博物馆与百年老字号餐饮，让长辈与孩子都能在沉浸式历史氛围中轻松体验。东京四季分明，出行当月若为春秋季（气温15-25°C），体感最舒适；若遇夏季高温或雨季，已内置室内场馆与交通接驳预案，确保全家出行无忧。  ---  ## 第 1 天：江户古韵与国宝巡礼 > 穿梭于千年古刹与国家级文物之间，在慢行细品中触摸东京的历史脉络  **上午** - 浅草寺 & 仲见世商店街（东京都台东区浅草2,"# 东京 1日行程 · 家庭历史之旅

## 行程概览
这是一趟专为家庭设计的“江户文化寻踪”一日游，节奏舒缓、少走多歇，深度串联东京最具代表性的历史地标与传统街区。行程避开拥挤的现代商圈，聚焦浅草古寺、东京国立博物馆与百年老字号餐饮，让长辈与孩子都能在沉浸式历史氛围中轻松体验。东京四季分明，出行当月若为春秋季（气温15-25°C），体感最舒适；若遇夏季高温或雨季，已内置室内场馆与交通接驳预案，确保全家出行无忧。

---

## 第 1 天：江户古韵与国宝巡礼
> 穿梭于千年古刹与国家级文物之间，在慢行细品中触摸东京的历史脉络

**上午**
- 浅草寺 & 仲见世商店街（东京都台东区浅草2-3-1）
  - 简介：东京最古老的佛教寺庙（始建于公元628年），雷门巨型灯笼与五重塔是江户历史的活化石，仲见世通保留着传统木构町屋风貌。
  - 参考票价：免费（本堂参拜免费，部分特展需购票）
  - 建议游览时长：2小时
  - 小贴士：建议8:30前抵达避开旅行团；本堂正门设有无障碍坡道，婴儿车可推行；仲见世街中段“浅草花屋敷”旁有公共洗手间与休息长椅。

> 🚇 **前往午餐**：步行约 3 分钟至浅草寺西侧“大黑家天妇罗”（浅草本店），沿仲见世通向南直行过交叉口即达，无需换乘。

**午餐推荐**
- 大黑家天妇罗（浅草本店） — 江户前天妇罗老字号，人均约 120-160 元
  - 推荐菜品：季节野菜天妇罗定食、穴子（星鳗）天妇罗、亲子丼套餐。餐厅提供儿童餐椅与低盐儿童套餐，环境为传统榻榻米与桌椅混合区，长辈可自由选择座位。

> 🚇 **前往下一站**：东京地铁银座线 浅草站 → 上野站（约 5 分钟，单程约 ¥15），出站后从公园口步行约 10 分钟至东京国立博物馆正门。全程电梯直达，无台阶障碍。

**下午**
- 东京国立博物馆（东京都台东区上野公园13-9）
  - 简介：日本历史最悠久、馆藏最丰的综合性博物馆，收藏超11万件日本及亚洲历史文物，涵盖国宝级刀剑、平安时代佛像、浮世绘与陶瓷器，是了解东亚历史的核心窗口。
  - 参考票价：成人约 50 元（1000日元），大学生/高中生 25 元，18 岁以下及 65 岁以上免费（需出示护照或证件）
  - 建议游览时长：2.5-3 小时
  - 小贴士：**周一闭馆**（若遇周一可替换为国立西洋美术馆）；本馆1楼设“历史与日本”常设展，动线清晰；馆内每层均设休息区与饮水机，入口服务台可免费租借轮椅与婴儿车；空调充足，夏季可避暑，冬季需备薄外套。

> 🚇 **前往晚餐**：步行约 8 分钟至上野公园南口“伊豆荣 上野本店”，或搭乘地铁日比谷线 上野站 → 浅草站（1站，约 3 分钟）返回浅草区域用餐，推荐步行以消化午后久坐。

**晚餐推荐**
- 上野 伊豆荣（本店） — 江户时代传承鳗鱼料理名店，人均约 150-180 元
  - 推荐菜品：鳗鱼重箱（蒲烧/白烧双拼）、鳗鱼肝汤、茶碗蒸。店内设独立包间与安静大厅，服务细致，提供儿童餐具与低脂选项，适合家庭慢食。

**晚上**
- 隅田川水上巴士（浅草-台场/两国航线）或 浅草寺夜间点灯散步
  - 简介：从水上视角俯瞰两岸历史街区与现代天际线，夜幕降临时雷门灯笼亮起，氛围宁静怀旧。
  - 参考票价：约 80-100 元/人，6-12岁儿童半价
  - 小贴士：建议提前在“东京水上巴士”官网预约19:00-19:30班次；甲板风大，需为老人儿童准备防风外套；若体力有限，可改为浅草寺周边步行15分钟，拍摄雷门夜景与仲见世街灯笼。

> 💡 备选：若遇大雨或气温＞32°C，上午可替换为**江户东京博物馆**（室内全景历史陈列，互动复原江户街景，成人约35元，设大量休息座椅与空调）；下午可延长东京国立博物馆行程并增加馆内“表庆馆咖啡厅”休憩，避开高温时段户外活动。

---

## 住宿建议
| 推荐区域 | 酒店示例（中等预算） | 价格区间（1晚） | 家庭适配度 |
|----------|---------------------|----------------|------------|
| **浅草/藏前** | 浅草雷门酒店 / 三井花园饭店浅草 | ¥600-900 | 步行至景点近，传统街区氛围浓，多数提供家庭连通房 |
| **上野** | 上野站前东横INN / 三井花园饭店上野御徒町 | ¥550-850 | 交通枢纽，步行至博物馆/公园仅5分钟，周边餐饮密集，适合带老人小孩 |

> 建议优先选择带电梯、提供早餐及无障碍客房的酒店，预订时备注“需要安静楼层/儿童加床”。

---

## 预算参考（3人家庭，1天，参考估算）
| 项目 | 预估费用（人民币）|
|------|-----------------|
| 国际往返机票（3人）| 视出发地而定（请出行前实时查询） |
| 当地交通（地铁/水上巴士）| ¥150 |
| 住宿（1晚）| ¥800 |
| 餐饮（午+晚+小吃）| ¥500 |
| 景点门票（博物馆+游船）| ¥200 |
| 购物/其他（纪念品/饮水）| ¥150 |
| **合计** | **¥1,800** |
| **人均** | **¥600** |

> ⚠️ 机票价格受出发日期、舱位和购买时间影响较大，以上为参考区间，实际价格请以出行前实时查询为准。

---

## 实用信息
- **签证**：中国公民需办理日本单次/多次旅游签证，须通过日本驻华使领馆指定旅行社代办，通常需提前15-20个工作日申请。
- **货币**：日元（JPY）。东京现金使用率仍较高（尤其老字号餐饮与寺庙御守），建议携带适量日元；地铁/便利店/大型餐厅普遍支持支付宝、微信及Visa/Master信用卡。
- **语言**：日语为主，景点与地铁站均有中英双语标识。常用短语：谢谢（ありがとう Arigatou）、打扰一下（すみません Sumimasen）、洗手间（トイレ Toire）。
- **气候**：东京属温带海洋性气候。春季（3-5月）10-20°C多阵雨；夏季（6-8月）25-32°C闷热多梅雨；秋季（9-11月）15-25°C干爽；冬季（12-2月）0-10°C干冷。出行请备折叠伞，夏季注意防晒补水，冬季需穿防风厚外套。
- **紧急联系**：报警 110，急救/火警 119；中国驻日本大使馆领事保护与协助电话：+81-3-3403-3065（24小时）。建议提前购买涵盖医疗与行程变更的境外旅行保险。"
S0443,standard,我想去东京玩1天，和家人一起，我们喜欢历史，预算中等。,纽约,3,低,购物,2,2619,agent,269.61,# 东京 1日行程 · 家庭历史主题游  ## 行程概览 专为家庭设计的江户至明治历史寻踪路线，串联浅草古街与上野文化区。行程节奏舒缓，单次步行控制在30-40分钟，每段预留休息节点，兼顾长者体力与儿童兴趣。东京春秋季气候宜人（均温12-22°C，降水适中），若遇阵雨或高温，将户外漫步灵活替换为室内博物馆与百年老店体验。整体采用“地铁+步行”中等预算方案，深度感受东京历史脉络与市井烟火。  ## 第 1 天：江户遗风与国宝巡礼 > 穿越时光的家族漫步，从江户庶民信仰到日本国家宝藏，节奏从容不赶路。  **上午** - 浅草寺及仲见世通（台东区浅草2-3-1）   - 简介：东京最古老寺庙，始建,"# 东京 1日行程 · 家庭历史主题游

## 行程概览
专为家庭设计的江户至明治历史寻踪路线，串联浅草古街与上野文化区。行程节奏舒缓，单次步行控制在30-40分钟，每段预留休息节点，兼顾长者体力与儿童兴趣。东京春秋季气候宜人（均温12-22°C，降水适中），若遇阵雨或高温，将户外漫步灵活替换为室内博物馆与百年老店体验。整体采用“地铁+步行”中等预算方案，深度感受东京历史脉络与市井烟火。

## 第 1 天：江户遗风与国宝巡礼
> 穿越时光的家族漫步，从江户庶民信仰到日本国家宝藏，节奏从容不赶路。

**上午**
- 浅草寺及仲见世通（台东区浅草2-3-1）
  - 简介：东京最古老寺庙，始建于公元628年，雷门与五重塔是江户时代风貌的象征，仲见世通保留传统町屋建筑与百年老铺。
  - 参考票价：免费（本堂参拜免费，求签¥100/次，御守¥500起，儿童免费）
  - 建议游览时长：1.5小时
  - 小贴士：建议8:30前抵达避开旅游团；主殿前设有无障碍坡道，轮椅可直达本堂；带儿童可体验传统“手水舍”净手礼仪，注意石阶遇雨湿滑需穿防滑鞋。

> 🚇 **前往午餐**：步行约 5 分钟（约350米）至浅草寺东侧商业街，沿途设有休息长椅，步行平缓。

**午餐推荐**
- 大黑家天妇罗（浅草本店）— 江户前天妇罗老字号，人均约 ¥120-180（人民币）
  - 推荐菜品：天妇罗定食（含5种季节时蔬+虾）、穴子天妇罗（星鳗）
  - 家庭提示：提供儿童餐具与高脚椅，店内保留传统榻榻米座位区，长者上下台阶可走侧门电梯入口；上菜速度适中，环境明亮。

> 🚇 **前往下一站**：地铁银座线 浅草站 → 上野站（仅1站，约3分钟，票价约¥8），出站后步行约8分钟至博物馆正门。

**下午**
- 东京国立博物馆·本馆（台东区上野公园13-9）
  - 简介：日本规模最大、历史最悠久的博物馆，本馆集中陈列从绳文时代至江户时代的日本国宝、武士刀、浮世绘与佛教造像。
  - 参考票价：成人约¥50（1000日元），高中生免费，18岁以下及儿童免费（需出示护照或证件）
  - 建议游览时长：2.5小时（重点看本馆1-3楼常设展，按历史朝代动线参观）
  - 小贴士：馆内恒温22°C，建议带薄外套；每层设有休息长椅与直饮水机；轮椅/婴儿车可免费租借（服务台押证件即可）；建议14:30后入场避开10:00-14:00客流高峰。

> 🚇 **前往下一站**：步行约 10 分钟（约600米）穿过上野公园林荫道至御徒町站周边，沿途经过不忍池可短暂休息拍照。

**晚餐推荐**
- 上野 伊豆荣 本店（台东区上野公园1-55）— 蒲烧鳗鱼百年名店，人均约 ¥200-280（人民币）
  - 推荐菜品：鳗重（鳗鱼盖饭）、白烧鳗鱼（口感清淡、少盐，适合儿童与长者）
  - 家庭提示：设有独立包间，环境安静舒适；提供中文/英文菜单，鳗鱼已去骨处理，咀嚼友好；建议提前电话预约靠窗或包间位。

**晚上**
- 上野公园夜景漫步 & 不忍池畔休憩
  - 简介：夜幕降临时，上野公园灯光柔和，沿不忍池畔散步可感受东京近代化初期的都市规划遗存，池畔保留有明治时期石桥与神社旧址。
  - 参考票价：免费
  - 建议时长：1小时
  - 小贴士：池畔步道全段平坦无台阶，适合推婴儿车/轮椅；晚间19:00后人流适中，治安良好；若家人疲倦可随时沿公园东侧主干道返回地铁站。

> 💡 备选：若遇大雨或体力不足，可将下午博物馆替换为 **东京国立近代美术馆（工艺馆）**（全室内恒温，展品以传统漆器、染织为主，互动性强）；晚餐可改为 **上野 Atre 商场内的「大戸屋」**（日式家庭定食，人均约¥60，出餐快，全店无障碍，儿童套餐可选）。

---

## 住宿建议
- **上野/浅草区域（中档优选）**：推荐 **三井花园饭店 上野** 或 **浅草豪景酒店**，均价约 ¥800-1200/晚（家庭双床房）。优势：步行至地铁银座线/日比谷线仅3-5分钟，周边便利店、药妆店、百元店密集，部分房型提供儿童加床服务。
- **适合度**：上野区域为东京交通枢纽，前往各历史景点车程均在20分钟内；酒店普遍配备电梯、无障碍通道及隔音窗，完美契合家庭中等预算需求。若偏好日式体验，可考虑浅草周边的传统旅馆（需提前确认是否接受儿童入住）。

## 预算参考（3人家庭，1天，参考估算）
| 项目 | 预估费用（人民币）|
|------|-----------------|
| 当地交通（地铁/步行）| ¥50（Suica交通卡充值，1日覆盖） |
| 住宿（1晚，家庭房）| ¥1,000 |
| 餐饮（3餐+小吃）| ¥1,100 |
| 景点门票（博物馆等）| ¥50（仅成人票） |
| 购物/纪念品/其他 | ¥400 |
| **合计** | **¥2,600** |
| **人均** | **¥867** |

> ⚠️ 以上为东京本地单日中等预算参考，不含国际往返机票。实际价格受季节、汇率及实时促销影响，建议出行前通过Agoda/Booking及东京Metro官网复核。

## 实用信息
- **签证**：中国公民需提前办理日本单次/三年多次旅游签证（通过指定旅行社代办，通常需5-7个工作日，需提供在职/在读证明及资产材料）。
- **货币**：日元（JPY, ¥）。建议携带少量现金（1万日元以内），日本自动贩卖机、寺庙投币、部分老店仅收现金；主流商场/餐厅支持支付宝/微信/信用卡。
- **语言**：日语。浅草、上野等旅游区景点及大车站均有中文标识与语音播报；常用短语：“ありがとう（Arigatou，谢谢）”、“すみません（Sumimasen，打扰/抱歉）”。
- **气候**：出行若为春秋季（3-5月/9-11月），气温12-22°C，建议洋葱式穿衣（薄外套+长袖T恤）；夏季高温（>28°C）需备防晒与便携小风扇，冬季（<8°C）需防风大衣。雨天常备便携折叠伞，神社石阶遇雨极滑，务必穿防滑平底鞋。
- **紧急联系**：报警 110 / 急救与火警 119；中国驻日本大使馆领事保护与协助电话：+81-3-3403-3388（24小时）；旅游咨询热线：050-3816-2787（中文服务）。"
S0443,standard,我想去东京玩1天，和家人一起，我们喜欢历史，预算中等。,纽约,3,低,购物,3,2847,agent,132.99,# 东京 1日行程 · 家庭历史游  ## 行程概览 本行程专为家庭历史爱好者设计，以“江户遗风与近代文脉”为主线，串联浅草古刹、上野国宝与隅田川夜景。节奏舒缓适中，单次步行控制在 30 分钟内，兼顾长辈休息与儿童趣味。以出行当月（春/秋典型旅游季）为例，均温 15-22°C，气候宜人，行程已内置雨天室内替代与高温避暑方案，整体体验充实而不疲惫。  ## 出发准备 （用户未提供出发地，已跳过航班/高铁推荐。建议提前在 Apple Wallet/安卓手机开通 Suica 电子交通卡，并下载 Japan Travel by NAVITIME 离线导航 App。）  ---  ## 第 1 天：江户,"# 东京 1日行程 · 家庭历史游

## 行程概览
本行程专为家庭历史爱好者设计，以“江户遗风与近代文脉”为主线，串联浅草古刹、上野国宝与隅田川夜景。节奏舒缓适中，单次步行控制在 30 分钟内，兼顾长辈休息与儿童趣味。以出行当月（春/秋典型旅游季）为例，均温 15-22°C，气候宜人，行程已内置雨天室内替代与高温避暑方案，整体体验充实而不疲惫。

## 出发准备
（用户未提供出发地，已跳过航班/高铁推荐。建议提前在 Apple Wallet/安卓手机开通 Suica 电子交通卡，并下载 Japan Travel by NAVITIME 离线导航 App。）

---

## 第 1 天：江户风情与历史回响
🌤️ **当月气候与穿衣提示**：东京春秋季多晴，早晚微凉（12-15°C），午后舒适（20-23°C）。建议洋葱式穿搭（薄外套+长袖），随身备折叠伞。若遇降雨，全天已规划博物馆与室内文化设施替代；若遇高温（>28°C），下午行程已安排在恒温室内展馆，避免户外暴晒。

**上午**
- 浅草寺及仲见世商店街（台东区浅草2-3-1）
  - 简介：东京最古老的佛教寺院，雷门大灯笼与五重塔是江户时代市井文化的缩影，仲见世通两侧布满百年老铺与传统手信店。
  - 参考票价：免费开放（本堂、五重塔外围）；登五重塔内部 ¥500/人（儿童半价）
  - 建议游览时长：2小时
  - 小贴士：建议 9:00 前抵达避开旅行团；本堂前设有轮椅坡道与无障碍洗手间；雨天可重点逛浅草文化观光中心 8 楼免费观景台俯瞰街区。
> 🚇 **前往午餐**：步行约 3 分钟至浅草站西口方向 / 沿仲见世通步行至雷门右侧小巷

**午餐推荐**
- 浅草今半（Asakusa Imahan）浅草本店 — 关东寿喜烧/江户前鳗鱼，人均约 ¥150-180
  - 推荐菜品：特选寿喜烧套餐（含和牛）、现烤鳗鱼重；环境为传统榻榻米包间与西式桌椅混合，提供儿童高脚椅与温水，适合家庭慢食。
> 🚇 **前往下一站**：东京地铁银座线 浅草站 → 上野站（约 4 分钟，¥2）/ 出站后步行约 8 分钟至东京国立博物馆正门

**下午**
- 东京国立博物馆（台东区上野公园13-9）
  - 简介：日本历史最悠久、馆藏最丰富的国立博物馆，本馆“日本美术陈列”系统展示从绳文土器到浮世绘的国宝级文物，是了解日本历史的核心窗口。
  - 参考票价：成人 ¥1000，大学生 ¥500，高中生及以下免费；特展另计
  - 建议游览时长：2.5-3小时
  - 小贴士：本馆 2 楼设有带靠背的长椅休息区与咖啡厅；全馆配备无障碍直梯与轮椅租借；建议官网提前预约常设展时段，避开 11:00-14:00 高峰。
- 上野东照宫（上野公园内）
  - 简介：供奉德川家康的神社，唐门与石灯笼群尽显江户初期“权现造”建筑美学，参道两侧古树参天，历史氛围浓厚。
  - 参考票价：成人 ¥500，中小学生 ¥200，学龄前免费
  - 建议游览时长：40 分钟
  - 小贴士：参道为缓坡石板路，长辈可扶栏慢行；若遇午后阵雨，可移至公园内的东京文化会馆大厅避雨休息。
> 🚇 **前往晚餐**：步行约 6 分钟至阿美横丁入口 / 或搭乘 JR 山手线 上野站 → 秋叶原站（1 站，2 分钟，¥1.5，适合想体验电器街的家庭）

**晚餐推荐**
- 矶丸水产（上野阿美横町店） — 海鲜居酒屋/炭烤，人均约 ¥120-150
  - 推荐菜品：黄油烤雪蟹、综合海鲜拼盘、厚切玉子烧；烟火气浓郁但桌面宽敞，提供热麦茶与儿童餐选项，支持非现金支付。
> 🚇 **前往晚上活动**：步行返回浅草区域沿隅田川散步（约 15 分钟）/ 或打车约 ¥20-30 直达浅草雷门附近

**晚上**
- 隅田川河畔夜游 / 浅草夜景漫步
  - 简介：沿河岸步道缓行，远眺晴空塔霓虹与浅草寺夜间亮灯，感受江户川柳笔下的水乡夜色。河畔设有长椅，可随时坐下休息。
  - 小贴士：夜间江风较大，建议为老人儿童添件薄风衣；若家人体力透支，可直接搭乘地铁返回酒店，无需勉强。

> 💡 备选：江户东京博物馆（墨田区横网1-4-1）—— 若遇全天大雨或下午时间充裕，可替换上野东照宫行程。馆内有 1:1 复原的日本桥与江户长屋实景模型，互动历史展板极适合亲子共学。

---

## 住宿建议
按中等预算推荐 **上野/浅草区域**，交通枢纽发达，历史氛围浓厚，步行可达多数景点：
1. **三井花园饭店 上野**（中档连锁）：距上野站步行 5 分钟，房间紧凑但整洁，提供家庭连通房，周边餐饮丰富，约 ¥800-1000/晚。
2. **浅草豪景酒店**（景观型）：部分客房可直视晴空塔与浅草街区，步行至雷门 8 分钟，配备无障碍设施与儿童备品，约 ¥900-1100/晚。
3. **Sotetsu Fresa Inn 上野**（性价比型）：紧邻京成线与地铁，大堂设有免费洗衣房，适合家庭自助游，约 ¥600-800/晚。

## 预算参考（3人，1天，参考估算）
| 项目 | 预估费用（人民币）|
|------|-----------------|
| 当地交通（地铁/步行/打车）| ¥60 |
| 餐饮（午晚+饮品/小吃）| ¥650 |
| 景点门票（成人/儿童综合）| ¥180 |
| 住宿（1晚，中档家庭房）| ¥900 |
| 购物/其他（伴手礼/应急）| ¥300 |
| **合计** | **¥2,090** |
| **人均** | **¥697** |

> ⚠️ 机票价格受出发日期、舱位和购买时间影响较大，未计入本表；实际价格请以出行前实时查询为准。汇率按 100 JPY ≈ 4.8 CNY 估算。

## 实用信息
- **签证**：中国公民赴日需提前办理单次/三年/五年多次旅游签证，可通过指定旅行社或日本驻华使领馆官网提交材料，通常 5-7 个工作日出签。
- **货币**：日元（JPY, ¥）。东京普及移动支付（PayPay/Suica），但老字号餐厅、神社御守、部分市集仍偏好现金，建议随身携带 3-5 万日元备用。
- **语言**：日语为主。常用短语：谢谢（Arigatou gozaimasu）、请问/打扰（Sumimasen）、洗手间（Toire wa doko desu ka）。主要景点与地铁站均有中文标识。
- **气候**：东京四季分明，出行月份若为雨季（6-7月）需备防水外套与防滑鞋；台风季（8-9月）关注 JR 与地铁停运公告。极端天气预案：雨天全面启用室内博物馆与地下商场动线；高温日缩短户外停留，每 1.5 小时安排室内饮水休息。
- **紧急联系**：报警 110 / 急救/火警 119 / 中国驻日本大使馆领事保护电话：+81-3-3403-3065（东京）。"
S0585,standard,我想去伦敦玩1天，和朋友一起，我们喜欢自然、购物，预算比较宽裕。,纽约,7,中,文化,1,3812,agent,104.55,# 伦敦 1日行程 · 朋友同行（自然+购物·高预算版）  ## 行程概览 这是一条专为朋友结伴设计的高预算一日动线，将伦敦标志性的皇家园林绿境与顶级时尚商圈无缝衔接。行程节奏张弛有度，上午以沉浸式自然漫步唤醒感官，下午转入设计师街区与奢侈品大道享受专属购物体验，晚间搭配艺术感餐厅与泰晤士河夜游，完美契合“自然+购物”偏好。伦敦气候温和多变（以5-9月为例，日均温12-22°C，常有阵雨），本行程已内置雨天室内替代方案与高预算舒适动线，全程避免过度暴走，注重社交氛围与出片率。  ---  ## 第 1 天：皇家绿境漫步 × 顶级商圈奢享 > 晨起漫步御苑吸氧，午后穿梭高定街区，夜晚在泰晤士河微,"# 伦敦 1日行程 · 朋友同行（自然+购物·高预算版）

## 行程概览
这是一条专为朋友结伴设计的高预算一日动线，将伦敦标志性的皇家园林绿境与顶级时尚商圈无缝衔接。行程节奏张弛有度，上午以沉浸式自然漫步唤醒感官，下午转入设计师街区与奢侈品大道享受专属购物体验，晚间搭配艺术感餐厅与泰晤士河夜游，完美契合“自然+购物”偏好。伦敦气候温和多变（以5-9月为例，日均温12-22°C，常有阵雨），本行程已内置雨天室内替代方案与高预算舒适动线，全程避免过度暴走，注重社交氛围与出片率。

---

## 第 1 天：皇家绿境漫步 × 顶级商圈奢享
> 晨起漫步御苑吸氧，午后穿梭高定街区，夜晚在泰晤士河微风中举杯，一天收揽伦敦的精致与松弛。

**上午**
- **海德公园与肯辛顿花园 (Hyde Park & Kensington Gardens)**
  - 简介：伦敦市中心最大的皇家绿地，串联蛇形湖、意大利花园与戴安娜王妃纪念喷泉，晨间光影柔和，草坪与古树交织出极佳的自然治愈感。
  - 参考票价：免费开放（私人脚踏船租赁约 £30/小时/船，折合 ¥270）
  - 建议游览时长：2.5 小时（09:00-11:30）
  - 小贴士：建议从 Marble Arch 入口进入，沿 Serpentine Lake 西岸步行至肯辛顿宫方向。园区铺设平整沥青步道，全程无障碍友好。高预算可提前预约私人园艺导览（约 £80/人），深度了解植物与皇家历史。

> 🚇 **前往午餐**：步行至 Knightsbridge 站（约15分钟）/ 或呼叫 Uber/Black Cab（约 £10-15，折合 ¥90-135，5分钟）

**午餐推荐**
- **Harrods 食品大厅 (Harrods Food Halls)** — 英伦奢华美食殿堂，人均约 ¥300-450
  - 推荐菜品：现开苏格兰龙虾卷、鱼子酱配薄饼、手工司康配凝脂奶油、法式马卡龙礼盒
  - 环境/服务：挑高玻璃穹顶与复古马赛克地砖极具视觉冲击，设有多处高脚吧台与私密卡座。提供 VIP 休息区（消费满额可申请），非常适合朋友边吃边聊、雨天完美避险。

> 🚇 **前往下午行程**：从 Harrods 正门步行至 Sloane Street 奢侈品大道（约5分钟，沿途橱窗可顺路打卡）

**下午**
- **斯隆街与骑士桥商圈 (Sloane Street & Knightsbridge)**
  - 简介：伦敦顶级奢侈品聚集地，Chanel、Dior、Gucci、Prada 等旗舰店沿街林立，建筑外立面统一采用米色石材，街道整洁优雅，购物动线连贯。
  - 参考票价：免费（购物自理）
  - 建议游览时长：2 小时（13:30-15:30）
  - 小贴士：高预算体验强烈建议提前邮件预约 Harrods 或 Harvey Nichols 的 **Personal Shopping 服务**（免费），专属顾问会预留试衣间、提供香槟，并协助办理退税与全球配送。避开 14:00-16:00 旅行团高峰，试衣体验更佳。

> 🚇 **前往下一站**：地铁 Piccadilly 线 → Covent Garden 站（约 10 分钟，£2.80/人，折合 ¥25）/ 或 Uber（约 £8，折合 ¥70，4分钟）

- **考文特花园与尼尔庭院 (Covent Garden & Neal's Yard)**
  - 简介：历史市集转型的文艺商业区，Apple Market 汇聚独立手作与复古首饰，Neal's Yard 隐藏于建筑群间的彩色庭院是伦敦最著名的“自然系”拍照圣地，绿植攀墙、阳光斑驳。
  - 参考票价：免费（市集商品按标价购买）
  - 建议游览时长：1.5 小时（16:00-17:30）
  - 小贴士：Neal's Yard 需从 Neal's Yard 或 Monmouth Street 的窄巷入口进入，建议下午光线斜射时拍摄。周边有 Diptyque、Aesop 等香氛/护肤旗舰店，可一站式补充旅行洗护。

> 🚇 **前往晚餐**：步行至 Leicester Square 方向（约 8 分钟）/ 或 Uber（约 £6，折合 ¥55，3分钟）

**晚餐推荐**
- **Sketch (The Gallery)** — 前卫艺术概念餐厅，人均约 ¥700-1000
  - 推荐菜品：创意欧陆式 Tasting Menu（7道菜）、粉蛋造型甜点、Signature 香槟/自然酒搭配
  - 环境/服务：由 David Shrigley 设计的全粉色蛋形卫生间与超现实壁画闻名全球，朋友聚会极易出片。需提前 1-2 个月在官网预约，建议备注“Window Table”或“Gallery Section”以获得最佳社交氛围。

**晚上**
- **泰晤士河高级夜游 (Premium Thames River Cruise)**
  - 简介：从威斯敏斯特码头登船，沿河航行约 1 小时，途经伦敦眼、碎片大厦、塔桥等夜景地标，甲板微风拂面，适合朋友举杯放松、整理一日战利品。
  - 参考票价：含香槟轻食套餐约 £50-70/人（折合 ¥450-630）
  - 建议游览时长：1.5 小时（19:30-21:00）
  - 小贴士：选择 **City Cruises 或 Thames Clippers 的 Premium Class** 舱位，含室内恒温观景座与免费饮品。登船前15分钟抵达码头，建议携带薄外套防河风。单人/小团体需注意随身包袋安全，夜间码头照明充足。

> 💡 备选：**英国自然历史博物馆 (Natural History Museum)** —— 若遇持续降雨或下午体力下降，可转入这座免费开放的哥特式殿堂。重点参观 Hintze Hall 蓝鲸骨架与 Earth Galleries 矿物展厅，室内恒温 20°C，步行强度低，且设有高颜值咖啡厅（Museum Café）供朋友休憩。

---

## 住宿建议
（若需过夜，推荐以下高预算区域，兼顾购物动线与社交氛围）
- **Mayfair / Knightsbridge 区域**（如 The Connaught, Mandarin Oriental Hyde Park）
  - 优势：步行直达奢侈品街与海德公园，私密性极佳，提供高端礼宾与私人接送服务。
  - 价格区间：¥4,500-8,000/晚
  - 适合度：高预算朋友/情侣首选，安静且服务细腻，适合购物后放松。
- **Covent Garden / Soho 区域**（如 The Savoy, ME London）
  - 优势：夜生活与餐饮密集，步行可达西区剧院与市集，氛围活跃热闹。
  - 价格区间：¥3,000-5,500/晚
  - 适合度：喜欢城市烟火气与晚间社交的朋友，周边酒吧、Livehouse 选择丰富。

---

## 预算参考（2人，1天，参考估算）
| 项目 | 预估费用（人民币）|
|------|-----------------|
| 国际往返机票（2人）| ¥12,000–18,000（经济舱参考，视出发地与季节浮动） |
| 当地交通（地铁/打车/游船）| ¥800–1,200 |
| 住宿（1晚，双床/大床）| ¥3,500–6,000 |
| 餐饮（午餐+晚餐+饮品）| ¥2,000–2,800 |
| 景点门票/体验（导览/游船/租赁）| ¥1,000–1,500 |
| 购物/其他（退税/伴手礼）| 视个人预算而定 |
| **合计** | **¥19,300–29,500** |
| **人均** | **¥9,650–14,750** |

> ⚠️ 机票价格受出发日期、舱位和购买时间影响较大，以上为参考区间，实际价格请以出行前实时查询为准。购物消费未计入总额，高预算行程可灵活调整。

---

## 实用信息
- **签证**：中国公民需提前申请英国标准访客签证（Standard Visitor Visa），通过 UKVI 官网递交材料，建议提前 2-3 个月办理。
- **货币**：英镑（GBP, £）。伦敦几乎全境支持 Contactless 非接触支付（Visa/Mastercard/Apple Pay），无需大量换现。建议备 £50 现金应急。
- **语言**：英语。常用短语：`Cheers`（谢谢/干杯）、`Mind the gap`（注意站台间隙）、`Tube`（地铁）。
- **气候**：伦敦属温带海洋性气候，全年温和湿润。出行月若为春夏（4-9月），建议“洋葱式穿搭”：轻薄风衣/防水外套+舒适步行鞋；若为秋冬（10-3月），需加厚大衣、围巾与防滑靴。随身折叠伞必备，阵雨常在 30 分钟内转晴。
- **紧急联系**：报警/急救电话 **999** 或 **112**；中国驻英国大使馆领事保护电话 **+44-20-74368294**（24小时）。建议下载 Citymapper App 实时规划地铁/步行路线，避开罢工或延误时段。"
S0585,standard,我想去伦敦玩1天，和朋友一起，我们喜欢自然、购物，预算比较宽裕。,纽约,7,中,文化,2,3002,agent,115.95,# 伦敦 1日行程 · 好友结伴  ## 行程概览 专为好友结伴定制的一日精华路线，将伦敦皇家园林的自然静谧与高端商圈的时尚格调无缝串联。行程节奏张弛有度，避开传统游客扎堆时段，侧重私密体验与社交氛围。以5月为例，伦敦当月气温约10–18°C，日照渐长但阵雨频繁，行程已内置雨天室内动线与舒适休憩节点，确保自然漫步与精品购物两不误。  ---  ## 第 1 天：皇家绿意与高定购物巡礼 > 从晨雾中的皇家园林到奢华商圈的精致橱窗，在伦敦的街巷间感受自然与时尚的无缝切换。  **上午** - 海德公园与肯辛顿花园 (Hyde Park & Kensington Gardens)   - 简介：伦敦,"# 伦敦 1日行程 · 好友结伴

## 行程概览
专为好友结伴定制的一日精华路线，将伦敦皇家园林的自然静谧与高端商圈的时尚格调无缝串联。行程节奏张弛有度，避开传统游客扎堆时段，侧重私密体验与社交氛围。以5月为例，伦敦当月气温约10–18°C，日照渐长但阵雨频繁，行程已内置雨天室内动线与舒适休憩节点，确保自然漫步与精品购物两不误。

---

## 第 1 天：皇家绿意与高定购物巡礼
> 从晨雾中的皇家园林到奢华商圈的精致橱窗，在伦敦的街巷间感受自然与时尚的无缝切换。

**上午**
- 海德公园与肯辛顿花园 (Hyde Park & Kensington Gardens)
  - 简介：伦敦最大的皇家绿地，晨间空气极佳，串联九曲湖、意大利花园与戴安娜王妃纪念喷泉，适合好友轻松徒步与氛围感拍照。
  - 参考票价：免费开放
  - 建议游览时长：2.5 小时
  - 小贴士：清晨8:30–10:30光线最柔和且人流最少；公园内部分步道为碎石路，建议穿缓震运动鞋；可于Serpentine湖畔租赁私人脚踏船（约£25/30分钟）增加互动乐趣。

> 🚇 **前往午餐**：步行约 15 分钟 / 打车约 £8–12（5分钟）至骑士桥区域。

**午餐推荐**
- The Ivy Chelsea Garden — 现代英式/花园露台，人均约 ¥400–550（£45–60）
  - 推荐菜品 / 点单建议：招牌牛肉汉堡、季节性海鲜拼盘、英式司康与司康酱；餐厅设有半开放式温室花园，氛围轻松，非常适合好友聚餐打卡。
  - 备注：需提前3天官网预约靠窗或露台位，全店配备无障碍坡道与宽敞桌距。

> 🚇 **前往下午景点**：步行约 5 分钟 / 打车约 £6–10（3分钟）至斯隆街。

**下午**
- 斯隆街与哈罗德百货 (Sloane Street & Harrods Knightsbridge)
  - 简介：斯隆街被誉为伦敦“高定一条街”，汇聚独立设计师旗舰店；哈罗德百货内部装潢极尽奢华，设有专属私人导购与VIP休息室。
  - 参考票价：免费入场（私人导购服务免费预约，部分VIP室设有最低消费门槛）
  - 建议游览时长：3 小时
  - 小贴士：高预算强烈建议提前邮件预约Harrods的“Personal Shopping”服务，享受一对一选品、免排队结账与香槟接待；避开周末14:00–16:00高峰；斯隆街多数店铺支持满£50即时退税（需携带护照）。

> 🚇 **前往晚餐**：打车约 £12–18（15分钟）或地铁 Piccadilly线 → Covent Garden站（约 20分钟，£2.80）。

**晚餐推荐**
- Hawksmoor Seven Dials — 顶级英式牛排馆，人均约 ¥500–650（£55–70）
  - 推荐菜品 / 点单建议：干式熟成肋眼牛排（Dry-Aged Ribeye）、烤牛骨髓配酸面包、约克郡布丁；分量适合分享，餐厅提供开放式厨房景观，氛围热闹且私密包厢需提前预订。
  - 备注：需提前2周官网订位，全店无障碍通行，提供素食/无麸质菜单。

> 🚇 **前往晚间活动**：步行约 3 分钟至附近剧院区。

**晚上**
- 西区音乐剧《歌剧魅影》或《汉密尔顿》VIP包厢体验
  - 简介：伦敦西区是全球戏剧中心，VIP包厢提供专属入场通道、香槟服务与绝佳视野，是好友共度英伦之夜的仪式感之选。
  - 参考票价：¥1,200–2,500/人（£130–270，含酒水）
  - 小贴士：通过官方渠道（TodayTix或剧院官网）购票，提前30分钟凭电子票扫码入场；散场后建议预订Uber Black或黑色出租车返回，避开夜间地铁拥挤与临时停运风险。

> 💡 备选：若遇大雨或体力下降，下午可替换为**维多利亚与阿尔伯特博物馆 (V&A)**（免费，室内常设展与特展，需官网预约10:00前时段）；若偏好自然沉浸，傍晚可改乘**泰晤士河私人游艇巡航**（约2小时，包船¥2,500+，含香槟与河景晚餐）。

---

## 住宿建议
按高预算标准推荐以下区域/酒店，均位于核心动线交汇处，步行或短途车程即可抵达自然与商圈：
- **梅菲尔区 (Mayfair) — The Connaught**：¥5,500–7,000/晚。经典英伦奢华代表，管家服务顶级，步行至Bond Street奢侈品街仅需8分钟，适合追求极致私密与格调的好友小团体。
- **骑士桥区 (Knightsbridge) — Mandarin Oriental Hyde Park**：¥6,000–8,500/晚。直面海德公园全景，部分客房带私人露台，内设米其林星级餐厅与顶级SPA，自然与奢华体验结合度极高。
- **考文特花园区 (Covent Garden) — The Savoy**：¥5,000–7,500/晚。历史地标酒店，步行5分钟至西区剧院与Seven Dials商圈，公共空间社交氛围浓郁，适合喜欢夜生活与热闹街区的好友。

---

## 预算参考（2人，1天，参考估算）
| 项目 | 预估费用（人民币）|
|------|-----------------|
| 国际往返机票（2人）| ¥16,000–30,000（视出发地与舱位浮动，经济/商务舱参考） |
| 当地交通（黑色出租车/Uber Black/地铁）| ¥600–900 |
| 住宿（1晚）| ¥5,500–8,500 |
| 餐饮（午+晚+饮品）| ¥2,000–2,800 |
| 景点门票（剧院VIP/游船/租船）| ¥2,500–4,000 |
| 购物/其他（预留）| ¥5,000+（视个人消费） |
| **合计** | **¥31,600–51,200** |
| **人均** | **¥15,800–25,600** |

> ⚠️ 机票价格受出发日期、舱位和购买时间影响较大，以上为参考区间，实际价格请以出行前实时查询为准。购物消费弹性极大，未计入硬性预算。

---

## 实用信息
- **签证**：中国公民需提前申请英国标准访客签证（Standard Visitor Visa），通过GOV.UK官网在线提交，通常需15–20个工作日，建议提前2个月准备。
- **货币**：当地货币为英镑（GBP, £）。伦敦信用卡/Apple Pay/Contactless接受度极高，几乎无需现金；建议携带1张免货币转换费的Visa/Mastercard备用。
- **语言**：官方语言为英语。常用短语：Cheers（谢谢/干杯）、Excuse me（借过/打扰）、Could I have a table for two, please?（请安排两人桌）。
- **气候**：出行月（以5月为例）气温10–18°C，昼夜温差明显，多突发阵雨。穿衣建议：防风防水外套+轻薄针织衫+舒适步行鞋；随身折叠伞必备；若遇午后阵雨，优先转入商场/博物馆动线。
- **紧急联系**：报警/急救/火警统一拨打 **999** 或 **112**；中国驻英国大使馆领事保护电话：+44-20-74368294；非紧急警务：101。"
S0585,standard,我想去伦敦玩1天，和朋友一起，我们喜欢自然、购物，预算比较宽裕。,纽约,7,中,文化,3,3675,agent,121.0,# 伦敦 1日行程 · 朋友同行（自然与购物）  ## 行程概览 这趟1日伦敦精华之旅专为追求品质与体验的朋友组合设计，巧妙融合皇家园林的自然静谧与顶级商圈的奢华购物。行程节奏张弛有度，上午沉浸于绿意盎然的皇家公园，下午穿梭于骑士桥与梅菲尔的时尚地标，夜晚则以泰晤士河夜景或西区氛围酒吧收尾。伦敦属温带海洋性气候，出行当月多阵雨与多云，气温通常在10-20°C之间波动，建议采用“洋葱式”穿搭并随身携带晴雨伞；整体行程已预留高预算专属服务（如VIP导购、专车接驳），确保高效舒适。  ---  ## 第 1 天：皇家绿意与奢华风尚 > 从晨间公园的清新漫步开启，午后沉浸顶级商圈的购物狂欢，夜晚品味英,"# 伦敦 1日行程 · 朋友同行（自然与购物）

## 行程概览
这趟1日伦敦精华之旅专为追求品质与体验的朋友组合设计，巧妙融合皇家园林的自然静谧与顶级商圈的奢华购物。行程节奏张弛有度，上午沉浸于绿意盎然的皇家公园，下午穿梭于骑士桥与梅菲尔的时尚地标，夜晚则以泰晤士河夜景或西区氛围酒吧收尾。伦敦属温带海洋性气候，出行当月多阵雨与多云，气温通常在10-20°C之间波动，建议采用“洋葱式”穿搭并随身携带晴雨伞；整体行程已预留高预算专属服务（如VIP导购、专车接驳），确保高效舒适。

---

## 第 1 天：皇家绿意与奢华风尚
> 从晨间公园的清新漫步开启，午后沉浸顶级商圈的购物狂欢，夜晚品味英伦夜色。

**上午**
- 海德公园 & 肯辛顿花园（Hyde Park & Kensington Gardens, W2）
  - 简介：伦敦最大的皇家公园群，九曲湖（Serpentine Lake）波光粼粼，戴安娜王妃纪念喷泉静谧优雅，是都市中难得的“绿肺”，非常适合朋友晨间散步、喂天鹅与拍摄英伦风大片。
  - 参考票价：免费
  - 建议游览时长：2 小时（08:30 - 10:30）
  - 小贴士：清晨空气最佳，建议从 Knightsbridge 入口进入；伦敦多突发阵雨，若遇持续降雨，可无缝切换至附近的 **维多利亚和阿尔伯特博物馆（V&A）** 或 **自然历史博物馆**（室内恒温，免费但需官网提前预约时段）。

> 🚇 **前往下一站**：步行穿越肯辛顿花园南侧，沿 Brompton Road 步行约 12 分钟至餐厅；或直接使用 Uber 打车约 5 分钟（£8–12）。

**午餐推荐**
- The Ivy Chelsea Garden — 现代英式/地中海融合菜，人均约 £60–80
  - 推荐菜品：Ivy 经典汉堡、烤布兰奇诺鱼（Branzino）、招牌英式司康下午茶拼盘。环境布满绿植与玻璃穹顶，极具 Ins 风，非常适合朋友聚餐拍照。提供无障碍入口与宽敞座位。

**下午**
- 哈罗德百货（Harrods, 87-135 Brompton Rd, Knightsbridge）
  - 简介：全球最顶级的奢华百货之一，拥有300多个品牌专柜。重点逛地下“食品大厅”（Food Hall）的马赛克穹顶与精致茶点区，以及一楼的奢侈品皮具与珠宝区。
  - 参考票价：免费入场（消费自理）
  - 建议游览时长：2.5 小时（13:00 - 15:30）
  - 小贴士：预算宽裕可提前预约 **VIP Personal Shopping** 服务（免费，需官网申请），享受专属休息室、快速结账与私人导购；食品大厅的 Fortnum & Mason 茶叶与手工巧克力是绝佳伴手礼。

> 🚇 **前往下一站**：地铁皮卡迪利线（Piccadilly Line）从 Knightsbridge 站至 Green Park 站（约 12 分钟，£2.80 使用 Contactless 银行卡/手机 NFC 刷卡）；或 Uber 打车约 15 分钟（£12–18，避开高峰更快捷）。

- 邦德街 & 梅菲尔区（Bond Street & Mayfair）
  - 简介：伦敦奢侈品与独立设计师的聚集地，Old Bond Street 与 New Bond Street 汇聚 Chanel、Dior、Tiffany 等旗舰店；周边 Dover Street Market 与 Mount Street 隐藏着诸多小众高定与买手店。
  - 参考票价：免费逛街（消费自理）
  - 建议游览时长：2 小时（16:00 - 18:00）
  - 小贴士：建议按街区规划路线，部分限量款需提前邮件预约；梅菲尔区街道铺装平整，适合轻松漫步，沿途有许多艺术画廊可顺道参观。

> 🚇 **前往下一站**：步行至 Berkeley St 区域约 10 分钟；或 Uber 打车约 5 分钟（£6–10）。

**晚餐推荐**
- Nobu Berkeley Street — 日式秘鲁融合菜（Japanese-Peruvian），人均约 £100–150
  - 推荐菜品：黑鳕鱼西京烧（Black Cod Miso）、黄尾鱼配 Jalapeño（Yellowtail Sashimi）、和牛 Tataki。时尚圈与名人高频打卡地，氛围轻松现代，非常适合朋友庆祝与聊天。餐厅支持无障碍设施。

**晚上**
- Soho 区鸡尾酒微醺 & 泰晤士河夜景漫步
  - 简介：晚餐后可沿河步行至 Westminster 桥欣赏大本钟与议会大厦夜景；或前往 Soho 区体验伦敦夜生活，推荐 **Nightjar** 或 **Callooh Callay** 等隐秘式 Speakeasy 酒吧，点一杯定制鸡尾酒，感受伦敦的多元与活力。
  - 参考票价：酒吧消费约 £15–20/杯
  - 建议游览时长：1.5–2 小时
  - 小贴士：朋友同行建议提前在 DesignMyNight 或官网预订吧台座位；深夜返程建议使用 Uber/Black Cab，避免在偏僻小巷独自步行，注意保管随身财物。

> 💡 备选：**切尔西花市（Chelsea Physic Garden）**——若遇大风降温或体力充裕，可前往伦敦最古老的药用植物园（门票£12.50/人），室内温室与静谧庭院适合雨天避寒与植物摄影，距离骑士桥仅 15 分钟车程。

---

## 住宿建议
按高预算标准，推荐以下区域及酒店：
1. **梅菲尔/骑士桥区域（Mayfair/Knightsbridge）**
   - 推荐酒店：The Beaumont Mayfair 或 Mandarin Oriental Hyde Park
   - 优势：步行即可抵达邦德街与海德公园，周边米其林餐厅与高端买手店密集；酒店提供顶级 SPA 与管家服务，适合追求极致体验的朋友组合。
   - 价格区间：£500–£900+/晚

2. **科文特花园/苏活区（Covent Garden/Soho）**
   - 推荐酒店：The Londoner 或 Rosewood London
   - 优势：位于西区剧院与夜生活核心地带，下楼即是餐厅与市集，交通极其便利（多条地铁交汇）；氛围热闹，适合喜欢城市脉搏与社交的年轻朋友。
   - 价格区间：£400–£700/晚

## 预算参考（2人，1天，参考估算）
| 项目 | 预估费用（人民币）|
|------|-----------------|
| 国际往返机票（2人）| ¥12,000–18,000（经济舱参考，视出发地与季节浮动） |
| 当地交通（地铁/Contactless+打车）| ¥300–500 |
| 住宿（1晚，高预算双人房）| ¥5,000–8,000 |
| 餐饮（午餐+晚餐+酒吧）| ¥2,500–3,500 |
| 景点门票（免费公园/备选等）| ¥0–300 |
| 购物/其他（伴手礼/小费）| ¥5,000+（视个人消费） |
| **合计** | **¥24,800–30,300** |
| **人均** | **¥12,400–15,150** |

> ⚠️ 机票与购物费用弹性极大，以上为参考区间。伦敦高端餐厅建议提前 2-4 周预订，小费通常为账单的 10-15%（部分餐厅已含 Service Charge）。

## 实用信息
- **签证**：中国公民前往英国需提前申请标准访客签证（Standard Visitor Visa），可通过 UK Visas and Immigration 官网在线提交，提供资金证明、行程单及在职/在读证明，审理周期通常为 15-30 个工作日。
- **货币**：英镑（GBP, £）。伦敦几乎全面支持 Contactless 银行卡与 Apple/Google Pay，地铁/公交直接刷银行卡即可（每日扣款有封顶优惠），仅需携带少量现金以备小额摊贩。
- **语言**：英语。常用短语：Cheers（谢谢/干杯）、Mind the gap（注意站台间隙）、Tube（地铁）。
- **气候**：温带海洋性气候，全年多雨多云、温差小。出行当月建议准备防风防水外套、舒适步行鞋及折叠伞；若遇突发阵雨，伦敦室内商场与博物馆网络完善，可灵活切换动线。
- **紧急联系**：报警/急救/火警请拨打 **999**（紧急）或 **101**（非紧急）；中国驻英国大使馆领事保护电话：+44-20-74368294。
- **交通卡提示**：无需购买实体 Oyster 卡，直接使用支持 Contactless 的 Visa/Mastercard 或手机 NFC 刷闸机，系统自动计算当日最优票价（Daily Cap）。"
S0387,standard,我想去罗马玩3天，和家人一起，我们喜欢美食、购物，预算中等，有老人。,巴黎,5,中,自然,1,6391,agent,249.69,"# 罗马 3日行程 · 家庭游（含老人）  ## 行程概览 本行程专为带老人的家庭设计，以“慢节奏、少步行、重体验”为核心，将罗马的古典遗迹、地道美食与精品购物巧妙串联。假设出行月份为春秋佳季（5月或10月），气温约15-25°C，阳光温和偶有阵雨，整体节奏宽松，每日核心游览控制在2-3个点位，穿插多次休息与室内备选，确保长辈舒适且全家尽兴。  ## 出发准备 ⚠️ 您未提供出发城市，此处跳过机票查询。建议提前在航司官网或OTA平台比价，关注“罗马菲乌米奇诺机场(FCO)”直飞或转机航班，经济舱往返参考价约¥4,500-7,000/人（视出发地与提前预订时间浮动）。  ---  ## 第 1 ","# 罗马 3日行程 · 家庭游（含老人）

## 行程概览
本行程专为带老人的家庭设计，以“慢节奏、少步行、重体验”为核心，将罗马的古典遗迹、地道美食与精品购物巧妙串联。假设出行月份为春秋佳季（5月或10月），气温约15-25°C，阳光温和偶有阵雨，整体节奏宽松，每日核心游览控制在2-3个点位，穿插多次休息与室内备选，确保长辈舒适且全家尽兴。

## 出发准备
⚠️ 您未提供出发城市，此处跳过机票查询。建议提前在航司官网或OTA平台比价，关注“罗马菲乌米奇诺机场(FCO)”直飞或转机航班，经济舱往返参考价约¥4,500-7,000/人（视出发地与提前预订时间浮动）。

---

## 第 1 天：帝国荣光与古早罗马味
> 避开人潮的清晨漫步古罗马核心，以地道家庭餐厅开启味蕾之旅

**上午**
- 罗马斗兽场 & 古罗马广场（Piazza del Colosseo）
  - 简介：古罗马帝国的象征，内部可沿平坦步道参观角斗士通道遗址，广场区展示元老院与神庙遗迹。
  - 参考票价：联票 €18（含帕拉蒂尼山），65岁以上欧盟居民免费（非欧盟凭护照享折扣，建议提前官网确认）；18岁以下免费
  - 建议游览时长：2小时
  - 小贴士：务必提前在官网（coopculture.it）预约最早时段（08:30-09:00），避开10:00后旅行团高峰；老人请从“Gladiator Gate”入口进入，该处设有无障碍电梯直达内层步道，避开陡坡与碎石区。

> 🚇 **前往下一站**：步行约 8 分钟（沿 Via di San Giovanni in Laterano 直行，路面已翻新，平坦好走）/ 若长辈疲惫可打车约 €6–8（3分钟）

**午餐推荐**
- Trattoria Luzzi — 传统罗马家常菜，人均约 €25–30
  - 推荐菜品：Cacio e Pepe（黑椒奶酪意面）、Supplì（炸米球）
  - 家庭友好：提供高脚椅与软垫座椅，出餐快，环境明亮宽敞，适合老人休憩

> 🚇 **前往下一站**：步行约 10 分钟（沿 Via dei Fori Imperiali 向北，沿途有长椅可随时坐下休息）/ 打车约 €7–9（4分钟）

**下午**
- 威尼斯广场 & 祖国祭坛（Piazza Venezia）→ 卡比托利欧博物馆（Musei Capitolini）
  - 简介：祖国祭坛可乘电梯登顶俯瞰罗马全景；卡比托利欧博物馆由米开朗基罗设计广场相连，室内恒温，馆藏古罗马青铜雕塑与皇帝雕像。
  - 参考票价：祖国祭坛电梯 €12（老人€10）；博物馆 €15（65岁以上€12）
  - 建议游览时长：1.5小时
  - 小贴士：博物馆内部每层设有休息长椅与饮水机；建议15:00后入馆，光线柔和且游客减少。

> 🚇 **前往下一站**：地铁 B 线 Colosseo 站 → Termini 站（换乘）→ Barberini 站（约 25 分钟，€1.5/人，持老人优惠票需现场出示证件）/ 打车约 €12–15（15分钟，点对点更省力）

**晚餐推荐**
- Ba'Ghetto — 犹太罗马风味，人均约 €30–35
  - 推荐菜品：Carciofi alla Giudia（犹太式炸洋蓟）、Baccalà（盐腌鳕鱼）
  - 家庭友好：位于犹太区安静小巷，设有电梯直达二楼用餐区，环境雅致不嘈杂

> 🚇 **前往下一站**：步行约 5 分钟至 Largo di Torre Argentina 广场，夜间灯光柔和，适合短途散步消食 / 体力不佳可直接打车回酒店（€5–7）

**晚上**
- 帝国大道夜景漫步（Via dei Fori Imperiali）
  - 简介：夜间斗兽场与古罗马广场被暖色灯光照亮，车流减少，路面平整，适合全家慢走拍照。
  - 安全提示：夜间照明良好，但建议21:30前返回，避开偏僻侧巷。

> 💡 备选：若遇降雨或高温，下午可替换为“马西莫宫（Palazzo Massimo）”（室内古罗马壁画与雕塑，空调充足，老人友好）；晚餐后若长辈疲惫，可改乘出租车直达酒店休息。

---

## 第 2 天：巴洛克浪漫与意式购物慢时光
> 喷泉与万神殿的晨光中开启，午后转入精品街与室内拱廊，兼顾购物与舒适休息

**上午**
- 特莱维喷泉（Fontana di Trevi）& 万神殿（Pantheon）
  - 简介：特莱维喷泉巴洛克雕刻震撼；万神殿拥有千年无柱穹顶，内部空间开阔平坦。
  - 参考票价：喷泉免费；万神殿 €5（需官网预约时段，18岁以下免费，老人凭护照享€3优惠）
  - 建议游览时长：1.5小时
  - 小贴士：特莱维喷泉08:00前人流最少，拍照不拥挤；万神殿地面为大理石，建议穿防滑平底鞋，内部长椅充足可随时落座。

> 🚇 **前往下一站**：步行约 6 分钟（沿 Via del Seminario 直行，路面为平整石板，注意避开早高峰推车）/ 打车约 €5–6（3分钟）

**午餐推荐**
- Armando al Pantheon — 百年老字号罗马菜，人均约 €35–40
  - 推荐菜品：Saltimbocca alla Romana（火腿鼠尾草小牛肉）、Coda alla Vaccinara（牛尾炖菜）
  - 家庭友好：需提前3天官网预订；室内空调足，座椅带靠背，服务员对老人耐心周到

> 🚇 **前往下一站**：步行约 8 分钟至 Via del Corso 起点（沿途经过 Piazza della Rotonda 广场，可顺路买 Gelato 休息）/ 打车约 €6–8（4分钟）

**下午**
- 孔多蒂大道（Via Condotti）& 科尔索大道（Via del Corso）购物 → 阿尔贝托·索尔迪拱廊街（Galleria Alberto Sordi）
  - 简介：孔多蒂大道聚集 Gucci、Prada、Bulgari 等旗舰店；科尔索大道适合中高预算家庭选购皮具、香氛与设计师品牌；拱廊街为19世纪玻璃顶室内商业街，空调恒温，内设多家咖啡馆与休息区。
  - 参考票价：免费进入（购物按实际消费）
  - 建议游览时长：2小时
  - 小贴士：避开13:00-15:00高温时段；拱廊街每层设无障碍电梯，老人可在此买杯 Espresso 休息，避开户外暴晒；购买奢侈品可凭护照办理退税（满€155可退12%左右）。

> 🚇 **前往下一站**：公交 64 路 / 40 路 从 Via del Tritone 站 → Trastevere 站（约 20 分钟，€1.5/人）/ 打车约 €15–18（20分钟，推荐家庭使用，避免公交拥挤）

**晚餐推荐**
- Da Enzo al 29 — 特拉斯提弗列区人气家庭餐馆，人均约 €30–35
  - 推荐菜品：Tonnarelli Cacio e Pepe、Crispy Artichoke
  - 家庭友好：不接受预订但可提前排队；建议18:00前抵达，避开19:30后高峰；室内座位宽敞，提供软座与儿童餐盘

> 🚇 **前往下一站**：步行约 5 分钟至 Piazza di Santa Maria in Trastevere 广场，夜间有街头艺人表演，氛围轻松 / 打车回酒店约 €10–12（15分钟）

**晚上**
- 特拉斯提弗列慢逛 & Gelato 品尝
  - 简介：罗马最具生活气息的街区，鹅卵石街道两侧是百年老店与手工冰淇淋铺，适合饭后散步。
  - 安全提示：主广场照明良好，但小巷石板路夜间较暗，建议结伴沿主街活动，21:30前返回。

> 💡 备选：若遇午后阵雨或长辈体力下降，下午可改至“西班牙广场地下商场（Spagna Metro）”或“MAXXI 现代艺术博物馆”（室内恒温，建筑极具设计感，设多处休息长椅）。

---

## 第 3 天：梵蒂冈艺术巡礼与市井烟火
> 清晨探秘宗教艺术巅峰，午后深入本地市集采购伴手礼，优雅收尾旅程

**上午**
- 梵蒂冈博物馆（Musei Vaticani）& 圣彼得大教堂（Basilica di San Pietro）
  - 简介：博物馆藏有拉斐尔画室、西斯廷教堂天顶画；大教堂为文艺复兴建筑巅峰，内部平坦开阔。
  - 参考票价：博物馆 €20（含西斯廷教堂，老人€16，需官网提前2个月预约）；大教堂免费（登顶€10，老人不建议爬楼梯）
  - 建议游览时长：2.5小时
  - 小贴士：预约最早时段（08:00-08:30）；博物馆内“Pinecone Courtyard”旁设电梯直达顶层，避开3层楼梯；重点看西斯廷教堂后原路折返至大教堂，路线最短。

> 🚇 **前往下一站**：步行约 10 分钟（沿 Via della Conciliazione 直行，路面宽阔平整，两侧有遮阳棚与长椅）/ 打车约 €7–9（5分钟）

**午餐推荐**
- Osteria delle Anime — 梵蒂冈周边安静意餐，人均约 €30–35
  - 推荐菜品：Lasagna alla Bolognese、Grilled Sea Bass
  - 家庭友好：非旅游区喧嚣带，环境安静；座椅带腰托，服务员可提供温开水，适合老人肠胃

> 🚇 **前往下一站**：公交 64 路 / 492 路 从 Vaticano 站 → Largo Argentina 站（约 15 分钟，€1.5/人）/ 打车约 €10–12（12分钟）

**下午**
- 鲜花广场市集（Campo de' Fiori）& 纳沃纳广场（Piazza Navona）
  - 简介：上午为生鲜市集，下午转为香料、奶酪、手工意面与橄榄油摊位；纳沃纳广场有贝尔尼尼四河喷泉，周边咖啡馆林立。
  - 参考票价：免费（购物按实际消费，橄榄油/松露酱约€8-15/瓶）
  - 建议游览时长：1.5小时
  - 小贴士：市集摊位密集但主通道平坦；建议购买真空包装食品（可登机）；纳沃纳广场的“Giolitti”冰淇淋店有软座区，可买杯 Cappuccino 休息。

> 🚇 **前往下一站**：步行约 5 分钟至 Piazza Navona 北侧，打车至 Prati 区约 €8–10（8分钟）/ 公交 64 路直达（约 10 分钟）

**晚餐推荐**
- Il Sorpasso — 普拉蒂区现代罗马菜，人均约 €35–40
  - 推荐菜品：Truffle Risotto、Roman-style Pizza（薄底脆边）
  - 家庭友好：环境现代优雅，隔音好，不嘈杂；提供无麸质/低盐选项，对长辈饮食友好

> 🚇 **前往下一站**：步行约 8 分钟至 Lungotevere 台伯河畔步道，夜间微风拂面，路灯柔和 / 体力不佳可直接打车回酒店（€6–8）

**晚上**
- 台伯河畔夜景散步（Lungotevere）
  - 简介：平坦步道无台阶，可远眺圣天使桥与古堡，适合全家轻松收尾。
  - 安全提示：步道照明完善，但建议21:00前结束，避开河边偏僻段。

> 💡 备选：若梵蒂冈排队过长或长辈疲惫，上午可改乘“Roma Open Tour 双层观光巴士”（€28/人，含耳机导览，随时上下，老人免爬楼梯）；下午若遇雨，可替换为“博尔盖塞美术馆（Galleria Borghese）”（室内恒温，需严格预约，2小时限流，设电梯）。

---

## 住宿建议
| 区域 | 推荐酒店/类型 | 价格区间（中档） | 适合人群与优势 |
|------|---------------|------------------|----------------|
| **Termini 火车站周边** | 三星/四星连锁（如 Hotel Artemide, NH Roma Termini） | €90–130/晚 | 交通枢纽，地铁A/B线交汇，去各景点均<20分钟；周边药店、超市齐全，适合带老人家庭快速补给 |
| **Prati / 梵蒂冈北侧** | 精品设计酒店（如 Hotel Alimandi Vaticano） | €110–150/晚 | 街区安静安全，步行至梵蒂冈/圣天使堡<15分钟；餐厅多为本地人光顾，无游客区喧嚣，适合注重休息质量的家庭 |
| **Monti 区（斗兽场旁）** | 家庭式公寓/四星（如 Hotel Capo d'Africa） | €120–160/晚 | 文艺复古街区，步行至古迹10分钟；周边多家庭友好型餐厅，公寓含小厨房可热牛奶/煮粥，极适老人 |

> 💡 预订提示：中预算建议选含早餐酒店，罗马早餐通常含现烤面包、咖啡与鲜榨果汁，可节省上午找餐厅时间；优先选择带电梯、24小时前台、无障碍客房的酒店。

---

## 预算参考（4人，3天，中等预算估算）
| 项目 | 预估费用（人民币）|
|------|-----------------|
| 国际往返机票（4人）| ¥20,000–28,000（经济舱参考，视出发地与提前预订时间浮动） |
| 当地交通（地铁/公交/打车）| ¥1,200（72小时通票+部分点对点打车，老人享折扣） |
| 住宿（3晚，中档四星/精品）| ¥5,400–6,600（€120–150/晚 × 3晚） |
| 餐饮（含早午晚+Gelato/咖啡）| ¥4,800（人均€30–40/餐 × 3天 × 4人） |
| 景点门票（含联票/预约）| ¥1,600（€18–20/人 × 核心景点 × 4人，老人享折扣） |
| 购物/其他（伴手礼/退税/小费）| ¥3,000–5,000（视实际消费浮动） |
| **合计** | **¥36,000–46,200** |
| **人均** | **¥9,000–11,550** |

> ⚠️ 机票价格受出发日期、舱位和购买时间影响较大，以上为参考区间，实际价格请以出行前实时查询为准。餐饮与购物按中等家庭消费估算，若选择米其林或设计师店将上浮。

---

## 实用信息
- **签证**：中国公民前往意大利需申请申根签证。建议提前2-3个月通过意大利签证中心官网（VFS Global）预约，提供行程单、酒店预订单、保险（保额≥€30,000）及资金证明。
- **货币**：欧元（€）。建议携带少量现金（€200-300/人）用于市集与小店，其余使用 Visa/Mastercard 信用卡；罗马大部分餐厅与商场支持非接触支付，Apple Pay/支付宝在部分旅游商户可用。
- **语言**：意大利语。常用短语：Buongiorno（早上好/您好）、Grazie（谢谢）、Dov'è il bagno?（洗手间在哪？）、Un caffè, per favore（请给我一杯咖啡）。
- **气候**：春秋（5月/10月）15-25°C，早晚微凉需薄外套；夏季>30°C需防晒+补水，冬季5-12°C需防风大衣。雨天石板路易滑，建议为老人备防滑平底鞋与轻便折叠伞；午后阵雨多发时，灵活切换室内博物馆或拱廊街。
- **紧急联系**：报警/急救 112 / 118；中国驻意大利大使馆领事保护电话：+39-06-96524200；旅游警察热线 06-46861。建议将酒店地址、行程单打印一份随身携带，手机存离线地图。"
S0387,standard,我想去罗马玩3天，和家人一起，我们喜欢美食、购物，预算中等，有老人。,巴黎,5,中,自然,2,5093,agent,271.05,# 罗马 3日行程 · 家庭慢游（含长者）  ## 行程概览 本行程专为家庭长者设计，以“低强度步行、高频休息、无障碍优先”为核心节奏，深度串联古罗马遗迹、梵蒂冈艺术与意式生活美学。结合美食探店与舒适购物动线，避开正午拥挤时段，确保长者在轻松氛围中感受永恒之城的魅力。假设出行季节为5月或10月（罗马最佳气候期），日均气温15-24°C，早晚微凉，偶有阵雨，行程已内置雨天室内替代方案。  ---  ## 第 1 天：帝国遗迹与老城漫步 > 避开人潮的清晨入场，以平缓动线开启古罗马文明初探  **上午** - 罗马斗兽场 & 古罗马广场 (Piazza del Colosseo)   - 简介：古,"# 罗马 3日行程 · 家庭慢游（含长者）

## 行程概览
本行程专为家庭长者设计，以“低强度步行、高频休息、无障碍优先”为核心节奏，深度串联古罗马遗迹、梵蒂冈艺术与意式生活美学。结合美食探店与舒适购物动线，避开正午拥挤时段，确保长者在轻松氛围中感受永恒之城的魅力。假设出行季节为5月或10月（罗马最佳气候期），日均气温15-24°C，早晚微凉，偶有阵雨，行程已内置雨天室内替代方案。

---

## 第 1 天：帝国遗迹与老城漫步
> 避开人潮的清晨入场，以平缓动线开启古罗马文明初探

**上午**
- 罗马斗兽场 & 古罗马广场 (Piazza del Colosseo)
  - 简介：古罗马帝国标志性建筑群，内部环形看台与地下结构震撼。
  - 参考票价：成人 €18（含广场/帕拉蒂尼山），65岁以上非欧盟公民全价，欧盟公民€2；建议官网提前预约早场。
  - 建议游览时长：1.5 小时（长者仅游览地面平层区域，避免攀爬帕拉蒂尼山）
  - 小贴士：斗兽场侧门设有无障碍电梯；预约码含快速通道；现场可租借免费轮椅。

> 🚇 **前往下一站**：打车约 €8–10（5分钟）直达餐厅，避免长者步行换乘地铁；若体力允许可步行约 15 分钟（平坦石板路）。

**午餐推荐**
- Armando al Pantheon — 传统罗马菜/百年老店，人均约 €45
  - 推荐菜品：Carbonara（培根蛋酱意面）、Coda alla Vaccinara（慢炖牛尾）
  - 环境说明：木质装潢温馨，座椅带软垫，提供无障碍卫生间，需提前2周官网订座。

> 🚇 **前往下一站**：步行约 8 分钟（沿途有遮阳棚与长椅）至万神殿。

**下午**
- 万神殿 (Piazza della Rotonda) & 威尼斯广场 (Piazza Venezia)
  - 简介：保存最完好的古罗马神庙，穹顶无柱支撑；威尼斯广场为城市交通枢纽与地标。
  - 参考票价：万神殿需官网预约时段，预约费 €5（免费入场）；维托里亚诺纪念堂电梯 €12。
  - 建议游览时长：1.5 小时（万神殿40分钟 + 广场观景1小时）
  - 小贴士：万神殿内部无台阶，地面平整；威尼斯广场建议乘坐电梯直达顶层观景台（€12，有直梯），避免爬台阶。

> 🚇 **前往下一站**：步行约 10 分钟至特莱维喷泉方向，或乘坐公交 64 路（约 15 分钟，€1.5）至特拉斯提弗列区。

**晚餐推荐**
- Da Enzo al 29 (Trastevere) — 地道家庭料理/市井烟火，人均约 €35
  - 推荐菜品：Supplì（炸米球）、Saltimbocca alla Romana（火腿鸡肉卷）
  - 环境说明：店面紧凑但氛围亲切，18:30前到店可免排队，提供靠墙软座。

**晚上**
- 特拉斯提弗列 (Trastevere) 鹅卵石街区漫步
  - 活动：饭后在橙色树影与暖黄路灯下闲逛，节奏极慢，适合消食与家庭合影。
  - 安全提示：石板路略滑，长者需穿防滑平底鞋；22:00后人流减少，建议尽早返回酒店。

> 💡 备选：若遇午后阵雨或长者疲劳，下午可改为前往威尼斯广场旁的“祖国祭坛”室内历史展厅（恒温、座椅充足），或提前回酒店午休。

---

## 第 2 天：梵蒂冈艺术与意式购物
> 艺术殿堂错峰入场 + 核心商圈轻松采买，兼顾精神享受与物质犒赏

**上午**
- 梵蒂冈博物馆 (Musei Vaticani) & 圣彼得大教堂
  - 简介：西斯廷教堂天顶画、古典雕塑长廊，天主教艺术巅峰。
  - 参考票价：成人 €17，65岁以上 €8；圣彼得大教堂免费（登顶 €10）。
  - 建议游览时长：2–2.5 小时（馆内每500米设休息长椅）
  - 小贴士：务必提前1个月官网预约 08:00 入场；馆内有无障碍路线（电梯直达西斯廷）；圣彼得大教堂安检较严，建议轻装。

> 🚇 **前往下一站**：步行约 5 分钟至 Prati 区商业街，或打车约 €10（3分钟）直达午餐点。

**午餐推荐**
- Bonci Pizzarium — 网红切片披萨/轻食简餐，人均约 €18
  - 推荐菜品：Patate e Mozzarella（土豆马苏里拉披萨）、Mortadella（意式火腿卷）
  - 环境说明：可外带至附近公园长椅或室内座位区食用，避开排队拥挤，适合长者歇脚用餐。

> 🚇 **前往下一站**：步行约 10 分钟至 Via del Corso 购物街起点，或地铁 A 线（Ottaviano站→Spagna站，2站，约6分钟，€1.5）。

**下午**
- Via del Corso 购物街 & 西班牙广场 (Piazza di Spagna) & 文艺复兴百货 (La Rinascente)
  - 简介：罗马核心商业动脉，汇聚快时尚、本土设计师与美妆品牌；百货顶楼可俯瞰全城。
  - 参考票价：免费逛街；百货内消费自理。
  - 建议游览时长：2 小时（重点逛文艺复兴百货1-3楼，内设空调休息区与咖啡厅）
  - 小贴士：西班牙广场台阶多（138级），长者仅在底部破船喷泉区拍照；百货每层均有无障碍电梯与洗手间。

> 🚇 **前往下一站**：步行约 5 分钟至 Via del Babuino 街，或打车约 €8（4分钟）至晚餐餐厅。

**晚餐推荐**
- Osteria del Sostegno — 精致现代意餐/米其林平替，人均约 €55
  - 推荐菜品：手工 Tagliatelle al Ragù（肉酱宽面）、Ossobuco（炖小牛膝）
  - 环境说明：桌距宽敞，灯光柔和，服务生可协助长者调整座椅高度，需预约。

**晚上**
- 纳沃纳广场 (Piazza Navona) 夜景与 Gelato 品鉴
  - 活动：观赏四河喷泉灯光秀，品尝 Giolitti 百年冰淇淋（推荐 Pistacchio 与 Stracciatella 口味）。
  - 安全提示：广场周边扒手较多，长者背包建议前置；21:00后灯光渐暗，建议结伴慢行。

> 💡 备选：若下午购物体力透支，可取消西班牙广场步行，改为直接前往博尔盖塞美术馆（室内恒温、强制限流2小时，极度适合长者慢赏）。

---

## 第 3 天：艺术典藏与美食收官
> 顶级雕塑真迹 + 百年老字号晚宴，以从容节奏圆满罗马之旅

**上午**
- 博尔盖塞美术馆 (Galleria Borghese)
  - 简介：贝尔尼尼《阿波罗与达芙妮》、卡拉瓦乔真迹，巴洛克艺术殿堂。
  - 参考票价：成人 €15（含强制预约费），65岁以上 €13。
  - 建议游览时长：2 小时（严格按预约时段入场，超时需离场）
  - 小贴士：必须提前2-3个月官网抢票；馆内地面平整、空调充足，每展厅设长椅；禁止携带大包。

> 🚇 **前往下一站**：步行约 10 分钟至 Flaminio 区，或乘坐公交 116 路（约 8 分钟，€1.5）至午餐点。

**午餐推荐**
- Pinsere Romana — 手工罗马披萨 (Pinsa)/创意轻食，人均约 €25
  - 推荐菜品：Pinsa con Burrata e Pomodorini（布拉塔番茄披萨）、Crudo di Mare（生海鲜拼盘）
  - 环境说明：原木桌椅宽敞明亮，提供靠背椅与温水服务，长者友好。

> 🚇 **前往下一站**：打车约 €10–12（12分钟）至人民广场周边，或公交返回。

**下午**
- 人民广场 (Piazza del Popolo) & Via Margutta 艺术古董街
  - 简介：广场开阔对称，双生教堂矗立；古董街布满画廊、陶器店与设计师买手店。
  - 参考票价：免费。
  - 建议游览时长：1.5 小时（沿街咖啡座随时可坐，节奏自定）
  - 小贴士：Via Margutta 为步行区，无机动车干扰；长者可在“Antico Caffè Greco”歇脚，体验18世纪咖啡馆文化。

> 🚇 **前往下一站**：步行约 5 分钟至 Via di Ripetta，或打车约 €8（5分钟）直达告别晚宴餐厅。

**晚餐推荐**
- Checchino dal 1887 — 百年老字号罗马菜/家族传承，人均约 €60
  - 推荐菜品：Rigatoni con la Pajata（传统罗马牛肠意面，可换经典 Amatriciana）、Carciofi alla Giudia（犹太式炸洋蓟）
  - 环境说明：红砖拱顶复古优雅，服务传统周到，提供无障碍通道与长者专属靠窗位。

**晚上**
- 酒店周边轻松散步 & 行李整理
  - 活动：在住宿街区安静街道享用一杯 Aperol Spritz，为次日返程做准备。
  - 安全提示：单人或长者晚间避免前往 Termini 火车站周边暗巷。

> 💡 备选：若老人体力允许且天气晴朗，下午可前往台伯河畔“奥勒良城墙步道”（平坦、林荫、无台阶），欣赏夕阳下的古墙与河景。

---

## 住宿建议
| 档次 | 推荐酒店/区域 | 价格区间（3晚/2间） | 优势与适老说明 |
|------|---------------|-------------------|----------------|
| 中档优选 | **Hotel Artemide**（四星级，Termini 枢纽旁） | ¥5,500–6,500 | 地铁A/B线交汇，直达所有景点；早餐丰盛含无麸质选项；提供无障碍客房与电梯直入大堂。 |
| 品质升级 | **Hotel Locarno**（四星，人民广场旁） | ¥6,800–7,800 | 庭院静谧避噪，步行10分钟至购物街；房间带小阳台，适合长者晨起喝意式咖啡。 |
| 经济替代 | **B&B Hotel Roma Termini**（三星，火车站步行5分钟） | ¥4,200–5,000 | 交通极便利，设施现代简约；前台可协助预约轮椅与无障碍出租车。 |

---

## 预算参考（4人家庭含1长者，3天，中预算估算）
| 项目 | 预估费用（人民币）|
|------|-----------------|
| 当地住宿（3晚，2间或家庭房）| ¥5,500–6,500 |
| 当地交通（地铁/公交/短途打车）| ¥800（含Roma Pass或单次票） |
| 餐饮（早午晚+咖啡/冰淇淋）| ¥4,500（人均€100/天，长者享折扣） |
| 景点门票（含预约费/长者优惠）| ¥1,200 |
| 购物/其他（伴手礼/应急/小费）| ¥3,000 |
| **合计** | **¥15,000–16,000** |
| **人均** | **¥3,750–4,000** |

> ⚠️ 机票价格受出发日期、舱位和购买时间影响较大，以上为参考区间，实际价格请以出行前实时查询为准。中预算策略以“公共交通+精选打车+预约制平价餐厅”为主，避开旺季溢价。

---

## 实用信息
- **签证**：中国公民需办理申根签证（意大利递签），提前3个月预约，准备行程单、酒店预订单、保险（保额≥€30,000）及财力证明。
- **货币**：欧元（EUR）。刷卡普及（Visa/Mastercard），建议随身备 €50–100 现金用于小摊、教堂捐款或小费。
- **语言**：意大利语为主，旅游区英语通用。常用短语：Grazie（谢谢）、Per favore（请）、Piano（慢/小心台阶）、Dov'è il bagno?（洗手间在哪？）
- **气候**：5月/10月为最佳出行季，日均15–24°C，日照充足但偶有阵雨。穿衣建议：透气长袖+薄风衣/针织开衫，**务必穿防滑软底步行鞋**。极端天气预案：遇高温（>30°C）将户外步行改为博物馆/百货；遇暴雨启用室内备选（如文艺复兴百货、梵蒂冈博物馆）。
- **紧急联系**：报警/急救 112（全欧通用）；医疗急救 118；中国驻意大利大使馆领事保护电话 +39-06-96524200。建议长者随身携带写有血型、过敏史、紧急联系人的多语言卡片。"
S0387,standard,我想去罗马玩3天，和家人一起，我们喜欢美食、购物，预算中等，有老人。,巴黎,5,中,自然,3,5644,agent,123.8,# 罗马 3日行程 · 家庭美食购物之旅（含长辈友好规划）  ## 行程概览 本行程专为带长辈的家庭设计，以“慢节奏、少步行、多休息”为核心，深度融合古罗马历史底蕴、地道意式美食与中档精品购物。假设出行月份为**10月**（罗马最宜人的秋季，均温15-23°C，日照充足但偶有阵雨），每日户外步行严格控制在单次≤30分钟，每1.5小时设置休憩点。雨天已内置博物馆/室内商场替代方案，餐饮优先选择安静舒适、提供软座与无障碍通道的家庭友好型餐厅。  ## 出发准备 （用户未提供出发城市，跳过航班/高铁信息。建议提前7-14天在线预订核心景点门票，罗马热门场馆现场排队通常超1.5小时，对长辈极不友好。）,"# 罗马 3日行程 · 家庭美食购物之旅（含长辈友好规划）

## 行程概览
本行程专为带长辈的家庭设计，以“慢节奏、少步行、多休息”为核心，深度融合古罗马历史底蕴、地道意式美食与中档精品购物。假设出行月份为**10月**（罗马最宜人的秋季，均温15-23°C，日照充足但偶有阵雨），每日户外步行严格控制在单次≤30分钟，每1.5小时设置休憩点。雨天已内置博物馆/室内商场替代方案，餐饮优先选择安静舒适、提供软座与无障碍通道的家庭友好型餐厅。

## 出发准备
（用户未提供出发城市，跳过航班/高铁信息。建议提前7-14天在线预订核心景点门票，罗马热门场馆现场排队通常超1.5小时，对长辈极不友好。）

---

## 第 1 天：古罗马印记与意式慢食
> 避开正午暴晒，以无障碍路线漫步帝国遗迹，傍晚用经典罗马菜开启味蕾之旅

**上午**
- **斗兽场与古罗马广场（Colosseo & Foro Romano）**（Piazza del Colosseo, 1）
  - 简介：古罗马文明的地标，包含斗兽场内部、帕拉蒂尼山与古罗马广场遗迹。
  - 参考票价：全票€18（含斗兽场+广场+帕拉蒂尼山联票，7日内有效）；65岁以上欧盟长者€12，非欧盟同价但部分时段有优惠；18岁以下免费。
  - 建议游览时长：2小时
  - 小贴士：**务必官网预约10:00时段**避开人流。长辈请从`Via di San Gregorio`入口进入，该入口设有无障碍电梯直达斗兽场二层观景台。内部石板路较多，建议穿防滑软底鞋。
> 🚇 **前往午餐**：步行约 10 分钟（约 600 米，沿 Via di San Gregorio 向南转入 Via dei Fori Imperiali）/ 打车约 €8–10（5分钟）

**午餐推荐**
- **La Taverna dei Fori Imperiali** — 传统罗马家常菜，人均约 €25–35
  - 推荐菜品：Cacio e Pepe（黑胡椒奶酪意面）、Saltimbocca alla Romana（小牛肉配火腿鼠尾草）。环境为石板墙老宅，座位宽敞，提供儿童椅，需提前3天邮件预订。

**下午**
- **卡比托利欧博物馆（Musei Capitolini）**（Piazza del Campidoglio, 1）
  - 简介：世界最古老的公共博物馆，收藏《母狼育婴》《垂死的高卢人》等文艺复兴与古罗马雕塑真迹。
  - 参考票价：全票€16；65岁以上非欧盟长者同价，学生/青年优惠至€14。
  - 建议游览时长：1.5小时
  - 小贴士：室内恒温，完美避开午后高温或阵雨。馆内全楼层覆盖电梯，设有休息长椅。建议从米开朗基罗设计的阶梯右侧坡道进入，避免爬台阶。
> 🚇 **前往晚餐**：步行约 12 分钟（沿 Via del Corso 向西，途经威尼斯广场）/ 地铁 C 线 Colosseo 站 → H 线 Venezia 站（约 8 分钟，€1.50）

**晚餐推荐**
- **Roscioli Salumeria con Cucina** — 罗马顶级熟食餐厅，人均约 €40–55
  - 推荐菜品：Carbonara（传统蛋奶培根意面）、混合奶酪拼盘、提拉米苏。空间紧凑但氛围极佳，需提前2周官网抢位；若订满，可改至同街区平替 `Armando al Pantheon`（人均€30，同样需预约）。

**晚上**
- **台伯河畔慢走与酒店休整**（Lungotevere dei Vallati）
  - 沿河步道平坦，10月晚风微凉，适合饭后轻度消食。长辈建议20:30前返回酒店休息，避开夜间石板路湿滑风险。

> 💡 备选：**罗马国家博物馆（Palazzo Massimo）**——若遇大雨或长辈体力不佳，可替换下午户外行程。全室内空调，人少安静，重点看古罗马壁画与青铜像，门票€12，含电梯。

---

## 第 2 天：梵蒂冈艺术与特雷维商圈
> 艺术殿堂与时尚长廊交织，购物穿插于咖啡馆歇脚，节奏张弛有度

**上午**
- **梵蒂冈博物馆与西斯廷教堂（Musei Vaticani）**（Viale Vaticano）
  - 简介：文艺复兴艺术宝库，含拉斐尔画室、古典雕塑馆及米开朗基罗《创世纪》天顶画。
  - 参考票价：全票€20（含预约费）；65岁以上€14；18岁以下免费。
  - 建议游览时长：2.5小时
  - 小贴士：**必须官网提前1个月预约9:30或10:00时段**。入馆后沿右侧“无障碍通道（Percorso Accessibile）”标识走，馆内每500米设休息区。西斯廷教堂内严禁拍照与交谈。
> 🚇 **前往午餐**：地铁 A 线 Cipro 站 → Ottaviano 站（2站，约 4 分钟，€1.50）/ 步行约 8 分钟至 Risorgimento 广场

**午餐推荐**
- **L'Arcangelo** — 罗马老牌家庭餐厅，人均约 €25–30
  - 推荐菜品：Amatriciana（番茄培根意面）、烤洋蓟（季节性）、意式烤面包 Bruschetta。环境安静，服务员熟悉长者需求，提供靠背软椅与温水。

**下午**
- **Via del Corso 购物街 & Via Condotti 精品区**（Centro Storico）
  - 简介：罗马核心商业轴，Corso 街以 Zara、Massimo Dutti、意大利皮具中档品牌为主；Condotti 街汇聚 Gucci、Prada 等一线大牌及百年手工银器店。
  - 参考票价：免费逛街；退税门槛€155（单笔），凭护照办理。
  - 建议游览时长：2小时（含2次咖啡歇脚）
  - 小贴士：全程平坦石板路，每150米有咖啡馆或长椅。建议长辈在 `Caffè Greco`（Condotti 86）或 `Sant'Eustachio Il Caffè` 休息。购物可关注秋季折扣季（通常10月中下旬开启）。
> 🚇 **前往晚餐**：步行约 10 分钟（从 Piazza di Spagna 向南转入 Via del Tritone）/ 打车约 €7–9（5分钟，避开拥堵时段）

**晚餐推荐**
- **Checchino dal 1887** — 百年传统罗马菜，人均约 €35–45
  - 推荐菜品：Coda alla Vaccinara（牛尾炖菜，需提前说明去骨）、罗马式炸洋蓟。位于 Testaccio 区，安静不喧闹，有独立包间可选，长辈友好度极高。

**晚上**
- **特莱维喷泉（Trevi）与西班牙广场（Piazza di Spagna）夜景**
  - 20:00后灯光亮起，人流略减。建议仅在外围观景台停留，西班牙台阶较陡，长辈不建议攀登。投币祈福后沿平坦的 Via del Corso 返回。

> 💡 备选：**La Rinascente 百货公司（Tritone 店）**——若遇降雨或长辈不想继续步行，可转入该百货。顶层 Food Hall 集合多家罗马小吃档口（推荐 Supplì 和 Gelato），内设休息区与洗手间，购物+餐饮一站式解决。

---

## 第 3 天：市井烟火与博尔盖塞静谧
> 从早市烟火到美术馆珍藏，以轻松收尾，留出充足采购伴手礼时间

**上午**
- **鲜花广场早市（Campo de' Fiori） & 犹太区漫步（Ghetto Ebraico）**
  - 简介：早市7:00-13:00营业，售卖新鲜蔬果、奶酪、香料；犹太区为罗马最古老街区，保留着宁静氛围与独特罗马犹太菜系。
  - 参考票价：免费；市场内小吃约 €3–8/份。
  - 建议游览时长：1.5小时
  - 小贴士：早市地面湿滑，建议9:00后前往避开搬运高峰。犹太区 `Portico d'Ottavia` 周边有遮阳棚与石凳，适合长辈歇脚拍照。
> 🚇 **前往午餐**：步行约 5 分钟（沿 Via Arenula 向北转入 Via del Portico d'Ottavia）

**午餐推荐**
- **Nonna Betta** — 罗马犹太风味餐厅，人均约 €25–35
  - 推荐菜品：Carciofi alla Giudia（罗马式炸洋蓟，外酥内嫩）、Fritto Misto（混合炸海鲜/蔬菜）。餐厅设在一楼，无台阶，提供加高座椅，服务细致。

**下午**
- **博尔盖塞美术馆（Galleria Borghese）**（Piazzale Scipione Borghese, 5）
  - 简介：贝尔尼尼雕塑真迹与卡拉瓦乔画作集中地，被誉为“罗马最精致的艺术沙龙”。
  - 参考票价：全票€15（含强制预约费€2）；65岁以上€13。
  - 建议游览时长：2小时（严格分时段，不可超时）
  - 小贴士：**官网必须提前1-2个月锁定入场时段**。馆内全电梯，恒温恒湿。建议预约15:00-17:00场次，避开上午旅行团高峰。出口处有平缓坡道直达公园步道。
> 🚇 **前往晚餐**：公交 116 路 → Piazza di Spagna（约 10 分钟，€1.50）/ 打车约 €12–15（15分钟，跨区较远）

**晚餐推荐**
- **Trattoria Da Teo**（特拉斯提弗列区）— 地道家庭氛围餐厅，人均约 €25–30
  - 推荐菜品：Rigatoni con la Pajata（传统小牛肠意面，可换为普通肉酱）、烤猪肋排。木质装潢温馨，桌距宽敞，提供软垫座椅，需提前电话预订。

**晚上**
- **特拉斯提弗列（Trastevere）广场闲坐**（Piazza di Santa Maria）
  - 鹅卵石路面平坦，夜晚有街头手风琴演奏。推荐在广场边缘的长椅休息，感受罗马本地生活气息。21:00前结束行程，保障长辈休息。

> 💡 备选：**Eataly Roma**（Ostiense 区）——若遇暴雨或长辈不愿逛露天广场，可前往意大利最大美食超市。室内宽敞，集合各地特产、餐厅与咖啡吧，适合最后集中采购松露酱、意面、葡萄酒等伴手礼，全程室内无障碍。

---

## 住宿建议
按中等预算与长辈需求，推荐以下 2 个区域/酒店：
1. **Monti 区（推荐：Hotel Palazzo Manfredi 或 中档平替 Hotel Capo d'Africa）**
   - 位置优势：紧邻斗兽场与地铁 C 线，步行至古遗址与餐厅均在15分钟内，坡道少。
   - 价格区间：三星/四星 €120–180/晚
   - 适合度：家庭/长辈友好，周边安静，电梯齐全，部分房型带阳台可远眺古迹。
2. **Prati 区（推荐：Hotel dei Consoli 或 中档平替 Starhotels Michelangelo）**
   - 位置优势：靠近梵蒂冈与地铁 A 线，街道宽阔平坦，超市与药店密集，治安极佳。
   - 价格区间：三星 €90–140/晚
   - 适合度：特别适合带长辈家庭，步行至景点少，餐饮选择多且价格透明，无障碍设施完善。

## 预算参考（4人家庭，3天，中等预算估算）
| 项目 | 预估费用（人民币）|
|------|-----------------|
| 当地交通（地铁/公交/短途打车）| ¥800（含 Roma Pass 2日卡 €28/人 + 零散打车） |
| 住宿（2晚，2间房）| ¥4,200（€500–600/晚 × 2，中档酒店） |
| 餐饮（含午餐/晚餐/咖啡小吃）| ¥2,800（€35/人/餐 × 6餐 × 4人，含小费） |
| 景点门票（含预约费）| ¥1,100（€16–20/人 × 3大馆，含长者优惠） |
| 购物/伴手礼/其他 | ¥1,500（丰俭由人，预留弹性） |
| **合计** | **¥10,400** |
| **人均** | **¥2,600** |
> ⚠️ 机票价格受出发日期、舱位和购买时间影响较大，以上为参考区间，实际价格请以出行前实时查询为准。罗马部分热门餐厅需支付10%服务费，账单已含；景点联票（Roma Pass）可免排队进入首2个场馆并免费乘坐公交。

## 实用信息
- **签证**：中国公民需办理申根签证（意大利递签），建议提前2-3个月预约。可通过 VFS Global 官网提交材料，需覆盖行程的医疗保险。
- **货币**：欧元（EUR）。建议携带少量现金（€50–100/天零用），罗马90%商户支持 Visa/Mastercard/Apple Pay。ATM 遍布地铁站与商圈。
- **语言**：意大利语。英语在旅游区通用。常用短语：`Grazie`（谢谢）、`Dov'è il bagno?`（洗手间在哪？）、`Un tavolo per quattro, per favore`（四人桌，谢谢）。
- **气候**：10月均温15-23°C，早晚凉、中午暖。建议“洋葱式穿搭”：薄毛衣/风衣+长裤+舒适防滑鞋。随身带折叠伞应对阵雨；若遇高温日（>28°C），将户外活动移至9:00前或17:00后，中午安排博物馆/室内购物。
- **紧急联系**：报警 112 / 急救 118 / 火警 115。中国驻意大利大使馆领事保护电话：+39-06-96524200。罗马地铁/公交系统偶有罢工，建议出行前 24 小时查看 ATAC 官网或下载 `Moovit` App 获取实时替代路线。"
B0134,boundary,我想去巴黎玩7天，和爱人一起，我们喜欢历史，预算比较宽裕，有老人。,东京,7,高,文化,1,8997,agent,634.49,"# 巴黎 7日行程 · 情侣携长辈历史人文之旅  ## 行程概览 这是一趟专为历史爱好者与长辈舒适度量身定制的深度人文之旅。行程以“慢节奏、重体验、无障碍”为核心，避开拥挤时段与陡坡路段，串联卢浮宫、凡尔赛宫、荣军院、玛莱区等承载法国千年历史的标志性场所。假设出行时间为**5月**（巴黎最佳旅行季之一，日均气温12-22°C，偶有阵雨），整体节奏舒缓，每日步行控制在舒适范围内，穿插塞纳河游船、米其林级历史餐厅与私密导览，兼顾长辈的体力需求与伴侣的浪漫氛围。  ## 出发准备 （未提供出发地与具体日期，暂跳过航班查询。建议提前30-45天预订直飞航班，经济舱参考价¥6,000-9,000/人，商","# 巴黎 7日行程 · 情侣携长辈历史人文之旅

## 行程概览
这是一趟专为历史爱好者与长辈舒适度量身定制的深度人文之旅。行程以“慢节奏、重体验、无障碍”为核心，避开拥挤时段与陡坡路段，串联卢浮宫、凡尔赛宫、荣军院、玛莱区等承载法国千年历史的标志性场所。假设出行时间为**5月**（巴黎最佳旅行季之一，日均气温12-22°C，偶有阵雨），整体节奏舒缓，每日步行控制在舒适范围内，穿插塞纳河游船、米其林级历史餐厅与私密导览，兼顾长辈的体力需求与伴侣的浪漫氛围。

## 出发准备
（未提供出发地与具体日期，暂跳过航班查询。建议提前30-45天预订直飞航班，经济舱参考价¥6,000-9,000/人，商务舱¥18,000-25,000/人。抵达后建议预订巴黎戴高乐机场至酒店的专车接机，避免地铁换乘劳累。）

---

## 第 1 天：塞纳河畔初遇与法式慢生活
> 抵达巴黎，以舒缓的河畔漫步与全景游船开启历史与浪漫的序章。

**上午**
- 酒店入住与休整（建议选择1区或8区靠近地铁站的无障碍客房）
  - 简介：调整时差，整理行李，熟悉周边步行环境
  - 参考票价：免费
  - 建议游览时长：1-1.5小时
  - 小贴士：提前联系酒店确认无障碍坡道、电梯及安静楼层；5月早晚微凉，备薄外套与折叠伞。

> 🚇 **前往下一站**：步行约5分钟至酒店附近法式咖啡馆 / 或乘坐出租车约¥15-20（5分钟）

**午餐推荐**
- Café de Flore（花神咖啡馆）— 百年文学历史咖啡馆，人均约 ¥250-350
  - 推荐菜品：经典法式三明治Croque Monsieur、热巧克力、法式洋葱汤
  - 适老提示：室内座位宽敞，提供软垫座椅，历史氛围浓厚，适合长辈歇脚

> 🚇 **前往下一站**：步行约8分钟至塞纳河码头（沿Saint-Germain-des-Prés林荫道缓行）

**下午**
- 塞纳河观光游船（Bateaux Parisiens 或 Vedettes de Paris）
  - 简介：全程约1小时，沿岸途经卢浮宫、奥赛博物馆、巴黎圣母院旧址、埃菲尔铁塔，配有中法英多语历史讲解
  - 参考票价：成人 ¥130 / 65岁以上长者享优惠约 ¥110 / 儿童免费（需证件）
  - 建议游览时长：1-1.5小时
  - 小贴士：选择顶层露天+室内双层船，长辈可优先预订室内靠窗位避风；避开12:00-14:00高峰，建议15:30班次

> 🚇 **前往下一站**：游船终点码头步行至酒店（约10分钟）或打车 ¥15（3分钟）

**晚餐推荐**
- Le Relais de l'Entrecôte — 历史悠久的牛排薯条专门店，人均约 ¥200-280
  - 推荐菜品：秘制黄油牛排+无限续薯条、经典红酒炖牛肉
  - 适老提示：环境明亮，上菜快，无需复杂点单，适合旅途首日恢复体力

**晚上**
- 酒店周边轻散步与早睡调整（单人/长辈建议21:00前返回，避免夜间偏僻街道）

> 💡 备选：**卢森堡公园**——若抵达较早且天气晴好，可前往平坦步道与法式喷泉区休憩，园内长椅众多，适合长辈慢走。

---

## 第 2 天：卢浮宫艺术史与杜乐丽花园
> 穿越古埃及至19世纪法兰西，以VIP通道避开人潮，专注历史脉络。

**上午**
- 卢浮宫博物馆（Musée du Louvre）
  - 简介：世界最大艺术博物馆，聚焦古埃及文明、希腊罗马雕塑与法国宫廷绘画历史
  - 参考票价：成人 ¥140 / 65岁以上长者免票（需带护照）/ 欧盟学生免费
  - 建议游览时长：2.5小时（精选路线：黎塞留通道→古埃及馆→古希腊罗马馆→德农翼《蒙娜丽莎》《拿破仑加冕》）
  - 小贴士：**务必预约Carrousel du Louvre地下入口**（避开金字塔长队），馆内全电梯覆盖；建议租用官方中文语音导览或预订2小时私人历史向导；每40分钟安排长椅休息

> 🚇 **前往下一站**：地铁1号线 Tuileries站 → 步行约3分钟至餐厅 / 或打车 ¥15（5分钟）

**午餐推荐**
- Café Marly — 卢浮宫拱廊下的历史景观餐厅，人均约 ¥280-380
  - 推荐菜品：尼斯沙拉、鸭胸肉配樱桃酱、法式柠檬挞
  - 适老提示：露台正对金字塔，室内安静，提供无障碍洗手间与软座

> 🚇 **前往下一站**：步行约5分钟进入杜乐丽花园

**下午**
- 杜乐丽花园（Jardin des Tuileries）与协和广场（Place de la Concorde）
  - 简介：路易十四时期皇家园林，轴线直通协和广场（法国大革命断头台原址）
  - 参考票价：免费
  - 建议游览时长：1.5小时
  - 小贴士：园内全为平坦碎石/草坪步道，沿途设多处古典长椅与遮阳凉亭；可租电动代步车（约¥50/小时）减轻长辈步行压力

> 🚇 **前往下一站**：步行约10分钟至餐厅 / 或打车 ¥15（4分钟）

**晚餐推荐**
- Le Grand Véfour — 拿破仑与雨果曾光顾的百年宫廷餐厅（需提前1个月预订），人均约 ¥800-1,200
  - 推荐菜品：黑松露鹅肝、烤布列塔尼龙虾、历史复刻甜点
  - 适老提示：服务极为周到，可提前说明长辈饮食禁忌，环境私密浪漫

**晚上**
- 酒店休息或观看巴黎歌剧院（Palais Garnier）外景灯光秀（内部参观留至第5天备选）

> 💡 备选：**装饰艺术博物馆（Musée des Arts Décoratifs）**——若下午体力下降，可转入该馆室内，避开户外步行，欣赏法国皇家家具与服饰史。

---

## 第 3 天：中世纪巴黎与左岸人文
> 深入玛莱区与西岱岛，触摸巴黎千年城邦与宗教权力中心。

**上午**
- 玛莱历史街区（Le Marais）与卡纳瓦莱博物馆（Musée Carnavalet）
  - 简介：巴黎最古老街区之一，博物馆免费且完整呈现从罗马时期至现代的城市演变
  - 参考票价：博物馆免费（需官网预约时段）/ 街区漫步免费
  - 建议游览时长：2小时
  - 小贴士：博物馆全馆无障碍电梯，语音导览含中文；避开Rue des Rosiers拥挤段，改走孚日广场（Place des Vosges）红砖拱廊平坦区

> 🚇 **前往下一站**：步行约15分钟至餐厅 / 或打车 ¥20（6分钟）

**午餐推荐**
- L'As du Fallafel 周边高端替代：Breizh Café Marais — 现代法式可丽饼餐厅，人均约 ¥180-250
  - 推荐菜品：咸味荞麦可丽饼（火腿奶酪/烟熏三文鱼）、苹果酒（无酒精版可供长辈）
  - 适老提示：座位宽敞，提供高脚椅与儿童餐，历史街区氛围浓郁

> 🚇 **前往下一站**：步行约10分钟至西岱岛 / 或打车 ¥18（5分钟）

**下午**
- 西岱岛：巴黎古监狱（Conciergerie）与圣礼拜堂（Sainte-Chapelle）
  - 简介：古监狱为法国大革命关押地（含玛丽·安托瓦内特牢房复原）；圣礼拜堂以15米高彩窗闻名
  - 参考票价：联票成人 ¥160 / 65岁以上 ¥120
  - 建议游览时长：1.5-2小时
  - 小贴士：古监狱底层平坦，牢房区有缓坡；圣礼拜堂上层彩窗需爬窄楼梯，**建议长辈仅参观一楼中殿**（同样震撼且免爬楼），联票可现场申请无障碍通道

> 🚇 **前往下一站**：步行约8分钟至左岸餐厅 / 或打车 ¥15（4分钟）

**晚餐推荐**
- Le Procope — 巴黎最古老餐厅（1686年开业），伏尔泰、卢梭、富兰克林曾在此辩论，人均约 ¥350-450
  - 推荐菜品：红酒炖鸡Coq au Vin、法式蜗牛、拿破仑千层酥
  - 适老提示：木质装潢隔音良好，侍者熟悉长者服务流程，可预订靠墙安静卡座

**晚上**
- 塞纳河左岸夜读散步（沿Saint-Michel河岸平坦步道缓行20分钟）

> 💡 备选：**先贤祠（Panthéon）**——若对法国思想史感兴趣，可替换下午行程，馆内电梯直达墓室，伏尔泰、雨果长眠于此，适合历史爱好者。

---

## 第 4 天：凡尔赛宫皇家历史（专车专线）
> 穿越波旁王朝鼎盛时期，以高尔夫球车与无障碍动线化解庞大园区步行压力。

**上午**
- 凡尔赛宫（Château de Versailles）主殿参观
  - 简介：路易十四权力象征，镜厅、战争厅、国王寝宫完整保留17-18世纪宫廷原貌
  - 参考票价：通票成人 ¥180 / 65岁以上 ¥130（含主殿+花园，小特里亚农另计）
  - 建议游览时长：2.5小时
  - 小贴士：**务必预约“镜厅优先通道”**；主殿全馆有电梯；建议租用馆内轮椅（免费）或预订VIP导览避开排队；重点参观国王套房与镜厅后及时出殿休息

> 🚇 **前往下一站**：步行约5分钟至宫内La Flottille餐厅

**午餐推荐**
- La Flottille de Versailles — 凡尔赛宫花园湖畔景观餐厅，人均约 ¥220-300
  - 推荐菜品：法式海鲜拼盘、烤春鸡、季节蔬菜沙拉
  - 适老提示：户外露台可遮阳避雨，室内有空调与无障碍洗手间，环境开阔安静

> 🚇 **前往下一站**：步行约3分钟至花园小火车/高尔夫球车租赁点

**下午**
- 凡尔赛花园与小特里亚农宫（Petit Trianon）
  - 简介：法式古典园林巅峰，玛丽·安托瓦内特私人庄园
  - 参考票价：花园免费（通票已含）/ 电动高尔夫球车租赁约 ¥350/2小时
  - 建议游览时长：2小时
  - 小贴士：**强烈建议租高尔夫球车**（可坐2大1小，配遮阳篷），沿主轴缓行；避开喷泉表演日（周末）拥挤时段；小特里亚农有电梯与坡道

> 🚇 **前往下一站**：专车接回巴黎酒店（约1小时车程，¥600-800含等待）

**晚餐推荐**
- Hôtel Plaza Athénée 内 Alain Ducasse au Plaza Athénée（或同级别历史酒店餐厅），人均约 ¥1,200-1,800
  - 推荐菜品：鱼子酱、慢烤和牛、法式清汤
  - 适老提示：米其林三星，服务极致，可提前定制软烂适口菜单

**晚上**
- 酒店SPA放松或阳台品酒，缓解一日车程疲劳

> 💡 备选：**尚蒂伊城堡（Château de Chantilly）**——若长辈对马术与中世纪手稿感兴趣，可替换凡尔赛，车程相近且人流更少，馆内无障碍完善。

---

## 第 5 天：印象派历史与蒙马特艺术高地
> 从19世纪工业变革到波西米亚画派，以缆车与平坦路线化解高地坡度。

**上午**
- 奥赛博物馆（Musée d'Orsay）
  - 简介：由旧火车站改建，聚焦1848-1914年法国历史与印象派崛起
  - 参考票价：成人 ¥130 / 65岁以上免票
  - 建议游览时长：2小时
  - 小贴士：馆内全电梯覆盖，5层中央大厅视野极佳；重点看莫奈、梵高、雷诺阿真迹；建议9:00开门即入，避开10:30后团队客流

> 🚇 **前往下一站**：地铁12号线 Abbesses站 → 步行约5分钟至餐厅 / 或打车 ¥25（8分钟）

**午餐推荐**
- Le Consulat — 蒙马特经典露台餐厅（心形广场旁），人均约 ¥200-280
  - 推荐菜品：法式洋葱汤、红酒炖牛肉、焦糖布丁
  - 适老提示：室内有暖气/空调，露台提供毛毯，台阶可绕行侧门电梯入口

> 🚇 **前往下一站**：步行约3分钟至蒙马特缆车（Funiculaire）

**下午**
- 蒙马特高地：圣心堂（Sacré-Cœur）与蒙马特博物馆
  - 简介：巴黎制高点与艺术家摇篮，博物馆藏有雷诺阿工作室原址
  - 参考票价：圣心堂免费 / 蒙马特博物馆成人 ¥100 / 长者优惠 ¥70
  - 建议游览时长：2小时
  - 小贴士：**务必乘坐缆车（Funiculaire）上山**（地铁票通用，免爬200级台阶）；圣心堂内部台阶较多，建议仅参观底层与外部观景台；蒙马特博物馆全馆平坦，含无障碍电梯

> 🚇 **前往下一站**：步行约10分钟下山至餐厅 / 或打车 ¥20（5分钟）

**晚餐推荐**
- Le Moulin de la Galette — 历史风车餐厅（雷诺阿名画取景地），人均约 ¥350-450
  - 推荐菜品：传统法式烤鸡、红酒烩蘑菇、苹果塔
  - 适老提示：百年木质结构，隔音佳，可预订一楼无台阶包厢

**晚上**
- 红磨坊（Moulin Rouge）外围夜景打卡或预订室内秀（提前1个月购票，选VIP包厢座，舒适不拥挤）

> 💡 备选：**加尼叶歌剧院内部导览**——若长辈对攀登高地不适，可改乘地铁至Opera站，参观19世纪钢铁与大理石建筑史，全馆电梯直达包厢层。

---

## 第 6 天：拿破仑帝国史与铁塔浪漫夜
> 聚焦法兰西第一帝国军事荣耀，以VIP通道登顶铁塔， завершить 历史与浪漫的交响。

**上午**
- 荣军院与拿破仑墓（Hôtel des Invalides）
  - 简介：法国军事史核心，穹顶下安葬拿破仑一世，陆军博物馆藏有百年武器与战旗
  - 参考票价：成人 ¥140 / 65岁以上 ¥100 / 含穹顶+博物馆
  - 建议游览时长：2小时
  - 小贴士：穹顶墓室有电梯直达；馆内长椅密集；重点看拿破仑加冕剑、滑铁卢战旗与二战解放巴黎展区

> 🚇 **前往下一站**：步行约12分钟至餐厅 / 或打车 ¥18（4分钟）

**午餐推荐**
- Café de l'Homme — 夏乐宫露台餐厅，正对铁塔，人均约 ¥400-550
  - 推荐菜品：尼斯金枪鱼沙拉、香煎海鲈鱼、法式马卡龙拼盘
  - 适老提示：全景观位需提前预订，室内有软座与无障碍通道，侍者可提供靠垫

> 🚇 **前往下一站**：步行约10分钟至埃菲尔铁塔2号电梯入口

**下午**
- 埃菲尔铁塔（Tour Eiffel）
  - 简介：1889年世博会地标，工业革命钢铁工程奇迹
  - 参考票价：顶层电梯成人 ¥220 / 65岁以上优惠 ¥180（官网实名预约）
  - 建议游览时长：1.5-2小时
  - 小贴士：**务必官网提前30-60天预约“电梯至顶层”时段**，避开10:00-14:00；铁塔全电梯运行，二层平台设无障碍洗手间；建议16:00左右登塔，兼顾日间全景与日落暖光

> 🚇 **前往下一站**：步行约3分钟至铁塔1楼餐厅入口

**晚餐推荐**
- Madame Brasserie（铁塔1楼）— 由名厨Thierry Marx主理的历史景观餐厅，人均约 ¥600-800
  - 推荐菜品：法式清炖牛肉、烤春鸡、巧克力熔岩蛋糕
  - 适老提示：无需二次安检排队，直达1楼；落地窗全景，座椅舒适，服务节奏舒缓

**晚上**
- 战神广场（Champ de Mars）草坪静坐观铁塔整点闪灯（21:00/22:00各5分钟），随后专车返回酒店

> 💡 备选：**罗丹博物馆（Musée Rodin）**——若铁塔排队或天气不佳，可改至该馆，花园平坦、室内展厅有电梯，《思想者》《地狱之门》真迹在此，历史与艺术交融。

---

## 第 7 天：百年商业史与告别巴黎
> 漫步文学咖啡馆与历史百货，以法式慢节奏收尾七日人文之旅。

**上午**
- 花神/双叟咖啡馆（Café de Flore / Les Deux Magots）与圣日耳曼区漫步
  - 简介：20世纪存在主义文学发源地，萨特、波伏娃常驻于此
  - 参考票价：免费参观 / 咖啡甜点约 ¥60-80
  - 建议游览时长：1.5小时
  - 小贴士：9:00前抵达可避开长队；户外座位备毛毯；地面平整，适合长辈缓行拍照

> 🚇 **前往下一站**：地铁4号线 Saint-Germain-des-Prés站 → 9号线 Chaussée d'Antin站，步行约3分钟

**午餐推荐**
- Bouillon Chartier（Grands Boulevards店）— 1896年开业的工人阶级历史食堂，人均约 ¥120-160
  - 推荐菜品：法式蜗牛、红酒炖牛肚、传统法式炖菜
  - 适老提示：原木长桌复古氛围，上菜极快；虽无电梯，但一楼座位宽敞，侍者热情协助

> 🚇 **前往下一站**：步行约5分钟至老佛爷百货

**下午**
- 老佛爷百货奥斯曼店（Galeries Lafayette Haussmann）
  - 简介：1907年开业的新艺术运动建筑杰作，穹顶彩绘玻璃与历史长廊值得细品
  - 参考票价：免费 / 购物按个人预算
  - 建议游览时长：1.5小时
  - 小贴士：顶层露台免费俯瞰歌剧院与巴黎天际线；全馆电梯直达；可办理即时退税（需护照+信用卡）；避开周末下午高峰

> 🚇 **前往下一站**：酒店取行李 → 专车送至戴高乐机场（约45分钟，¥600-800）

**晚餐推荐**
- 机场贵宾室简餐或航班上享用（建议提前预订商务舱/优先通道，减少长辈安检排队）

**晚上**
- 返程航班

> 💡 备选：**巴黎下水道博物馆（Musée des Égouts de Paris）**——若对城市基建史感兴趣，可替换下午行程，地下通道平坦凉爽，展示19世纪巴黎卫生革命，适合小众历史迷。

---

## 住宿建议
| 预算档次 | 推荐区域/酒店 | 位置优势 | 适老/适情侣提示 | 参考价（/晚） |
|----------|---------------|----------|-----------------|---------------|
| 高预算（首选） | **Hôtel de Crillon, A Rosewood Hotel**（协和广场） | 1区核心，步行至卢浮宫/杜乐丽花园，地铁1/8号线交汇 | 全无障碍客房、管家服务、情侣可订套房带露台，长辈享静音楼层与SPA | ¥6,000-9,000 |
| 中高预算 | **Hôtel Particulier Montmartre**（蒙马特隐秘庄园） | 18区高地边缘，安静私密，近缆车站 | 独栋别墅式，庭院平坦无台阶，适合情侣浪漫与长辈休憩，含早餐 | ¥3,500-5,000 |
| 品质优选 | **Citadines Saint-Germain-des-Prés Paris**（左岸公寓式） | 6区文学区，近塞纳河与地铁4/10号线 | 厨房+客厅布局，长辈可灵活作息；步行至奥赛/先贤祠极近 | ¥2,500-3,800 |

---

## 预算参考（3人，7天，参考估算）
| 项目 | 预估费用（人民币）|
|------|-----------------|
| 国际往返机票（3人）| ¥24,000–35,000（经济舱参考，商务舱¥55,000+） |
| 当地交通（专车/地铁/打车）| ¥4,500–6,000（含机场接送、凡尔赛包车、日常舒适出行） |
| 住宿（6晚，高预算酒店）| ¥36,000–54,000（以¥6,000-9,000/晚计） |
| 餐饮（含2顿高端/5顿中端）| ¥18,000–25,000（人均¥2,500-3,500/天） |
| 景点门票（含VIP通道/长者优惠）| ¥3,500–4,500 |
| 购物/其他/小费 | ¥10,000–20,000（弹性区间） |
| **合计** | **¥96,000–144,500** |
| **人均** | **¥32,000–48,000** |

> ⚠️ 机票与酒店价格受出行日期、提前预订时间与舱位影响较大，以上为2024-2025年参考区间。建议提前45天锁定机票与热门餐厅/门票，实际支出请以实时查询为准。

---

## 实用信息
- **签证**：中国公民需申根签证。通过法国签证中心递交，建议提前60天预约。需准备行程单、酒店预订单、医疗保险（覆盖€30,000）及资金证明。
- **货币**：欧元（EUR）。建议携带少量现金（€200-300用于小费/市集），其余使用Visa/Mastercard或支付宝/微信（巴黎主流商圈已广泛支持）。免签退税需保留护照+原始小票，单笔满€100.01可退约12%。
- **语言**：法语为主。常用短语：Bonjour（你好）/ Merci（谢谢）/ Excusez-moi（打扰了）/ L'addition, s'il vous plaît（买单）。多数景点/餐厅提供英语服务，建议下载离线翻译APP。
- **气候**：5月日均12-22°C，早晚温差大，偶有阵雨。**穿衣建议**：薄外套+长袖内搭+舒适防滑步行鞋（必备）；随身带折叠伞。极端天气预案：若遇持续降雨，将户外行程（如杜乐丽、战神广场）替换为室内博物馆（奥赛、装饰艺术博物馆、下水道博物馆）。
- **紧急联系**：报警/急救 112 / 15；中国驻法国大使馆领事保护电话 +33-1-53758840；巴黎游客热线 +33-1-49524242（多语服务）。
- **适老特别提醒**：巴黎地铁部分老旧站无电梯，本行程已优先规划地面/电梯动线；建议携带轻便折叠凳；所有景点长者票需出示护照原件；避免在地铁高峰（8:00-9:30, 17:30-19:30）出行。"
B0134,boundary,我想去巴黎玩7天，和爱人一起，我们喜欢历史，预算比较宽裕，有老人。,东京,7,高,文化,2,8069,agent,254.76,# 巴黎 7日行程 · 历史浪漫双人伴老之旅  ## 行程概览 本行程专为历史爱好者、夫妻与长者同行设计，以“慢节奏、深体验、高舒适度”为核心。5月巴黎气候宜人（均温12-22°C，偶有阵雨），行程巧妙串联卢浮宫、凡尔赛宫、荣军院与玛黑区等历史地标，搭配私密导览与免排队VIP服务，兼顾长者体力与夫妻浪漫诉求。每日步行控制在2.5公里内，每1小时安排一次室内休憩，雨天已全面内置博物馆与室内文化空间替代方案。  ## 出发准备 （用户未提供出发地，此节跳过。建议提前30天预约所有热门场馆的“免排队+轮椅/电梯通道”票证；为长者准备折叠便携凳、轻便保暖外套与防滑软底鞋。）  ---  ## 第 1 ,"# 巴黎 7日行程 · 历史浪漫双人伴老之旅

## 行程概览
本行程专为历史爱好者、夫妻与长者同行设计，以“慢节奏、深体验、高舒适度”为核心。5月巴黎气候宜人（均温12-22°C，偶有阵雨），行程巧妙串联卢浮宫、凡尔赛宫、荣军院与玛黑区等历史地标，搭配私密导览与免排队VIP服务，兼顾长者体力与夫妻浪漫诉求。每日步行控制在2.5公里内，每1小时安排一次室内休憩，雨天已全面内置博物馆与室内文化空间替代方案。

## 出发准备
（用户未提供出发地，此节跳过。建议提前30天预约所有热门场馆的“免排队+轮椅/电梯通道”票证；为长者准备折叠便携凳、轻便保暖外套与防滑软底鞋。）

---

## 第 1 天：初抵花都，塞纳河畔的历史初印象
> 塞纳河的风吹过千年石桥，在舒缓的游船中开启法兰西的历史长卷。

**上午**
- 抵达巴黎，入住酒店（推荐第1区或第8区），办理入住并稍作休整
  - 简介：避开早高峰，在酒店大堂享用欢迎茶饮，适应时差
  - 参考票价：含在住宿内
  - 建议游览时长：1.5小时（含休息）
  - 小贴士：前台可代为预约全周私人历史导览；长者建议优先使用电梯楼层

> 🚇 **前往下一站**：酒店专属礼宾车接送 → 步行2分钟至餐厅（约5分钟，免费）

**午餐推荐**
- Le Fumoir — 经典法式小馆/新派法餐，人均约 ¥450
  - 推荐菜品：法式洋葱汤、香煎海鲈鱼（口感软嫩，适合长者）；提供无障碍座位与儿童椅
  - 贴士：临窗位可眺望卢浮宫玻璃金字塔，历史与现代交融

> 🚇 **前往下一站**：步行约8分钟至塞纳河码头 / 酒店专车接送约10分钟，¥0-50

**下午**
- 塞纳河历史游船（Bateaux Parisiens 或私人包舱）
  - 简介：专业历史学者随船讲解沿岸建筑变迁（巴黎圣母院、奥赛、埃菲尔铁塔等），平稳航道适合长者
  - 参考票价：VIP包舱约 ¥1,200/人（含香槟）；普通舱 ¥280/人
  - 建议游览时长：1.5小时
  - 小贴士：选择带全封闭玻璃舱的班次，防风防雨；码头设有无障碍坡道与电梯

> 🚇 **前往下一站**：游船终点步行约10分钟至餐厅 / 专车接送约8分钟，¥40-60

**晚餐推荐**
- Les Ombres（Musée du Quai Branly顶层）— 现代法餐/全景景观，人均约 ¥650
  - 推荐菜品：鸭胸配樱桃酱、黑松露烩饭（质地绵软）；露台位直面埃菲尔铁塔，日落极美
  - 贴士：需提前30天预订；餐厅全程无障碍，电梯直达

**晚上**
- 酒店顶层露台或房内享用定制欢迎甜品，早休倒时差
> 💡 备选：若首日航班延误或遇大雨，可改至 **巴黎历史博物馆（Musée Carnavalet）**（免费/常设展），室内动线平缓，系统梳理巴黎从中世纪到大革命的历史脉络。

---

## 第 2 天：王权与艺术的巅峰（卢浮宫+杜乐丽）
> 穿越玻璃金字塔，在拿破仑的寝宫与古典雕塑间触摸法兰西的帝国脉搏。

**上午**
- 卢浮宫（Musée du Louvre）VIP私密导览
  - 简介：避开主入口拥挤人群，从Carrousel商场电梯直达；重点参观拿破仑三世套房、古埃及馆与希腊雕塑（断臂维纳斯）
  - 参考票价：VIP导览+免排队门票约 ¥1,100/人；普通成人票 ¥140/人（65岁以上欧盟居民免费，中国长者需购票）
  - 建议游览时长：2.5小时（含中途休息）
  - 小贴士：馆内每层均设电梯与休息长椅；建议租用馆方折叠轮椅（免费）；历史讲解员可定制“王权与艺术”主题路线

> 🚇 **前往下一站**：馆内电梯直达地下通道 → 步行5分钟至餐厅 / 专车接送约8分钟，¥30-45

**午餐推荐**
- Café Marly — 法式简餐/景观餐厅，人均约 ¥380
  - 推荐菜品：尼斯沙拉、法式炖牛肉（软烂入味）；露台直面金字塔，历史氛围浓厚
  - 贴士：提供长者友好座椅与靠垫；建议提前订位

> 🚇 **前往下一站**：步行约6分钟进入杜乐丽花园（平坦林荫道）

**下午**
- 杜乐丽花园（Jardin des Tuileries）+ 橘园美术馆（Musée de l'Orangerie）
  - 简介：花园为法式古典园林，长椅众多；橘园内莫奈《睡莲》环形展厅提供极佳休息环境
  - 参考票价：花园免费；橘园门票 ¥120/人（含语音导览）
  - 建议游览时长：1.5小时
  - 小贴士：橘园地下展厅恒温，雨天极佳；馆内电梯直达；花园每200米设休息点

> 🚇 **前往下一站**：花园步行约10分钟至餐厅 / 专车接送约10分钟，¥40-60

**晚餐推荐**
- Le Meurice（Alain Ducasse）— 米其林二星/宫廷风法餐，人均约 ¥1,200
  - 推荐菜品：布雷斯鸡、黑松露意面；环境奢华私密，服务细致入微
  - 贴士：需提前1-2个月预订；餐厅提供无障碍通道与专属侍酒师

**晚上**
- 酒店内双人SPA（推荐法式草本理疗），缓解首日步行疲劳
> 💡 备选：若遇暴雨或长者体力下降，下午可替换为 **巴黎装饰艺术博物馆（Musée des Arts Décoratifs）**（位于卢浮宫侧翼，室内动线极佳，展品涵盖法国宫廷生活史）。

---

## 第 3 天：中世纪信仰与左岸文脉
> 彩绘玻璃折射出哥特时代的信仰之光，拉丁区的石板路回荡着雨果的文学回音。

**上午**
- 西岱岛历史漫步：巴黎圣母院外部广场 → 圣礼拜堂（Sainte-Chapelle）
  - 简介：圣母院修复中可参观外部与考古地窖；圣礼拜堂拥有15面13世纪巨型彩绘玻璃，讲述圣经历史
  - 参考票价：地窖 ¥70/人；圣礼拜堂 ¥130/人
  - 建议游览时长：1.5小时
  - 小贴士：圣母院广场平坦，适合长者；圣礼拜堂楼梯较陡，馆方提供侧边电梯入口（需向工作人员示意）

> 🚇 **前往下一站**：步行约12分钟至拉丁区餐厅 / 专车接送约8分钟，¥35-50

**午餐推荐**
- Le Procope — 历史最悠久的巴黎咖啡馆（1686年开业），人均约 ¥320
  - 推荐菜品：法式牛肉红酒炖、传统鹅肝酱；内部保留18世纪装潢，伏尔泰、卢梭曾光顾
  - 贴士：提供无障碍入口；环境安静，适合长者交谈

> 🚇 **前往下一站**：步行约8分钟至先贤祠

**下午**
- 先贤祠（Panthéon）→ 卢森堡公园（Jardin du Luxembourg）
  - 简介：先贤祠安葬雨果、居里夫人等历史巨擘，穹顶壁画震撼；公园内设法式古典雕塑与长椅，节奏舒缓
  - 参考票价：先贤祠 ¥110/人；公园免费
  - 建议游览时长：1.5小时
  - 小贴士：先贤祠有电梯直达地窖与穹顶观景台；公园中央草坪周边设多处休息区，可租老式木椅静坐

> 🚇 **前往下一站**：公园步行约10分钟至餐厅 / 专车接送约10分钟，¥40-60

**晚餐推荐**
- Septime — 米其林一星/新派法式小酒馆，人均约 ¥750
  - 推荐菜品：当季海鲜拼盘、慢炖小牛膝；氛围轻松浪漫，适合夫妻
  - 贴士：需提前1个月抢订；餐厅空间紧凑但动线合理，提供高脚椅

**晚上**
- 莎士比亚书店外夜景漫步 → 附近清吧小酌（如 Le Mary Celeste）
> 💡 备选：若遇大雨，下午可替换为 **克吕尼中世纪博物馆（Musée de Cluny）**（室内恒温，珍藏《贵妇与独角兽》挂毯，全面展示中世纪巴黎生活史）。

---

## 第 4 天：帝国荣光与军事历史（荣军院+奥赛）
> 从拿破仑的长眠之地到印象派的破茧时刻，法兰西的历史在金石与画布间流转。

**上午**
- 荣军院（Les Invalides）与拿破仑墓
  - 简介：军事博物馆陈列法国历代兵器与战史；红色圆顶教堂内安葬拿破仑一世
  - 参考票价：联票 ¥160/人（含博物馆与圆顶教堂）
  - 建议游览时长：2小时
  - 小贴士：全程电梯可达各展厅；圆顶教堂内部台阶较少，长者友好；建议租用语音导览

> 🚇 **前往下一站**：专车接送约15分钟至餐厅 / 地铁10号线→Cluny-La Sorbonne站转乘步行约8分钟，¥4-8

**午餐推荐**
- L'Atelier de Joël Robuchon（左岸店）— 米其林星级/开放式厨房法餐，人均约 ¥850
  - 推荐菜品：招牌马铃薯泥、黑鳕鱼配鱼子酱；吧台位可近距离观看主厨操作
  - 贴士：提供长者专属软座；环境优雅，适合历史爱好者慢享

> 🚇 **前往下一站**：步行约10分钟至奥赛博物馆

**下午**
- 奥赛博物馆（Musée d'Orsay）
  - 简介：由旧火车站改建，收藏19世纪艺术史巅峰作品（莫奈、梵高、雷诺阿）
  - 参考票价：¥140/人（65岁以上非欧盟居民同价）
  - 建议游览时长：2小时
  - 小贴士：馆内每层设电梯与休息区；钟楼观景台视野极佳，可俯瞰塞纳河；建议预约15:00后入场避开人流

> 🚇 **前往下一站**：步行约12分钟至塞纳河右岸餐厅 / 专车接送约10分钟，¥40-60

**晚餐推荐**
- Le Jules Verne（埃菲尔铁塔二层）— 米其林一星/高空景观法餐，人均约 ¥1,100
  - 推荐菜品：鹅肝冻糕、龙虾配香草；落地窗直面战神广场，日落极浪漫
  - 小贴士：需提前2-3个月预订；专属电梯直达餐厅，无需排队登塔

**晚上**
- 战神广场（Champ de Mars）缓步远观铁塔亮灯（整点闪烁5分钟）
> 💡 备选：若长者对军事史兴趣一般或遇雨，下午可延长奥赛游览，或前往 **罗丹美术馆（Musée Rodin）**（室内展厅+雕塑花园，提供轮椅通道，环境清幽）。

---

## 第 5 天：凡尔赛宫的奢华与历史
> 镜厅的璀璨折射出太阳王的野心，法式园林的轴线丈量着绝对王权的尺度。

**上午**
- 凡尔赛宫（Château de Versailles）VIP通道+私人历史导览
  - 简介：重点参观国王寝宫、王后套间、镜厅与战争画廊；导览聚焦路易十四至大革命历史
  - 参考票价：VIP门票+导览约 ¥900/人；普通门票 ¥150/人（花园另计）
  - 建议游览时长：2.5小时
  - 小贴士：全程提供电梯/坡道；避开周末；建议租用馆方电动代步车（长者免费/陪同半价）

> 🚇 **前往下一站**：宫殿内步行约5分钟至宫内餐厅 / 专车接送约3分钟，¥0

**午餐推荐**
- Ore – Ducasse au Château de Versailles — 高级法餐，人均约 ¥600
  - 推荐菜品：法式清汤、烤乳鸽；位于宫殿侧翼，历史氛围沉浸
  - 贴士：需随门票一并预约；餐厅提供长者友好座位与安静包间

> 🚇 **前往下一站**：步行约10分钟至花园入口

**下午**
- 凡尔赛花园 + 小特里亚农宫（Petit Trianon）
  - 简介：古典法式园林，轴线对称；小特里亚农为玛丽·安托瓦内特居所，展现洛可可风格
  - 参考票价：花园联票 ¥180/人（含音乐喷泉日）；小火车代步 ¥30/人
  - 建议游览时长：2小时
  - 小贴士：花园面积大，强烈建议乘坐观光小火车或租高尔夫球车；长椅密集；雨天取消花园，专注室内

> 🚇 **前往下一站**：专车接回巴黎酒店约35分钟，¥200-300（包车）

**晚餐推荐**
- Guy Savoy（La Monnaie de Paris）— 米其林三星/顶级法餐，人均约 ¥1,500
  - 推荐菜品：黑松露洋蓟汤、和牛配陈年香醋；服务堪称法式餐饮天花板
  - 贴士：需提前2个月预订；餐厅位于巴黎造币厂旧址，历史底蕴深厚

**晚上**
- 酒店休息，整理历史笔记与照片
> 💡 备选：若遇大雨，下午花园行程取消，返回巴黎参观 **玛黑区（Le Marais）历史建筑群**（室内参观雨果故居与巴黎市立历史博物馆）。

---

## 第 6 天：蒙马特高地与波西米亚历史
> 缆车缓缓攀升，圣心堂的白石俯瞰着19世纪画家、诗人与革命者的足迹。

**上午**
- 蒙马特高地：圣心堂（Sacré-Cœur）+ 艺术家广场
  - 简介：白色拜占庭风格教堂，内部马赛克壁画震撼；小丘广场保留露天画家传统
  - 参考票价：教堂免费；内部登顶 ¥90/人（可选）
  - 建议游览时长：1.5小时
  - 小贴士：强烈建议乘坐缆车（Funiculaire）上山，避免长阶梯；教堂内电梯直达；长椅充足

> 🚇 **前往下一站**：缆车下山步行约8分钟至餐厅 / 专车接送约10分钟，¥40-60

**午餐推荐**
- Le Moulin de la Galette — 历史名店/传统法餐，人均约 ¥400
  - 推荐菜品：法式苹果塔、红酒炖鸡；雷诺阿曾在此作画，保留19世纪装潢
  - 贴士：提供长者软座与无障碍入口；建议避开正午高峰

> 🚇 **前往下一站**：专车接送约15分钟至歌剧院

**下午**
- 巴黎歌剧院（Palais Garnier）内部导览 → 老佛爷百货（Galeries Lafayette）顶层观景
  - 简介：歌剧院金碧辉煌，建筑史与《歌剧魅影》灵感地；老佛爷穹顶免费，可俯瞰奥斯曼建筑全景
  - 参考票价：歌剧院导览 ¥140/人；老佛爷免费
  - 建议游览时长：2小时
  - 小贴士：歌剧院全程电梯直达各楼层；老佛爷顶层有休息区；雨天极佳替代

> 🚇 **前往下一站**：步行约10分钟至餐厅 / 专车接送约8分钟，¥30-45

**晚餐推荐**
- L'Ambroisie（孚日广场）— 米其林三星/古典法餐，人均约 ¥1,600
  - 推荐菜品：酥皮龙虾汤、焦糖布丁；17世纪贵族宅邸改建，历史感极强
  - 贴士：需提前3个月预订；餐厅安静私密，适合夫妻纪念日

**晚上**
- 塞纳河私人包船夜游（1.5小时，含香槟）
> 💡 备选：若长者对歌剧兴趣一般或遇雨，下午可替换为 **巴黎大皇宫（Grand Palais）**（临时特展多，室内空间宏大，动线平缓）。

---

## 第 7 天：慢调收官与历史回响
> 在孚日广场的拱廊下告别，将法兰西的岁月沉香装入行囊。

**上午**
- 孚日广场（Place des Vosges）+ 雨果故居（Maison de Victor Hugo）
  - 简介：巴黎最古老皇家广场，红砖拱廊环绕；雨果故居展示《悲惨世界》手稿与流亡历史
  - 参考票价：广场免费；故居 ¥90/人
  - 建议游览时长：1.5小时
  - 小贴士：广场全平坦，长椅密集；故居一楼电梯可达，二楼需少量台阶（长者建议在一楼展厅参观）

> 🚇 **前往下一站**：步行约12分钟至餐厅 / 专车接送约10分钟，¥40-60

**午餐推荐**
- Breizh Café — 高端可丽饼/布列塔尼风味，人均约 ¥280
  - 推荐菜品：荞麦咸可丽饼配火腿奶酪、苹果酒；轻松历史街区氛围
  - 贴士：提供长者友好座位；环境明亮安静

> 🚇 **前往下一站**：步行约15分钟至古董书店街 / 专车接送约10分钟，¥30-45

**下午**
- 玛黑区（Le Marais）古董书店与历史建筑漫步 → 酒店整理行李
  - 简介：漫步圣保罗街、玫瑰街，探访中世纪木筋屋与17世纪贵族府邸；可选购历史画册、古地图
  - 参考票价：免费（购物自理）
  - 建议游览时长：1.5小时
  - 小贴士：街区平坦，适合长者；每300米设咖啡馆休息点；雨天可转入室内古董市集（Village Royal）

> 🚇 **前往下一站**：专车送往机场（约45分钟，¥250-350）

**晚餐推荐**
- 机场贵宾厅简餐或告别轻食（如 Paul 法式面包店），避免肠胃负担影响航班

**晚上**
- 启程返国
> 💡 备选：若航班较晚，下午可前往 **蓬皮杜中心（Centre Pompidou）**（现代建筑史与当代艺术，室内全电梯，雨天完美）。

---

## 住宿建议
| 酒店名称 | 区域/价格区间（晚） | 位置与人群适配 |
|----------|-------------------|----------------|
| **Hôtel de Crillon（瑰丽）** | 协和广场/第8区 · ¥8,000-12,000 | 18世纪历史建筑改建，步行至卢浮宫/杜乐丽；全无障碍设计，管家服务，极适夫妻+长者高预算 |
| **Le Meurice** | 杜乐丽花园旁/第1区 · ¥6,500-9,500 | 直面花园与卢浮宫，内部保留拿破仑三世装潢；提供长者专属楼层与静音房，浪漫且历史感浓厚 |
| **Maison Souquet** | 蒙马特附近/第9区 · ¥3,500-5,500 | 精品设计酒店，19世纪风月场所改建；私密性强，适合夫妻；电梯直达各层，步行至歌剧院便捷 |

## 预算参考（3人，7天，参考估算）
| 项目 | 预估费用（人民币）|
|------|-----------------|
| 国际往返机票（3人）| ¥18,000–¥25,000（经济舱参考，节假日/商务舱上浮50%-100%） |
| 当地交通（专车+地铁）| ¥3,500（凡尔赛/机场包车+日常地铁/打车） |
| 住宿（6晚）| ¥36,000–¥54,000（按中高档酒店均价） |
| 餐饮（含3顿米其林）| ¥21,000–¥28,000 |
| 景点门票+VIP导览| ¥8,500–¥10,000（含凡尔赛/卢浮宫/奥赛等免排队+私人讲解） |
| 购物/其他（SPA/纪念品）| ¥8,000–¥12,000 |
| **合计** | **¥95,000–¥137,500** |
| **人均** | **¥31,600–¥45,800** |

> ⚠️ 机票价格受出发日期、舱位和购买时间影响较大，以上为参考区间，实际价格请以出行前实时查询为准。高预算行程建议提前60-90天锁定酒店与米其林餐厅档期。

## 实用信息
- **签证**：中国公民需提前办理申根签证（法国为主访国），建议通过TLScontact或中智签证递交，预留3-4周审理时间。
- **货币**：欧元（EUR）。建议携带少量现金（€200/人）备小额支付，主流商户均支持Visa/Mastercard/银联，手机支付（Apple Pay/支付宝）覆盖率超80%。
- **语言**：法语为主，旅游区英语普及率高。常用短语：Bonjour（你好）/ Merci（谢谢）/ Excusez-moi（打扰一下）。
- **气候**：5月均温12-22°C，早晚偏凉，偶有阵雨。穿衣建议：轻薄风衣/针织开衫+舒适软底鞋。极端天气预案：每日行程已内置雨天室内替代（博物馆/室内市集/画廊），随身备折叠伞。
- **紧急联系**：报警 17 / 急救 15 / 火警 18；中国驻法国大使馆领事保护电话：+33-1-44053080。巴黎地铁部分老站无电梯，建议长者优先使用无障碍站点或预约专车。"
B0134,boundary,我想去巴黎玩7天，和爱人一起，我们喜欢历史，预算比较宽裕，有老人。,东京,7,高,文化,3,7291,agent,955.37,# 巴黎 7日行程 · 情侣携长辈历史深度游  ## 行程概览 这是一趟专为历史爱好者与长辈设计的慢节奏深度人文之旅。行程以巴黎中世纪至近代的皇室与艺术历史为主线，穿插塞纳河游船、米其林私宴与高端定制体验，兼顾浪漫氛围与长辈舒适度。假设出行月份为**5月**（巴黎最佳旅游季，均温 12-20°C，日照渐长，偶有阵雨），整体节奏宽松：每日步行控制在 1.5 小时内，景点间优先专车接驳，预留充足午休时间，雨天灵活切换至室内博物馆或历史画廊。  ---  ## 第 1 天：塞纳河畔初识与铁塔浪漫 > 抵达巴黎，以舒缓的河上巡游开启历史与浪漫的交织  **上午** - 巴黎戴高乐机场抵达 & 专车接机,"# 巴黎 7日行程 · 情侣携长辈历史深度游

## 行程概览
这是一趟专为历史爱好者与长辈设计的慢节奏深度人文之旅。行程以巴黎中世纪至近代的皇室与艺术历史为主线，穿插塞纳河游船、米其林私宴与高端定制体验，兼顾浪漫氛围与长辈舒适度。假设出行月份为**5月**（巴黎最佳旅游季，均温 12-20°C，日照渐长，偶有阵雨），整体节奏宽松：每日步行控制在 1.5 小时内，景点间优先专车接驳，预留充足午休时间，雨天灵活切换至室内博物馆或历史画廊。

---

## 第 1 天：塞纳河畔初识与铁塔浪漫
> 抵达巴黎，以舒缓的河上巡游开启历史与浪漫的交织

**上午**
- 巴黎戴高乐机场抵达 & 专车接机入住（建议入住第7区或第8区五星酒店）
  - 简介：办理入住后充分休息，缓解时差，适应城市节奏。
  - 参考票价：专车接机 ¥1,500–2,000/车
  - 建议游览时长：2小时（含交通与休息）
  - 小贴士：酒店优先选择配备电梯、无障碍通道及安静内庭的房型，方便老人安顿。

> 🚇 **前往午餐**：酒店专车/步行至餐厅（约 15 分钟，¥0–100）

**午餐推荐**
- Le Café Marly — 经典法式小酒馆，人均约 ¥400
  - 推荐菜品：法式洋葱汤、牛排薯条、苹果塔。环境安静，提供软座与无障碍坡道，长辈友好。

**下午**
- 塞纳河历史巡游（Bateaux Parisiens 或私人包船）
  - 简介：沿河穿行，途经亚历山大三世桥、奥赛博物馆、巴黎古监狱等历史地标，配备中文语音导览，了解巴黎建城史。
  - 参考票价：普通票 ¥200/人，私人包船 ¥8,000–12,000/船
  - 建议游览时长：1.5小时
  - 小贴士：选择带玻璃顶棚的游船舱位，防风防雨；甲板风大，建议老人穿防风外套。

> 🚇 **前往晚餐**：埃菲尔铁塔二层直达电梯/步行（约 10 分钟，¥0）

**晚餐推荐**
- Le Jules Verne — 埃菲尔铁塔上米其林一星，人均约 ¥1,800
  - 推荐菜品：主厨品鉴套餐（含布列塔尼龙虾、和牛）。需提前2个月预约，窗边位可俯瞰战神广场日落，极具浪漫氛围。

**晚上**
- 战神广场夜景漫步 & 酒店休息
  - 整点铁塔闪灯（5分钟），在广场长椅静观，避免拥挤。长辈可提前回房，情侣可留影。

> 💡 备选：若遇大风或降雨，下午巡游替换为**巴黎城市规划馆（Cité de l'Architecture）**，室内恒温，展示巴黎建筑演变史，电梯直达各层。

---

## 第 2 天：卢浮宫镇馆之宝与皇家园林
> 穿越法国王室收藏史，在艺术殿堂中放慢脚步

**上午**
- 卢浮宫博物馆（VIP免排队通道）
  - 简介：世界最大艺术博物馆，聚焦《汉谟拉比法典》、古希腊雕塑及法国王室油画。预约专属中文历史讲师，避开人流高峰。
  - 参考票价：VIP导览含门票 ¥1,200/人（儿童/65岁以上老人半价或免费）
  - 建议游览时长：3小时（重点看德农馆与叙利馆）
  - 小贴士：馆内多处电梯与无障碍卫生间；建议租用折叠轮椅备用，避免长时间站立。

> 🚇 **前往午餐**：步行穿过杜乐丽花园至餐厅（约 12 分钟，¥0）

**午餐推荐**
- Angelina Paris（Rue de Rivoli店） — 百年历史茶室，人均约 ¥250
  - 推荐菜品：热巧克力、蒙布朗蛋糕、轻食三明治。提供高脚椅与安静角落，适合长辈歇脚。

**下午**
- 杜乐丽花园 & 协和广场历史漫步
  - 简介：从卢浮宫延伸至协和广场的皇家法式园林，沿途有喷泉雕塑与露天座椅。协和广场见证法国大革命断头台历史。
  - 参考票价：免费
  - 建议游览时长：1.5小时
  - 小贴士：花园内每200米设有长椅；5月阳光温和，建议戴遮阳帽。

> 🚇 **前往晚餐**：专车接送（约 15 分钟，¥150）

**晚餐推荐**
- Le Meurice Alain Ducasse — 米其林二星，人均约 ¥2,200
  - 推荐菜品：时令蔬菜艺术摆盘、布雷斯鸡。环境如凡尔赛宫般华丽，服务细致，提供轮椅通道。

**晚上**
- 香榭丽舍大街夜景轻步 & 酒店SPA
  - 避开周末拥挤时段，沿林荫道缓行30分钟后返回。推荐预约双人芳香按摩，缓解首日疲劳。

> 💡 备选：若长辈体力欠佳，下午替换为**橘园博物馆（Musée de l'Orangerie）**，室内恒温，莫奈《睡莲》环形展厅需静坐观赏，极度舒缓。

---

## 第 3 天：凡尔赛宫皇室历史一日
> 走进波旁王朝的权力中心，感受法式宫廷的极致奢华

**上午**
- 凡尔赛宫（专车直达，预约优先入场）
  - 简介：路易十四至路易十六的权力象征，重点参观镜厅、国王寝宫与大特里亚农宫。了解法国大革命前夕的宫廷生活。
  - 参考票价：通票 ¥200/人（含花园，音乐喷泉日+¥100），65岁以上老人优惠
  - 建议游览时长：3.5小时
  - 小贴士：宫内部分区域台阶较多，预约“无障碍路线”地图；镜厅上午10点前人流较少。

> 🚇 **前往午餐**：宫内步行/电瓶车至餐厅（约 10 分钟，¥0）

**午餐推荐**
- Ore - Ducasse au Château de Versailles — 宫殿内米其林级别法餐，人均约 ¥600
  - 推荐菜品：法式清汤、当季海鲜。环境私密安静，提供无障碍座位与儿童餐单。

**下午**
- 凡尔赛花园 & 玛丽王后农庄
  - 简介：法式几何园林典范，租用电瓶车代步游览大运河与海王星喷泉。农庄还原18世纪乡村生活。
  - 参考票价：电瓶车租赁 ¥150/小时
  - 建议游览时长：2小时
  - 小贴士：花园路面平坦但面积大，务必乘车；午后易晒，备好防晒。

> 🚇 **前往晚餐**：专车返回巴黎（约 40 分钟，¥300）

**晚餐推荐**
- L'Ambroisie（玛黑区） — 米其林三星，人均约 ¥3,000
  - 推荐菜品：黑松露煎蛋、朗德鸭。需提前3个月预订，氛围古典庄重，适合纪念日。

**晚上**
- 酒店休息或私人影院观影（播放法国历史纪录片《凡尔赛宫》）
  - 轻松收尾，为次日行程蓄力。

> 💡 备选：若遇暴雨或花园维护，下午替换为**巴黎军事博物馆（荣军院）**，室内展厅展示法国军事史与拿破仑陵墓，全程无障碍。

---

## 第 4 天：西岱岛千年起源与左岸人文
> 在巴黎发源地触摸中世纪信仰与左岸文人足迹

**上午**
- 巴黎圣母院（外观） & 圣礼拜堂（Sainte-Chapelle）
  - 简介：西岱岛为巴黎发源地，圣母院虽在修复中，但外观仍震撼。圣礼拜堂拥有1,113块13世纪彩绘玻璃，讲述圣经历史。
  - 参考票价：圣礼拜堂 ¥120/人，老人/学生半价
  - 建议游览时长：2小时
  - 小贴士：圣礼拜堂台阶较陡，内部有侧梯可缓行；建议9点开门即入，避开旅行团。

> 🚇 **前往午餐**：步行过桥至左岸（约 15 分钟，¥0）

**午餐推荐**
- Le Procope — 巴黎最古老餐厅（1686年），人均约 ¥350
  - 推荐菜品：法式红酒炖牛肉、鹅肝酱。伏尔泰、卢梭曾光顾，历史氛围浓厚，提供软垫座椅。

**下午**
- 先贤祠 & 卢森堡公园
  - 简介：先贤祠安葬雨果、居里夫人等法国伟人，穹顶建筑宏伟。随后在卢森堡公园法式草坪区休憩，欣赏美第奇喷泉。
  - 参考票价：先贤祠 ¥130/人，公园免费
  - 建议游览时长：2小时
  - 小贴士：先贤祠内部有电梯直达地下墓穴区；公园内多处长椅与遮阳棚。

> 🚇 **前往晚餐**：专车接送（约 10 分钟，¥120）

**晚餐推荐**
- L'Arpège — 米其林三星（蔬菜主题），人均约 ¥2,800
  - 推荐菜品：主厨菜园直送时蔬拼盘、烤乳鸽。环境极简高雅，适合追求健康饮食的长辈。

**晚上**
- 左岸爵士小馆（Le Baiser Salé）或酒店露台品酒
  - 若长辈喜静，可改为酒店内私人品酒师讲解波尔多历史名庄。

> 💡 备选：若下雨，下午替换为**巴黎古监狱（Conciergerie）**，室内参观大革命时期关押玛丽王后的牢房，历史沉浸感极强。

---

## 第 5 天：荣军院军事史与奥赛艺术殿堂
> 从拿破仑时代到印象派革命，读懂法国近代史

**上午**
- 荣军院（Hôtel des Invalides） & 拿破仑墓
  - 简介：路易十四为退伍军人所建，现含军事博物馆与拿破仑一世陵墓。红金穹顶与历史兵器展极具震撼力。
  - 参考票价：通票 ¥180/人，含穹顶与墓室
  - 建议游览时长：2.5小时
  - 小贴士：墓室位于穹顶正下方，需下台阶，但侧边有无障碍坡道；馆内空调充足，备薄外套。

> 🚇 **前往午餐**：步行至特罗卡德罗广场（约 15 分钟，¥0）

**午餐推荐**
- Café de l'Homme — 露台直面埃菲尔铁塔，人均约 ¥450
  - 推荐菜品：法式海鲜拼盘、松露意面。视野开阔，适合拍照，提供轮椅通道与安静包厢。

**下午**
- 奥赛博物馆（Musée d'Orsay）
  - 简介：由旧火车站改建，收藏1848-1914年艺术珍品，聚焦印象派与后印象派历史。电梯直达各层，动线平缓。
  - 参考票价：¥160/人，老人免费
  - 建议游览时长：2.5小时
  - 小贴士：避开11:00-14:00高峰；重点看梵高、莫奈、雷诺阿展厅；馆内咖啡座可中途休息。

> 🚇 **前往晚餐**：步行至里昂车站附近（约 8 分钟，¥0）

**晚餐推荐**
- Le Train Bleu — 历史火车站内的新艺术风格餐厅，人均约 ¥380
  - 推荐菜品：烤羊排、经典法式甜点。穹顶壁画与复古装潢如穿越1900年，氛围浪漫。

**晚上**
- 塞纳河私人钢琴游船（晚餐后时段）
  - 包下小型玻璃船，现场钢琴演奏配合两岸历史建筑灯光秀，专属浪漫体验。

> 💡 备选：若长辈对艺术兴趣减弱，下午替换为**巴黎下水道博物馆**，了解19世纪奥斯曼城市改造历史，全程室内且独特。

---

## 第 6 天：玛莱区中世纪漫步与定制SPA
> 穿梭犹太区与贵族府邸，体验法式慢生活与身心疗愈

**上午**
- 玛莱区历史漫步（孚日广场、雨果故居、巴黎历史博物馆）
  - 简介：巴黎保存最完好的中世纪街区，孚日广场为法国第一座皇家广场，雨果故居还原19世纪文人生活。
  - 参考票价：雨果故居 ¥80/人，博物馆常设展免费
  - 建议游览时长：2.5小时
  - 小贴士：石板路略颠簸，建议穿防滑软底鞋；街区多独立设计师店与画廊。

> 🚇 **前往午餐**：步行至街区中心（约 10 分钟，¥0）

**午餐推荐**
- Breizh Café（玛莱区店） — 高端可丽饼专门店，人均约 ¥200
  - 推荐菜品：荞麦咸可丽饼（火腿奶酪）、苹果酒。提供素食选项与无障碍入口，轻松不油腻。

**下午**
- 卡纳瓦雷博物馆（巴黎市立历史博物馆） & 双人高端SPA
  - 简介：免费参观，通过模型、画作与文物还原巴黎城市演变。随后前往**La Prairie 或 Sisley 酒店级SPA**，享受2小时全身理疗。
  - 参考票价：博物馆免费，SPA ¥3,000/双人
  - 建议游览时长：博物馆1.5小时 + SPA 2小时
  - 小贴士：SPA需提前预约，提供独立休息室与热茶，长辈极度放松。

> 🚇 **前往晚餐**：专车接送（约 20 分钟，¥200）

**晚餐推荐**
- Guy Savoy — 米其林三星（艺术桥畔），人均约 ¥3,200
  - 推荐菜品：黑松露洋蓟汤、烤龙虾。服务如宫廷礼仪，提供定制菜单与无障碍设施。

**晚上**
- 蒙田大街橱窗夜景 & 酒店休息
  - 避开周末人流，沿街缓行观赏高定品牌历史橱窗，随后返回酒店。

> 💡 备选：若遇降雨，上午替换为**犹太区文化体验（Pletzl）**，参观犹太教堂与历史面包房，品尝传统糕点，全程室内。

---

## 第 7 天：蒙马特高地与告别巴黎
> 在艺术家灵魂栖息地回顾旅程，满载历史记忆启程

**上午**
- 蒙马特高地 & 圣心堂（Basilique du Sacré-Cœur）
  - 简介：19世纪末印象派与立体派画家聚集地，圣心堂罗马-拜占庭风格白顶俯瞰全城。小丘广场保留露天画家传统。
  - 参考票价：圣心堂免费，画家肖像 ¥150/张
  - 建议游览时长：2小时
  - 小贴士：可乘坐**蒙马特缆车**上山（含在Navigo交通卡内），避免爬坡；教堂内保持安静。

> 🚇 **前往午餐**：步行下坡至餐厅（约 15 分钟，¥0）

**午餐推荐**
- La Maison Rose — 网红历史咖啡馆，人均约 ¥300
  - 推荐菜品：法式咸派、尼斯沙拉。粉色外墙极具辨识度，露台座位需早到，提供儿童椅与软垫。

**下午**
- 拉雪兹神父公墓（历史名人安息地） & VIP购物/机场送机
  - 简介：王尔德、肖邦、巴尔扎克长眠于此，墓碑雕塑如露天历史博物馆。随后专车前往机场，或安排老佛爷VIP导购（需提前预约免税与休息室）。
  - 参考票价：免费，VIP导购服务费 ¥500/小时
  - 建议游览时长：1.5小时
  - 小贴士：公墓面积大，入口索取中文地图；建议穿舒适鞋，避开雨天泥泞。

> 🚇 **前往晚餐**：专车至酒店/机场（约 40 分钟，¥300）

**晚餐推荐**
- Le Cinq（四季酒店乔治五世店） — 米其林三星，人均约 ¥3,500
  - 推荐菜品：鱼子酱、法式清炖汤。告别晚宴首选，环境奢华静谧，提供全程轮椅协助与定制纪念菜单。

**晚上**
- 专车送机，结束7日历史浪漫之旅
  - 建议提前3小时抵达戴高乐机场，预留退税与安检时间。

> 💡 备选：若航班较晚，下午替换为**巴黎歌剧院（加尼叶宫）**内部导览，欣赏《歌剧魅影》原型建筑，全程室内且震撼。

---

## 住宿建议
| 预算档次 | 推荐区域/酒店 | 优势与适合人群 |
|----------|---------------|----------------|
| 奢华型（¥6,000–12,000/晚） | **Le Meurice（第1区）** / **Four Seasons George V（第8区）** | 步行至卢浮宫/香街，配备无障碍电梯、24h礼宾、历史建筑底蕴，极度适合携长辈与情侣纪念日。 |
| 高端型（¥3,500–6,000/晚） | **Hôtel de Crillon（协和广场）** / **Relais Christine（左岸）** | 左岸安静内庭，近奥赛与先贤祠，提供家庭连通房与轮椅租赁服务，历史街区氛围浓厚。 |
| 舒适型（¥2,000–3,500/晚） | **Citadines Saint-Germain-des-Prés（公寓式）** | 带厨房与洗衣机，适合长辈作息；近地铁站，步行可达塞纳河，性价比高。 |

---

## 预算参考（3人，7天，参考估算）
| 项目 | 预估费用（人民币）|
|------|-----------------|
| 国际往返机票（3人）| ¥25,000–35,000（经济舱参考，宽裕可选商务舱¥60,000+） |
| 当地交通（专车+地铁/缆车）| ¥5,500（7天专车接驳+Navigo周卡） |
| 住宿（6晚）| ¥30,000–50,000（按高端五星双床/连通房计） |
| 餐饮（含3次三星米其林+日常法餐）| ¥28,000–35,000 |
| 景点门票（VIP导览+游船+SPA）| ¥12,000 |
| 购物/其他（纪念品/小费/保险）| ¥15,000 |
| **合计** | **¥115,500–167,000** |
| **人均** | **¥38,500–55,600** |

> ⚠️ 机票与酒店价格受出发日期、舱位和预订时间影响较大，以上为参考区间，实际价格请以出行前实时查询为准。米其林餐厅需提前1-3个月官网预约。

---

## 实用信息
- **签证**：中国公民需提前申请法国申根签证（C类），通过中智法签（TLScontact）预约，需提供行程单、酒店订单、旅行保险（保额≥3万欧元）及资金证明。
- **货币**：欧元（€）。建议携带少量现金（€200–300）备用，主流场所均支持Visa/Mastercard及Apple Pay，部分餐厅可刷银联。
- **语言**：法语为主，旅游区/酒店通用英语。常用短语：Bonjour（您好）, Merci（谢谢）, Excusez-moi（打扰了）, Où est l'ascenseur?（电梯在哪？）。
- **气候**：5月均温 12-20°C，早晚偏凉，偶有阵雨。建议穿搭：薄风衣/针织衫+长裤，舒适防滑步行鞋，随身折叠伞。若遇突发高温（>28°C），将户外行程移至博物馆或商场。
- **紧急联系**：报警/急救 112（欧盟通用）或 15（急救）/ 17（警察）。中国驻法国大使馆领事保护电话：+33-1-53758840。建议购买涵盖医疗转运与行程取消的高端旅行保险。"
E0022,edge,我想去伦敦玩3天，和朋友一起，我们喜欢文化，不太确定。,伦敦,3,不太确定,文化,1,5283,agent,140.45,# 伦敦 3日行程 · 朋友同行  ## 行程概览 专为热爱文化的年轻朋友设计，聚焦伦敦免费顶级博物馆、泰晤士南岸艺术长廊、西区戏剧与复古市集。行程节奏张弛有度，兼顾经典地标打卡与在地街区漫游，避开过度拥挤的纯游客路线。伦敦属温带海洋性气候，全年温和但天气多变、阵雨频繁（典型气温 10–20°C），本行程已内置雨天室内替代方案，建议采用“洋葱式”穿搭并随身携带轻便折叠伞，利用 Citymapper App 实时避开延误。  ---  ## 第 1 天：经典文化巡礼与泰晤士南岸 > 从人类文明宝库到河畔当代艺术，用脚步丈量伦敦的文化厚度  **上午** - 大英博物馆（British Museu,"# 伦敦 3日行程 · 朋友同行

## 行程概览
专为热爱文化的年轻朋友设计，聚焦伦敦免费顶级博物馆、泰晤士南岸艺术长廊、西区戏剧与复古市集。行程节奏张弛有度，兼顾经典地标打卡与在地街区漫游，避开过度拥挤的纯游客路线。伦敦属温带海洋性气候，全年温和但天气多变、阵雨频繁（典型气温 10–20°C），本行程已内置雨天室内替代方案，建议采用“洋葱式”穿搭并随身携带轻便折叠伞，利用 Citymapper App 实时避开延误。

---

## 第 1 天：经典文化巡礼与泰晤士南岸
> 从人类文明宝库到河畔当代艺术，用脚步丈量伦敦的文化厚度

**上午**
- 大英博物馆（British Museum）（Great Russell St, WC1B）
  - 简介：世界四大博物馆之一，馆藏跨越200万年人类历史，必看罗塞塔石碑、帕特农神庙雕塑与埃及木乃伊。
  - 参考票价：免费（特展需预约，约 £20 / 学生 £16）
  - 建议游览时长：3 小时
  - 小贴士：官网免费预约 10:00 前入场可避开人流高峰；入口在 Montague Place 侧排队较短；馆内提供无障碍电梯与轮椅租赁，全馆覆盖免费 Wi-Fi。

> 🚇 **前往午餐**：步行约 10 分钟 / 或乘地铁 Central/Piccadilly线 → Tottenham Court Road 站（约3分钟，£2.80）

**午餐推荐**
- Dishoom（Covent Garden） — 印度孟买复古风味，人均约 £25–30
  - 推荐菜品 / 点单建议：招牌黑扁豆咖喱（Black Daal）、烤饼拼盘、芒果拉西。店内装修为1920年代波斯咖啡馆风格，氛围热闹适合朋友聚餐，提供高脚椅与户外座。

> 🚇 **前往下一站**：步行穿过 Covent Garden 市集至泰晤士河南岸（约15分钟）/ 或地铁 Piccadilly线 → Leicester Square 站后步行过桥（约10分钟）

**下午**
- 泰特现代美术馆（Tate Modern） & 千禧桥（Millennium Bridge）（Bankside, SE1）
  - 简介：由旧发电厂改造的现当代艺术殿堂，涡轮大厅巨型装置常换常新。沿千禧桥步行可直通圣保罗大教堂，两岸天际线视野极佳。
  - 参考票价：免费（特展约 £15–22）
  - 建议游览时长：2.5 小时
  - 小贴士：顶层观景台免费，可俯瞰金融城；若遇阵雨可延长馆内停留时间；千禧桥为步行桥，桥面平整无障碍。

> 🚇 **前往晚餐**：步行沿南岸向东至 Borough Market 方向（约15分钟）/ 或地铁 Jubilee线 → London Bridge 站（约5分钟，£2.80）

**晚餐推荐**
- Roast（Borough Market 旁） — 英国传统烤肉，人均约 £30–35
  - 推荐菜品 / 点单建议：周日烤肉拼盘（若逢周末）、约克郡布丁配肉汁、手工苹果酒。餐厅直面泰晤士河，氛围轻松，朋友可拼桌分享。

**晚上**
- 泰晤士河南岸夜游 & 街头艺术巡礼（Southbank, SE1）
  - 简介：沿南岸步道散步，欣赏街头艺人表演与夜景灯光。可前往 Southbank Centre 查看当晚免费音乐/诗歌沙龙。
  - 小贴士：南岸夜间照明充足，治安良好；建议22:00后结伴返回住宿区。

> 💡 备选：国家美术馆（National Gallery）——若首日体力消耗较大或突遇大雨，可替换为特拉法加广场旁的国家美术馆。全天免费，馆藏梵高《向日葵》、透纳风景画等，室内恒温舒适，周一不闭馆。

---

## 第 2 天：皇家历史与西区文艺夜
> 穿越哥特式权力中心，在独立街区与戏剧舞台感受伦敦的多元脉搏

**上午**
- 威斯敏斯特区域（Westminster）外观打卡 & 威斯敏斯特教堂内部（Parliament Square, SW1）
  - 简介：伦敦政治与历史核心区，大本钟、议会大厦外观气势恢宏；教堂内安葬英国历代君主与莎士比亚、牛顿等名人。
  - 参考票价：外观免费；教堂内部成人 £27，学生/青年 £24
  - 建议游览时长：2 小时
  - 小贴士：建议提前官网购票免排队；避开周一/周二早间礼拜时段；教堂内部石板路略滑，建议穿防滑平底鞋。

> 🚇 **前往午餐**：地铁 Piccadilly线 → Leicester Square 站（约8分钟，£2.80），步行至 Soho 区

**午餐推荐**
- Barrafina（Soho） — 西班牙 Tapas，人均约 £40–45
  - 推荐菜品 / 点单建议：伊比利亚火腿、蒜香虾、海鲜饭。吧台开放式厨房，需现场排队但翻台快，适合朋友边吃边聊。

> 🚇 **前往下一站**：步行约 5 分钟至 Covent Garden 核心区

**下午**
- 考文特花园（Covent Garden） & Neal's Yard & Foyles 书店
  - 简介：伦敦文艺发源地，苹果市集、独立设计师店、黑胶唱片与街头表演交织。Neal's Yard 是隐藏彩色庭院，Foyles 书店为文学爱好者天堂。
  - 参考票价：免费（购物另计）
  - 建议游览时长：3 小时
  - 小贴士：周六市集最热闹；注意保管随身财物；Foyles 书店顶层有免费咖啡角与阅读区。

> 🚇 **前往晚餐**：步行约 10 分钟至 Chinatown/Soho 交界

**晚餐推荐**
- Burger & Lobster（Soho） — 美式海鲜汉堡，人均约 £35
  - 推荐菜品 / 点单建议：经典龙虾卷、和牛汉堡、精酿啤酒。工业风装修，朋友分享性价比高，支持非接触式支付。

**晚上**
- 西区音乐剧体验（West End Theatre，Shaftesbury Ave 周边）
  - 简介：全球顶级舞台艺术，推荐《悲惨世界》《歌剧魅影》或《汉密尔顿》。
  - 小贴士：提前在 TodayTix App 或官网预订（常有 £25–40 学生/青年折扣票）；剧院区夜间人流密集，散场后建议搭乘地铁返回。

> 💡 备选：V&A博物馆（Victoria and Albert Museum）——若对戏剧不感兴趣，可前往南肯辛顿。免费参观全球顶尖装饰艺术与设计博物馆，馆藏华丽，室内动线清晰（周一闭馆，需核对日期）。

---

## 第 3 天：街区探索、运河文化与在地微醺
> 钻进朋克发源地与改造商业区，用市集烟火与河畔晚风为旅程收尾

**上午**
- 卡姆登镇（Camden Town） & 摄政运河漫步（NW1）
  - 简介：朋克文化发源地，复古市集、手工艺品、街头涂鸦与运河船屋交织，充满亚文化活力。
  - 参考票价：免费
  - 建议游览时长：2.5 小时
  - 小贴士：周末人流量极大，建议 10:00 前到达；沿摄政运河步行至 Little Venice 风景极佳，适合拍照。

> 🚇 **前往午餐**：步行约 2 分钟进入 Camden Market 室内美食区

**午餐推荐**
- 卡姆登市集美食街（Camden Market Food Court） — 环球街头小吃，人均约 £12–18
  - 推荐菜品 / 点单建议：泰式炒河粉、黎巴嫩烤肉卷、手工精酿啤酒。摊位密集，适合边走边吃，社交氛围浓厚。

> 🚇 **前往下一站**：地铁 Northern线 → King's Cross St Pancras 站（约12分钟，£2.80）

**下午**
- 大英图书馆（British Library） & 国王十字区（King's Cross）
  - 简介：免费参观，可看《大宪章》手稿、披头士歌词手稿；周边 Granary Square 现代建筑与运河结合，哈利波特“9¾站台”打卡地。
  - 参考票价：免费（常设展需官网预约）
  - 建议游览时长：2 小时
  - 小贴士：内部安静，禁止闪光灯；9¾站台排队较长，建议下午错峰拍照。

> 🚇 **前往晚餐**：步行约 3 分钟至 Coal Drops Yard 商业区

**晚餐推荐**
- Dishoom（King's Cross） — 印度孟买风味，人均约 £25–30
  - 推荐菜品 / 点单建议：羊排（Lamb Chops）、芒果拉西、香料茶。由旧仓库改造的工业风空间，非常适合朋友聚餐与出片。

**晚上**
- 运河畔精酿酒吧微醺 / Uber Boat 夜游（King's Cross / Southbank）
  - 简介：在 The Lighterman 或 Coal Drops Yard 周边酒吧小酌，或乘 Uber Boat 沿泰晤士河夜航（单程约 £10，刷 Oyster 卡扣费）。
  - 小贴士：夜游班次约 20:30 结束；酒吧区夜间治安良好，但建议结伴乘车。

> 💡 备选：Sky Garden（空中花园）——若天气晴朗，提前2周在官网免费预约 32 层观景台，日落时分可俯瞰伦敦全景（需护照实名抢票，雨天视野受限）。

---

## 住宿建议
| 预算档位 | 推荐区域/酒店 | 优势与适合度 | 价格区间（每晚） |
|----------|---------------|--------------|------------------|
| **经济型** | 国王十字区（King's Cross）青旅/民宿（如 Generator London） | 交通枢纽，地铁直达机场/各大景点，公共社交空间大，适合朋友结伴 | £35–55 /人 |
| **舒适型** | 考文特花园/苏活区（Covent Garden/Soho）三星酒店（如 The Z Hotel Piccadilly） | 步行可达西区剧院与美食街，夜生活丰富，适合喜欢热闹的朋友 | £110–150 /房 |
| **品质型** | 南岸/泰晤士河畔精品酒店（如 The Hoxton, Southwark） | 设计感强，河畔夜景无敌，周边艺术氛围浓厚，适合追求体验的同行者 | £180–250 /房 |

---

## 预算参考（2人，3天，参考估算）
| 项目 | 预估费用（人民币）|
|------|-----------------|
| 当地交通（Oyster卡/非接触支付）| ¥600（约 £65，含地铁+巴士+船） |
| 住宿（2晚，舒适型双人间）| ¥3,200（约 £350） |
| 餐饮（早午晚餐+咖啡/小吃）| ¥2,800（约 £300） |
| 景点门票（教堂特展/剧院票等）| ¥1,200（约 £130） |
| 购物/其他（市集/纪念品）| ¥800（约 £90） |
| **合计** | **¥8,600** |
| **人均** | **¥4,300** |

> ⚠️ 机票价格受出发日期、舱位和购买时间影响较大，以上为伦敦当地参考区间（1 GBP ≈ 9.2 RMB），实际价格请以出行前实时查询为准。若采用低预算方案（青旅+自炊+免费景点），人均可控制在 ¥2,500–3,000 左右。

---

## 实用信息
- **签证**：中国公民前往英国需提前申请标准访客签证（Standard Visitor Visa），建议至少提前 1-2 个月通过 GOV.UK 官网递交材料。
- **货币**：英镑（GBP）。伦敦几乎全面支持非接触式支付（Apple Pay/信用卡），无需大量换现；建议携带少量 £50 以内现金备用。
- **语言**：英语。常用短语：Excuse me（借过/打扰）、Cheers（谢谢/干杯）、How much?（多少钱）。
- **气候与穿衣**：出行季节典型气温 10–20°C，昼夜温差大且阵雨频繁。建议“洋葱式”穿搭（防风外套+薄毛衣+舒适防水鞋），随身携带折叠伞。若遇高温（>25°C）可缩短户外步行，利用地铁空调段休息。
- **紧急联系**：报警/急救 999，非紧急医疗 111，中国驻英国大使馆领事保护电话：+44-20-72994049。
- **交通贴士**：
  - 直接使用 Visa/Mastercard 信用卡或手机 Pay 刷卡进出闸机，系统自动按 Zone 1-2 每日 £8.10 封顶，比纸质票便宜。
  - 避开早晚高峰（8:00–9:30，17:00–18:30）；周五周六有 Night Tube 通宵运营。
  - 下载 **Citymapper** App，实时显示地铁延误、巴士到站与最佳换乘路线。"
E0022,edge,我想去伦敦玩3天，和朋友一起，我们喜欢文化，不太确定。,伦敦,3,不太确定,文化,2,6474,agent,264.59,# 伦敦 3日行程 · 好友文化探索之旅  ## 行程概览 这趟旅程以“顶级免费馆藏+历史地标+街区亚文化”为主线，专为结伴好友设计，节奏张弛有度，兼顾深度文化沉浸与轻松社交氛围。出行月（以春/秋典型气候为例）伦敦均温约 10–18°C，天气多变、阵雨频繁。整体行程以室内博物馆与半开放式文化街区为主轴，每日均内置雨天/极端天气备选方案，步行与地铁无缝衔接，避免疲劳赶路。  ## 出发准备 （未提供出发地，跳过航班查询）建议提前下载 **Citymapper App**（伦敦本地导航比Google Maps更精准，实时显示罢工/延误信息），开通国内信用卡的 **Contactless（非接触式支,"# 伦敦 3日行程 · 好友文化探索之旅

## 行程概览
这趟旅程以“顶级免费馆藏+历史地标+街区亚文化”为主线，专为结伴好友设计，节奏张弛有度，兼顾深度文化沉浸与轻松社交氛围。出行月（以春/秋典型气候为例）伦敦均温约 10–18°C，天气多变、阵雨频繁。整体行程以室内博物馆与半开放式文化街区为主轴，每日均内置雨天/极端天气备选方案，步行与地铁无缝衔接，避免疲劳赶路。

## 出发准备
（未提供出发地，跳过航班查询）建议提前下载 **Citymapper App**（伦敦本地导航比Google Maps更精准，实时显示罢工/延误信息），开通国内信用卡的 **Contactless（非接触式支付）** 功能，伦敦地铁/公交通用，无需单独购买Oyster卡。

---

## 第 1 天：艺术殿堂与西区烟火
> 🌤 当日气候与穿衣：均温12-17°C，多云偶有阵雨。建议内搭薄针织衫+防风外套，穿防滑平底步行鞋，随身带折叠伞。
> 以世界级免费馆藏开启旅程，下午穿梭于戏剧与街头文化的交汇点。

**上午**
- 大英博物馆（British Museum）（Great Russell St, WC1B 3DG）
  - 简介：全球最负盛名的综合性博物馆，馆藏跨越两百万年人类历史，镇馆之宝罗塞塔石碑、帕特农神庙雕塑与埃及木乃伊必看。
  - 参考票价：免费（官网需预约Timed Entry时段）
  - 建议游览时长：2.5小时
  - 小贴士：10:00前抵达可避开旅行团高峰；入口正对大中庭，建议从左侧电梯直达4层中国馆，自上而下游览；馆内提供中文语音导览APP（免费下载）。
> 🚇 **前往下一站**：步行约15分钟至Covent Garden，或乘坐地铁Piccadilly线从Russell Square站至Leicester Square站（约6分钟，刷卡扣费£1.80）。

**午餐推荐**
- Dishoom Covent Garden — 孟买复古风印度菜，人均约 £18
  - 推荐菜品：House Black Daal（慢炖黑扁豆）、Chicken Ruby、Garlic Naan。环境为殖民时期火车站风格，氛围热闹，适合好友拼桌分享，无儿童专属区但对青年群体极友好。
> 🚇 **前往下一站**：步行约8分钟至特拉法加广场（Trafalgar Square）。

**下午**
- 国家美术馆（The National Gallery） & 考文特花园（Covent Garden）
  - 简介：广场北侧的美术馆收藏梵高《向日葵》、莫奈《睡莲》等印象派巅峰之作；南侧考文特花园为百年市集改造区，街头艺人、独立书店与设计师买手店交织，文艺气息浓厚。
  - 参考票价：美术馆免费 / 街区免费
  - 建议游览时长：2小时
  - 小贴士：美术馆周一照常开放；考文特花园中央市集11:30后表演最密集；可搭乘红色双层巴士（如14路）二层前排体验，部分线路无需换乘即可串联西区地标。
> 🚇 **前往下一站**：乘坐地铁Northern线从Leicester Square站至London Bridge站（约12分钟，£2.80），出站后步行约10分钟至博罗市场。

**晚餐推荐**
- The Anchor Tap（Historic Pub） — 传统英式河畔酒馆，人均约 £20
  - 推荐菜品：Beer-Battered Fish & Chips、Steak & Ale Pie、本地精酿Ale。临泰晤士河，原木装潢极具历史感，座位较紧凑但氛围极佳。
> 🚇 **前往下一站**：步行约5分钟至泰晤士河南岸步道（Southbank）。

**晚上**
- 泰晤士河南岸夜游 & 泰特现代美术馆外围（Southbank / Tate Modern, SE1 9TG）
  - 简介：沿河步行至千禧桥，欣赏圣保罗大教堂倒影与碎片大厦夜景。美术馆18:00闭馆，但涡轮大厅外的阶梯广场与周边免费街头音乐/艺术装置氛围极佳，适合好友拍照交流。
  - 小贴士：南岸周末常有露天市集；若想体验戏剧，可步行至Leicester Square的TKTS售票亭购买当日打折西区音乐剧票（通常5-8折，需排队）。
> 💡 备选：**设计博物馆（Design Museum）**——若遇持续降雨或大风，下午可改乘District线至Kensington High Street站，全程室内参观当代设计与建筑特展，门票约£12。

---

## 第 2 天：帝国印记与市井烟火
> 🌤 当日气候与穿衣：均温11-16°C，湿度较高。建议洋葱式穿搭（T恤+抓绒+防水风衣），备好防水鞋套以应对石板路积水。
> 穿越中世纪城堡与钢铁大桥，在百年市场与现当代艺术殿堂中感受伦敦的多元肌理。

**上午**
- 伦敦塔（Tower of London）（St Katharine's & Wapping, EC3N 4AB）
  - 简介：联合国世界遗产，曾是王宫、监狱与军械库，珍藏英国王冠珠宝（Crown Jewels），由皇家守卫（Yeoman Warders）带领的幽默讲解是文化体验亮点。
  - 参考票价：成人 £33.60 / 学生(16-24岁) £26.80（官网提前订票享折扣）
  - 建议游览时长：2.5小时
  - 小贴士：入场后务必先直奔白塔与王冠珠宝室避开人流；内部多为鹅卵石台阶，无电梯直达顶层，行动不便者建议提前联系馆方安排无障碍路线。
> 🚇 **前往下一站**：步行穿过伦敦塔桥（Tower Bridge），沿河南岸步道步行约15分钟至博罗市场（Borough Market）。

**午餐推荐**
- Borough Market 环球美食摊位 — 多国街头美食，人均约 £12-15
  - 推荐菜品：Roast Pork Roll (Ginger Pig)、Brindisa烤曼彻格奶酪、Fresh Oysters。市场内公共长桌为主，适合好友随买随吃，12:30后人流稍缓。
> 🚇 **前往下一站**：步行约3分钟至泰特现代美术馆侧门入口。

**下午**
- 泰特现代美术馆（Tate Modern） & 千禧桥（South Bank, SE1 9TG）
  - 简介：由旧发电厂改造的现当代艺术殿堂，免费开放；涡轮大厅（Turbine Hall）常年展出震撼级大型装置艺术。步行至千禧桥可拍摄圣保罗大教堂经典倒影机位。
  - 参考票价：免费（特展约£20）
  - 建议游览时长：2小时
  - 小贴士：电梯直达6层观景台可俯瞰全城；周末下午人流密集，建议从侧门（Bankside入口）进入；馆内禁止使用三脚架与自拍杆。
> 🚇 **前往下一站**：步行至London Bridge站，乘坐Jubilee线至Green Park站（约10分钟，£2.80），出站后步行8分钟至梅菲尔区。

**晚餐推荐**
- Hawksmoor (Air Street) — 顶级英式牛排馆，人均约 £40-45
  - 推荐菜品：Dry-aged 35-day Ribeye、Bone Marrow & Toast、Sazerac鸡尾酒。环境复古奢华，肉质极佳，需提前1-2周官网预订，适合好友庆祝式晚餐。
> 🚇 **前往下一站**：步行约5分钟至Old Compton Street（Soho区核心）。

**晚上**
- 苏活区（Soho）文化漫步 & 独立音乐体验
  - 简介：Soho是伦敦独立文化与LGBTQ+友好街区核心，遍布黑胶唱片店、独立书店与地下Livehouse。
  - 小贴士：推荐前往**Ronnie Scott's Jazz Club**（需提前订票，演出+饮品约£35-50）；或随意探访Wardour Street的独立酒吧；结伴深夜步行请沿主街，避开无照明暗巷，保管好手机与钱包。
> 💡 备选：**莎士比亚环球剧院（Shakespeare's Globe）**——若对古典文学与戏剧感兴趣，可步行至泰晤士河北岸，购买站票（£5-10）观看一场原汁原味的莎剧，露天木结构剧场极具沉浸式文化体验。

---

## 第 3 天：维多利亚美学与亚文化碰撞
> 🌤 当日气候与穿衣：均温13-19°C，午后可能有微风。建议轻便长袖+薄外套，携带墨镜（晴天光线较强），舒适运动鞋为主。
> 从皇家收藏的璀璨到诺丁山彩色街区的文艺，最后在北卡姆登的朋克与运河文化中收官。

**上午**
- 维多利亚与阿尔伯特博物馆（V&A Museum）（Cromwell Rd, SW7 2RL）
  - 简介：全球顶尖的装饰艺术与设计博物馆，涵盖珠宝、服装、家具、雕塑，常设展“中世纪与文艺复兴画廊”与“英国画廊”极具视觉冲击与历史纵深。
  - 参考票价：免费
  - 建议游览时长：2.5小时
  - 小贴士：馆内中庭咖啡厅（V&A Café）的穹顶彩绘极美，适合拍照；每周四延长开放至22:00，若行程灵活可调整至此夜场参观，人少体验佳。
> 🚇 **前往下一站**：乘坐District/Circle线从South Kensington站至Notting Hill Gate站（约15分钟，£2.80），步行5分钟至波多贝罗路。

**午餐推荐**
- Granger & Co. Notting Hill — 澳式早午餐/轻食，人均约 £16
  - 推荐菜品：Ricotta Hotcakes、Halloumi Salad、Flat White。明亮木质空间，自然采光极佳，适合好友悠闲Brunch与整理前日照片。
> 🚇 **前往下一站**：步行约10分钟至Portobello Road Market主街。

**下午**
- 波多贝罗路市集（Portobello Road Market） & 诺丁山街区（W11 1LJ）
  - 简介：周六为古董日最热闹，平日则以彩色房屋（如《诺丁山》电影取景地）、独立书店与复古服饰店为主，充满波西米亚文艺气息。
  - 参考票价：免费
  - 建议游览时长：2小时
  - 小贴士：古董摊位上午10点前最易淘到好货；注意保管随身物品；可购买复古胶片相机或手工陶瓷杯作为伴手礼。
> 🚇 **前往下一站**：步行至Notting Hill Gate站，乘坐Central线至Camden Town站（约20分钟，换乘1次，£2.80）。

**晚餐推荐**
- Camden Market 环球美食汇 — 多国风味小吃，人均约 £10-14
  - 推荐菜品：Thai Green Curry、Lebanese Falafel Wrap、Churros。运河边公共座位区氛围极佳，可边吃边看街头滑板、涂鸦与独立乐队排练。
> 🚇 **前往下一站**：步行约5分钟至摄政运河（Regent's Canal）步道。

**晚上**
- 摄政运河夜景散步 & 独立酒吧小酌
  - 简介：沿运河步道漫步至Camden Lock，感受伦敦亚文化发源地（朋克、摇滚、街头艺术）的夜间活力。
  - 小贴士：运河步道夜间照明充足但偶有积水，建议穿防水鞋；若朋友喜欢现场音乐，可探访**The Jazz Café**或**KOKO**（百年历史Livehouse，常有独立乐队巡演）。
> 💡 备选：**大英图书馆（British Library）**——若遇大风降温或午后暴雨，下午可改乘Victoria线至Euston站，免费参观《大宪章》原件、披头士手稿与珍本古籍，全程室内且学术氛围浓厚。

---

## 住宿建议
按中档预算与文化动线优化，推荐以下区域（2人出行）：
| 区域 | 推荐酒店/类型 | 价格区间（/晚） | 适合人群与优势 |
|------|---------------|----------------|----------------|
| **Covent Garden / Soho** | Premier Inn London County Hall / The Z Hotel Covent Garden | £90-130 | 交通极便利，步行可达西区剧院、博物馆群，夜生活丰富，适合爱热闹、重效率的好友组合。 |
| **South Kensington / Bloomsbury** | Hub by Premier Inn Bloomsbury / Ibis London Earls Court | £80-110 | 紧邻V&A、自然历史博物馆，街道安静安全，早餐选择多，适合早起逛馆、偏好静谧氛围的旅客。 |
| **Shoreditch / Hoxton** | Ace Hotel London Shoreditch / The Hoxton | £130-180 | 东伦敦潮流中心，精品设计酒店与独立咖啡馆密集，壁画/复古店/地下酒吧环绕，适合爱拍照、追求亚文化体验的朋友。 |
> 💡 伦敦酒店房间普遍偏小（约15-18㎡），建议优先选择带独立卫浴的“Twin Room”；使用Booking/Agoda比价时注意查看“Free Cancellation”条款。

## 预算参考（2人，3天2晚，参考估算）
| 项目 | 预估费用（人民币）|
|------|-----------------|
| 国际往返机票（2人）| ¥8,000-11,000（经济舱参考，视出发地与季节浮动） |
| 当地交通（地铁/公交）| ¥440（Oyster/Contactless Zone 1-2 每日封顶£8.10×3天×2人） |
| 住宿（2晚）| ¥2,000-2,600（中档双人间，约£90-130/晚） |
| 餐饮（早午晚+小吃）| ¥2,200（约£45/人/天×3天×2人，含1顿正餐） |
| 景点门票 | ¥920（伦敦塔2人£67.2，其余免费馆为主） |
| 购物/其他（纪念品/应急）| ¥600 |
| **合计** | **¥14,160-16,560** |
| **人均** | **¥7,080-8,280** |

> ⚠️ 机票价格受出发日期、舱位和购买时间影响较大，以上为参考区间，实际价格请以出行前实时查询为准。伦敦大部分博物馆免费，门票支出极低，预算弹性主要集中在餐饮与住宿选择上。

## 实用信息
- **签证**：中国公民需申请英国标准访问签证（Standard Visitor Visa）。需提前1-2个月在GOV.UK官网提交，提供资金证明、行程单、在职/在读证明、往返机票预订单等，并预约签证中心完成生物信息采集。
- **货币**：英镑（GBP）。建议携带少量现金（£50备用，用于小费或老式市场），90%以上场所支持Visa/Mastercard/Apple Pay。直接刷国内带芯片的信用卡即可，无额外换汇手续费。
- **语言**：英语。常用短语：Cheers（谢谢/干杯）、Mind the gap（小心站台间隙）、Tube（地铁）、Cheers mate（哥们谢谢）。
- **气候**：伦敦属温带海洋性气候，全年多雨、温差小。出行月（春/秋）均温10-18°C，天气多变。建议“洋葱式穿衣”（防风防水外套+薄毛衣+舒适步行鞋），随身带折叠伞。若遇午后阵雨，行程已内置博物馆/室内市集备选，不影响整体节奏。
- **紧急联系**：报警/急救 999 或 111（非紧急医疗）；中国驻英大使馆领事保护电话 +44-20-76311430；伦敦交通局失物招领热线 0343 222 1234。"
E0022,edge,我想去伦敦玩3天，和朋友一起，我们喜欢文化，不太确定。,伦敦,3,不太确定,文化,3,6494,agent,217.45,"# 伦敦 3日行程 · 朋友同行  ## 行程概览 这是一趟专为朋友同行设计的“深度文化漫游”之旅，串联伦敦免费世界级博物馆、当代艺术空间、独立书店与西区戏剧文化，兼顾经典地标与在地街头氛围。行程节奏张弛有度，日均步行约 1.5–2 万步，适合边走边拍、随时探店交流的结伴旅行。伦敦天气多变（出行月均温 10–20°C，阵雨频繁），本行程已将所有核心活动设为室内/半室内文化空间，并配备雨天无缝替换方案，确保文化体验不因天气打折。  > ⚠️ 未提供出发地，暂略航班/高铁信息。建议提前 2–3 周关注直飞伦敦希思罗（LHR）或盖特威克（LGW）的航班，经济舱往返参考价 ¥5,000–8,000/人","# 伦敦 3日行程 · 朋友同行

## 行程概览
这是一趟专为朋友同行设计的“深度文化漫游”之旅，串联伦敦免费世界级博物馆、当代艺术空间、独立书店与西区戏剧文化，兼顾经典地标与在地街头氛围。行程节奏张弛有度，日均步行约 1.5–2 万步，适合边走边拍、随时探店交流的结伴旅行。伦敦天气多变（出行月均温 10–20°C，阵雨频繁），本行程已将所有核心活动设为室内/半室内文化空间，并配备雨天无缝替换方案，确保文化体验不因天气打折。

> ⚠️ 未提供出发地，暂略航班/高铁信息。建议提前 2–3 周关注直飞伦敦希思罗（LHR）或盖特威克（LGW）的航班，经济舱往返参考价 ¥5,000–8,000/人（非节假日）。

---

## 第 1 天：经典人文与泰晤士河文化长廊
> 从帝国文明到当代艺术，一天走完伦敦最密集的免费文化地标

**上午**
- **大英博物馆（British Museum）**（Great Russell St, WC1B 3DG）
  - 简介：全球最大综合性博物馆之一，罗塞塔石碑、帕特农神庙雕塑、中国陶瓷馆必看，朋友可分头打卡再汇合交流。
  - 参考票价：免费（特展约 £15–20）
  - 建议游览时长：2.5 小时
  - 小贴士：需官网提前预约免费入场时段（通常放 7–14 天前名额）；避开 10:00–12:00 高峰，建议 9:00 开门即入；馆内 Wi-Fi 稳定，可租语音导览器（£7）。

> 🚇 **前往午餐**：步行约 15 分钟（沿 Museum St 向南至 Covent Garden）/ 或乘 Piccadilly 线 1 站至 Covent Garden 站（约 3 分钟，£2.80）

**午餐推荐**
- **Dishoom Covent Garden** — 印度-英伦融合菜，人均约 £18
  - 推荐菜品：House Black Daal（慢炖黑豆奶油）、Chicken Ruby、招牌 Naan 面包。餐厅空间宽敞，适合 2–4 人拼桌，氛围轻松，无儿童专属区但对朋友聚会极友好。

> 🚇 **前往下午景点**：步行 5 分钟至 Trafalgar Square 北侧入口

**下午**
- **国家美术馆（The National Gallery）**（Trafalgar Square, WC2N 5DN）
  - 简介：收藏梵高《向日葵》、莫奈《睡莲》、透纳海景等西方艺术巅峰之作，免费且动线清晰。
  - 参考票价：免费（临展 £12–15）
  - 建议游览时长：1.5 小时
  - 小贴士：周一闭馆；馆内禁止闪光灯；可下载官方 App 获取语音讲解。
  
> 🚇 **前往下一站**：步行 10 分钟沿 Whitehall 南下，过千禧桥（Millennium Bridge）抵达泰晤士河南岸

- **泰特现代美术馆（Tate Modern）**（Bankside, London SE1 9TG）
  - 简介：由旧发电厂改造，涡轮大厅的巨型装置艺术震撼视觉，顶层观景台免费俯瞰圣保罗大教堂与泰晤士河。
  - 参考票价：免费（特展 £18–22）
  - 建议游览时长：2 小时
  - 小贴士：无需预约，但热门特展建议官网提前购票；顶层露台风大，建议带薄外套。

**晚餐推荐**
- **Borough Market 周边餐车/餐厅**（Southwark, SE1 9AL）
  - 推荐：Kappacasein（烤奶酪三明治 £12）、Monmouth Coffee（手冲 £4）、或 The Roebuck（传统英式 Pub，人均 £20–25）。市集半开放，雨天可转入室内摊位。

**晚上**
- **西区音乐剧（West End Theatre）** 或 **泰晤士河南岸夜游**
  - 简介：朋友同行强烈推荐体验伦敦戏剧文化。《悲惨世界》《歌剧魅影》《汉密尔顿》常年驻演，散场后可步行回南岸酒吧小酌。
  - 参考票价：£35–£90（TodayTix App 常售当日折扣票）
  - 小贴士：提前 2–3 周购票；单人/双人座选 Orchestra 或 Dress Circle 视野最佳。

> 💡 备选：**伦敦眼（London Eye）**——若傍晚放晴且体力允许，可提前官网订日落时段（£32/人），16:00–18:00 登舱可拍金色天际线，但性价比一般，建议作为备选加项。

---

## 第 2 天：设计美学、街头艺术与独立文化
> 从皇家典藏到东伦敦涂鸦，感受传统与先锋的碰撞

**上午**
- **维多利亚与阿尔伯特博物馆（V&A Museum）**（Cromwell Rd, SW7 2RL）
  - 简介：全球顶尖装饰艺术与设计博物馆，涵盖时尚、珠宝、家具、摄影，策展极具故事性，非常适合喜欢视觉文化的朋友。
  - 参考票价：免费（特展 £15–20）
  - 建议游览时长：2.5 小时
  - 小贴士：每日 10:00–18:00 开放（周五至 22:00）；馆内咖啡厅与花园适合中途休息；无障碍通道完善，电梯直达各层。

> 🚇 **前往午餐**：District / Piccadilly 线 → Old Street 站（约 18 分钟，£3.20）

**午餐推荐**
- **Brick Lane Beigel Bake**（159 Brick Ln, E1 6SB）— 24 小时犹太贝果店，人均约 £5–8
  - 推荐菜品：Salt Beef Beigel（咸牛肉贝果，排队名物）、Cream Cheese & Salmon。环境简陋但极具东伦敦市井文化，适合快速解决后开启下午探索。

> 🚇 **前往下一站**：步行 3 分钟进入 Brick Lane 街区

**下午**
- **肖尔迪奇街头艺术漫步 + 斯皮塔佛德市场（Spitalfields Market）**
  - 简介：沿 Brick Lane、Hanbury Street 追踪 Banksy、Stik 等涂鸦原作；随后进入 Spitalfields Market 淘独立设计师手作、复古黑胶、小众香氛。
  - 参考票价：免费（市集消费自选）
  - 建议游览时长：2.5 小时
  - 小贴士：周日有 Columbia Road 花卉市集可顺路；涂鸦易褪色，建议以官方导览 App 或地图标记为准；市场多为露天/半露天棚，小雨可逛，大雨建议转入附近独立画廊（如 White Cube 东伦敦分馆）。

**晚餐推荐**
- **Hawksmoor Spitalfields**（157 Commercial St, E1 6BJ）— 顶级英式牛排馆，人均约 £45–60
  - 推荐菜品：Bone-in Ribeye、海鲜拼盘、Yorkshire Pudding。环境复古工业风，需提前官网订位；有安静卡座适合朋友长聊，服务专业。

**晚上**
- **爵士乐现场 / 单口喜剧俱乐部**
  - 推荐：**Ronnie Scott's Jazz Club**（Soho, 人均 £25–40 含饮品）或 **The Comedy Store**（Piccadilly, £15–25 门票）
  - 小贴士：朋友同行氛围极佳；俱乐部通常 20:00 开门，21:00 演出开始；需官网提前购票；散场后乘 Night Tube 或 Uber 回酒店（深夜打车费约 £15–25）。

> 💡 备选：**Daunt Books（Marylebone 分店）**——若下午逛市集体力下降，可转战伦敦最美独立书店（爱德华风格木质书架、旅行文学专区），安静文艺，适合雨天或休整。

---

## 第 3 天：建筑巡礼、文学街区与英伦告别
> 从穹顶教堂到百年书街，用一场慢节奏的文化收尾

**上午**
- **圣保罗大教堂（St. Paul's Cathedral）**（St. Paul's Churchyard, EC4M 8AD）
  - 简介：克里斯托弗·雷恩设计的巴洛克杰作，登顶 Whispering Gallery 可俯瞰伦敦金融城天际线，内部声学奇迹不容错过。
  - 参考票价：£20（含语音导览与登顶，学生 £18，儿童 17 岁以下 £9）
  - 建议游览时长：1.5 小时
  - 小贴士：需官网预约时段；登顶台阶较陡（约 500 级），无电梯直达，行动不便者建议仅参观主厅；10:00 前入场人流最少。

> 🚇 **前往午餐**：步行 8 分钟过千禧桥至南岸，或乘 Northern 线 1 站至 Bank 站转中央线至 Tottenham Court Road（约 12 分钟，£3.00）

**午餐推荐**
- **The Ivy Market Grill**（1 Henrietta St, WC2E 8PS）— 经典英伦 Brasserie，人均约 £30–40
  - 推荐菜品：Fish & Chips、Roast Chicken、Sunday Brunch（周末）。环境明亮复古，服务高效，适合朋友轻松聚餐；有靠窗位可看街景。

> 🚇 **前往下一站**：步行 5 分钟至 Covent Garden 核心区

**下午**
- **科文特花园 + 尼尔巷（Neal's Yard）+ 查令十字街书区**
  - 简介：Covent Garden 街头艺人表演与彩色建筑出片率高；Neal's Yard 隐藏彩色庭院与天然护肤店；Foyles 书店（107 Charing Cross Rd）与 Daunt Books 可淘绝版书/旅行地图。
  - 参考票价：免费（书店/街区漫步）
  - 建议游览时长：2 小时
  - 小贴士：周末街头表演密集；Foyles 书店有 5 层，顶层咖啡厅视野好；查令十字街 84 号虽已不存，但街角有纪念铭牌可打卡。

**晚餐推荐**
- **Barrafina Soho**（26-27 Dean St, W1D 3LL）— 米其林推荐西班牙 Tapas 吧，人均约 £35–50
  - 推荐菜品：Jamón Ibérico、Tortilla、Gambas al Ajillo。无预约制（需排队），建议 17:30 前到或 21:00 后错峰；吧台座位互动性强，适合朋友拼桌体验。

**晚上**
- **泰晤士河日落游船 / 河畔酒吧社交**
  - 推荐：Thames Clippers 城市渡轮（£10–15，可用 Oyster 卡）从 Embankment 至 Greenwich，或选择 The Prospect of Whitby（伦敦最古老 Pub 之一）临河露台小酌。
  - 小贴士：日落时段（视季节 16:30–20:00）光线最佳；单人/小团体建议结伴乘船，保管好随身物品；夜间沿河步道照明良好，但避免 23:00 后单独逗留偏僻河岸。

> 💡 备选：**萨默塞特府（Somerset House）**——若遇大雨或想加看当代艺术/设计展，可转至此新古典主义建筑内的展览空间（门票 £10–15），中庭喷泉广场与屋顶酒吧视野极佳。

---

## 住宿建议
| 预算档位 | 推荐区域/酒店 | 优势与适合人群 |
|----------|---------------|----------------|
| **中档（£90–130/晚）** | **Premier Inn London County Hall** 或 **Travelodge London Central City Road** | County Hall 紧邻南岸/伦敦眼，步行可达 Tate Modern 与 BFI；City Road 靠近地铁 Old Street，夜生活与独立餐饮丰富。均提供双床/大床房，适合朋友拼房分摊。 |
| **轻奢/设计（£150–200/晚）** | **The Hoxton, Shoreditch** 或 **Ace Hotel London** | 东伦敦潮流地标，自带大堂酒吧/咖啡区，适合朋友晚间社交；步行至涂鸦街区/Brick Lane 极近，文化氛围浓厚。 |
| **经济（£40–60/床/晚）** | **Generator London**（King's Cross）或 **YHA London St Pancras** | 青旅标杆，公共空间大、社交氛围佳；紧邻 King's Cross 枢纽，交通无敌；提供 4–6 人混合/女生宿舍，带储物柜。 |

> 朋友出行建议优先选 Zone 1–2 地铁站步行 5 分钟内酒店，使用 Contactless 银行卡/Oyster 卡每日封顶 £8.10，比单程购票划算。

---

## 预算参考（2人，3天，中档参考估算）
| 项目 | 预估费用（人民币）|
|------|-----------------|
| 国际往返机票（2人）| ¥12,000–16,000（经济舱参考，节假日上浮 20–40%） |
| 当地交通（地铁/公交/渡轮）| ¥600（按每日封顶 £8.10 × 3 天 × 2 人 ≈ £48.6） |
| 住宿（2 晚，中档双人房）| ¥3,600–4,200（£150–180/晚 × 2） |
| 餐饮（3 早 3 午 3 晚 + 咖啡小吃）| ¥2,400–3,000（人均 £40–50/天） |
| 景点门票（圣保罗+西区剧+特展）| ¥1,200–1,500（£100–130/人） |
| 购物/其他（纪念品/应急）| ¥1,000 |
| **合计** | **¥20,800–26,300** |
| **人均** | **¥10,400–13,150** |

> ⚠️ 机票价格受出发日期、舱位和购买时间影响较大，以上为参考区间，实际价格请以出行前实时查询为准。餐饮与门票按中档体验估算，若多选择免费博物馆与街头小吃，预算可下调 15–20%。

---

## 实用信息
- **签证**：中国公民需提前申请英国标准访客签证（Standard Visitor Visa），官网在线递交材料、录指纹，审理周期约 3–8 周。建议提前 2 个月准备银行流水、行程单与在职/在读证明。
- **货币**：英镑（GBP）。伦敦 95% 商户支持非接触式银行卡/Apple Pay，无需大量换现；建议携带少量 £50 现金备用。ATM 取现注意手续费。
- **语言**：英语。常用短语：`Cheers`（谢谢/干杯）、`Mind the gap`（注意站台间隙）、`Sorry, could you repeat that?`（请重复一遍）。
- **气候**：伦敦属温带海洋性气候，全年温和但多阵雨。出行月建议“洋葱式穿衣”（防风外套+薄毛衣+舒适防水鞋）；随身带折叠伞或轻便雨衣；若遇持续降雨，本行程已优先安排室内博物馆/画廊/市集棚区，无需大幅调整。
- **紧急联系**：报警/急救/火警 **999**（非紧急警务 **101**）；中国驻英国大使馆领事保护电话 **+44-20-76311430**；旅游保险建议覆盖医疗与行程变更。

> 📱 **本地工具提示**：下载 **Citymapper**（实时公交/地铁延误提示、换乘最优方案）、**TodayTix**（西区戏剧当日折扣票）、**National Rail**（火车查询）。避开早晚高峰（08:00–09:30 / 17:00–18:30）乘坐地铁，体验更佳。祝你们在伦敦收获满满的文化记忆！"
B0064,boundary,我想去伦敦玩1天，和朋友一起，我们喜欢美食，预算比较有限。,东京,1,低,自然,1,3950,agent,102.96,# 伦敦 1日行程 · 好友美食探索  ## 行程概览 专为预算有限的美食爱好者与好友同行设计，以“步行+地铁”串联伦敦最具烟火气的市集、免费艺术地标与高性价比餐厅。行程节奏轻松高效，避开高价 tourist trap，用街头小吃与地道风味填满好友相聚的快乐时光。伦敦属温带海洋性气候，当月气温通常在 10–18°C 之间，阵雨频繁且风向多变，建议以“防风外套+便携雨伞+舒适步行鞋”为主，整体安排以室内/半遮蔽场所为主，雨天可无缝切换备选方案。  ## 第 1 天：市集寻味与泰晤士河畔漫步 > 从百年市集的香气中开启味蕾之旅，在免费美术馆与地标间穿梭，用平价美食与街头氛围填满好友相聚的一天。  ,"# 伦敦 1日行程 · 好友美食探索

## 行程概览
专为预算有限的美食爱好者与好友同行设计，以“步行+地铁”串联伦敦最具烟火气的市集、免费艺术地标与高性价比餐厅。行程节奏轻松高效，避开高价 tourist trap，用街头小吃与地道风味填满好友相聚的快乐时光。伦敦属温带海洋性气候，当月气温通常在 10–18°C 之间，阵雨频繁且风向多变，建议以“防风外套+便携雨伞+舒适步行鞋”为主，整体安排以室内/半遮蔽场所为主，雨天可无缝切换备选方案。

## 第 1 天：市集寻味与泰晤士河畔漫步
> 从百年市集的香气中开启味蕾之旅，在免费美术馆与地标间穿梭，用平价美食与街头氛围填满好友相聚的一天。

**上午**
- 博罗市场 (Borough Market) — 南华克区 (Southwark, SE1 9AL)
  - 简介：伦敦最古老、最负盛名的露天食品市集，汇聚手工奶酪、现烤面包、生蚝吧与全球街头小吃，是本地饕客与美食博主的必访地。
  - 参考票价：免费入场（单品消费约 £3–£10/份，约 ¥28–90）
  - 建议游览时长：2–2.5 小时
  - 小贴士：周四至周六摊位最全；建议 09:30–10:00 到达避开 12:00 后高峰；支持 Contactless/Apple Pay，部分老牌摊位备少量 £5 现金更佳。
> 🚇 **前往午餐**：步行约 3 分钟（市场内直接沿 Southwark St 寻找公共长椅区，或步行至市场东侧的固定座位区）

**午餐推荐**
- Borough Market 摊位自选组合 — 英式/地中海/亚洲融合，人均约 £10–15（约 ¥90–135）
  - 推荐菜品：Kappacasein Dairy 烤奶酪三明治（Grilled Cheese，拉丝浓郁）、Brindisa 西班牙火腿Tapas拼盘、The Ginger Pig 迷你肉派 + Monmouth Coffee 现磨手冲
  - 适合人群：朋友共享型，市集内设大量高脚桌与露天座位，氛围热闹；地面为石板路，部分区域有轻微坡度，推轮椅需绕行主通道。

> 🚇 **前往下一站**：步行约 8 分钟（沿 Southwark St 向西至 London Bridge 站，或直接沿 Thames Path 南岸步道步行至 Tate Modern）

**下午**
- 泰特现代美术馆 (Tate Modern) — 泰晤士河南岸 (Bankside, SE1 9TG)
  - 简介：由旧发电厂改造的当代艺术殿堂，巨型涡轮大厅震撼，常设展免费，顶层观景台可无遮挡俯瞰圣保罗大教堂与金融城天际线。
  - 参考票价：常设展免费（特展约 £15–20，学生/青年票享折扣）
  - 建议游览时长：1.5–2 小时
  - 小贴士：官网无需预约常设展，但特展建议提前购票；入口在 Bankside 侧，全馆电梯覆盖，无障碍动线完善；馆内 Cafe 可买平价咖啡休息。
> 🚇 **前往下一站**：步行约 10 分钟（从美术馆 1 层出口右转，沿河岸步道穿过千禧桥 Millennium Bridge）

- 千禧桥 & 圣保罗大教堂外观 (Millennium Bridge & St Paul's Cathedral)
  - 简介：《哈利·波特》食死徒袭击取景地，现代悬索桥与巴洛克穹顶形成强烈视觉对比；桥面为纯步行区，适合好友拍照打卡。
  - 参考票价：外观免费（入内参观成人 £25，预算有限建议仅外观）
  - 建议游览时长：0.5–1 小时
  - 小贴士：桥上风力较大，注意保管手机与帽子；16:00–17:00 光线最柔和，适合逆光人像。
> 🚇 **前往下一站**：步行约 15 分钟（沿 Queen Victoria St 向北，经 Cheapside 转入 Covent Garden 区域；或地铁 Northern Line 至 Leicester Square 站步行 3 分钟）

**晚餐推荐**
- Dishoom Covent Garden — 印度帕西菜系（复古孟买殖民风），人均约 £15–20（约 ¥135–180）
  - 推荐菜品：House Black Daal（慢炖 24 小时黑扁豆咖喱，必点）、Chicken Ruby（番茄香料烤鸡）、Garlic Naan、Masala Chai
  - 适合人群：环境复古热闹，木质卡座适合朋友拼桌聊天；16:30 前到店或官网提前登记 Walk-in 可大幅缩短等位时间；入口有台阶，侧门提供无障碍坡道。

> 🚇 **前往下一站**：步行约 2 分钟（餐厅出门即达 Covent Garden Piazza 广场）

**晚上**
- 考文特花园 (Covent Garden) 夜游与街头艺术
  - 简介：伦敦最活跃的文艺街区，夜晚有常驻街头艺人表演、独立手作店与平价精酿酒吧，氛围轻松不喧闹。
  - 参考票价：免费（表演可自愿打赏 £1–2）
  - 建议游览时长：1–1.5 小时
  - 小贴士：注意保管随身财物，避开过于拥挤的窄巷；可顺路逛 Neal's Yard 彩虹街拍夜景；单人/好友同行建议 22:00 前结束，地铁末班车约 23:30。
> 🚇 **前往下一站/返程**：步行至 Covent Garden 地铁站（Piccadilly 线）或 Leicester Square 站（Northern/Piccadilly 线），使用 Oyster/Contactless 刷卡直接返回住宿区。

> 💡 备选：若遇持续降雨或体力下降，可前往 **英国国家美术馆 (The National Gallery)**（特拉法加广场，常设展免费，室内恒温避雨，从 Covent Garden 步行约 8 分钟或地铁 1 站）—— 馆藏梵高《向日葵》、莫奈《睡莲》真迹，好友可租借语音导览（£5）轮流讲解，雨天完美替代户外行程。

---

## 住宿建议
按低预算定位推荐以下区域/酒店，兼顾交通便利与好友出行性价比：
- **经济社交型**：King's Cross / Euston 枢纽周边青旅（如 Generator London 或 YHA London St Paul's）
  - 价格：床位 £25–40/晚（约 ¥225–360），双床/四人房 £70–90
  - 优势：地铁 5 线交汇，15 分钟直达市中心；公共厨房/游戏区/酒吧适合好友社交；带电子锁储物柜与免费高速 Wi-Fi。
- **舒适连锁型**：Zone 2 地铁站旁 Premier Inn 或 Ibis Budget
  - 价格：双床房 £65–85/晚（约 ¥590–770）
  - 优势：标准化服务、隔音较好、含基础早餐选项；步行 5 分钟至地铁，避开市中心溢价，适合注重睡眠质量的组合。
> 选址逻辑：预算有限时优先避开 Zone 1 核心区住宿，选择地铁直达的 Zone 1-2 交界处，交通成本仅差 £1–2，但房价直降 30–40%。

## 预算参考（2人，1天，参考估算）
| 项目 | 预估费用（人民币）|
|------|-----------------|
| 国际往返机票（2人）| 视出发地而定（中国主要城市经济舱淡季约 ¥4,500–7,500/人，节假日上浮 30%+） |
| 当地交通（地铁/步行）| ¥150–200（Oyster/Contactless 单日封顶 £8.50/人） |
| 住宿（1晚双床/2床位）| ¥600–900（经济青旅/Zone 2 连锁酒店） |
| 餐饮 | ¥450–600（午餐+晚餐+咖啡小吃，人均 £25–35） |
| 景点门票 | ¥0–100（全程免费为主，预留特展/应急） |
| 购物/其他 | ¥150–300（纪念品/打赏/应急） |
| **合计** | **¥1,350–1,900**（不含国际机票） |
| **人均** | **¥675–950**（不含国际机票） |

> ⚠️ 机票价格受出发日期、舱位和购买时间影响较大，以上为参考区间，实际价格请以出行前实时查询为准。伦敦物价波动受汇率影响，建议出行前按 1 GBP ≈ 9.1 RMB 换算。

## 实用信息
- **签证**：中国公民需提前申请英国标准访问签证（Standard Visitor Visa），通过 GOV.UK 官网在线递交材料并预约签证中心录指纹，常规审理约 15 个工作日，建议至少提前 1–2 个月办理。
- **货币**：英镑（GBP）。伦敦 95% 以上商户支持非接触式银行卡/Apple Pay/支付宝（部分独立小店仅收卡），建议随身携带 £20–50 现金应对市集找零或小额打赏。
- **语言**：英语。常用短语：Cheers（谢谢/干杯）、Queue here（在此排队）、Mind the gap（小心站台间隙）、Could I have a receipt?（能开发票/收据吗？）
- **气候**：温带海洋性气候，四季温差小但多阵雨。出行建议“洋葱式穿搭”（速干T恤+薄抓绒/卫衣+防风防水外套），随身带折叠伞；若遇午后阵雨，可躲进博物馆、商场或咖啡馆，1–2 小时通常转晴。
- **紧急联系**：报警/火警/急救拨打 **999** 或欧盟通用 **112**；中国驻英国大使馆领事保护与协助电话：+44-20-74368294；非紧急医疗咨询可拨打 111。"
B0064,boundary,我想去伦敦玩1天，和朋友一起，我们喜欢美食，预算比较有限。,东京,1,低,自然,2,3671,agent,108.01,# 伦敦 1日行程 · 朋友结伴  ## 行程概览 这是一趟专为朋友结伴设计的“高性价比美食+经典地标”一日游。行程以免费文化场馆与平价街头美食为主轴，避开高价门票与拥挤商业区，节奏轻快高效。伦敦属温带海洋性气候，以春秋季（10-18°C）为例，天气多变、阵雨频繁，整体行程已内置雨天室内动线与弹性休息点。建议采用“洋葱式穿衣法”（防风外套+薄针织衫+防水舒适鞋），随身携带折叠伞，随时根据天气切换室内外场景。  ## 第 1 天：经典地标打卡 & 街头美食寻味 > 用脚步丈量伦敦，用平价美食串联一天的高光时刻，朋友结伴主打热闹、出片与高性价比。  **上午** - 大英博物馆（Great Rus,"# 伦敦 1日行程 · 朋友结伴

## 行程概览
这是一趟专为朋友结伴设计的“高性价比美食+经典地标”一日游。行程以免费文化场馆与平价街头美食为主轴，避开高价门票与拥挤商业区，节奏轻快高效。伦敦属温带海洋性气候，以春秋季（10-18°C）为例，天气多变、阵雨频繁，整体行程已内置雨天室内动线与弹性休息点。建议采用“洋葱式穿衣法”（防风外套+薄针织衫+防水舒适鞋），随身携带折叠伞，随时根据天气切换室内外场景。

## 第 1 天：经典地标打卡 & 街头美食寻味
> 用脚步丈量伦敦，用平价美食串联一天的高光时刻，朋友结伴主打热闹、出片与高性价比。

**上午**
- 大英博物馆（Great Russell St, Bloomsbury, WC1B 3DG）
  - 简介：世界级免费博物馆，馆藏超800万件。罗塞塔石碑、帕特农神庙雕塑、埃及木乃伊三大镇馆之宝必看，建筑中庭玻璃穹顶极具视觉冲击力。
  - 参考票价：免费（常设展）；特展约 £15-20（约 ¥140-180）
  - 建议游览时长：2小时
  - 小贴士：官网需提前预约免费入场时段（建议选 9:30-10:00 避开10点后旅行团高峰）；馆内全区域无障碍电梯直达各层；重点逛 4-6 号展厅（埃及与希腊）效率最高。

> 🚇 **前往下一站**：步行至 Tottenham Court Road 站 → 乘坐 Northern Line（南行）→ London Bridge 站（约 12 分钟，使用 Contactless/银行卡刷卡约 ¥18，享伦敦公交地铁日封顶优惠）

**午餐推荐**
- Borough Market（8 Southwark St, SE1 9AL）— 伦敦历史最悠久的半室内美食市集，人均约 £12-15（约 ¥110-140）
  - 推荐菜品：Kappacasein 现烤格鲁耶尔奶酪三明治 / Brindisa 西班牙烤肠拼盘 / Monmouth Coffee 手冲 + 现烤肉桂卷
  - 环境：棚顶结构，小雨不影响逛吃；朋友聚餐氛围极佳，支持多人拼桌与站立高脚凳区；部分摊位提供素食/无麸质选项，支付全支持 Contactless。

> 🚇 **前往下一站**：从市集步行沿泰晤士河南岸向东 → 直达泰特现代美术馆正门（约 15 分钟，免费）/ 或乘坐 RV1 双层巴士至 Bankside 站（约 5 分钟，约 ¥15）

**下午**
- 泰晤士河南岸漫步 & 泰特现代美术馆（Bankside, SE1 9TG）
  - 简介：沿河步行可同框拍摄碎片大厦、千禧桥与圣保罗大教堂；Tate Modern 涡轮大厅（Turbine Hall）免费开放大型当代装置艺术，顶层观景台视野开阔。
  - 参考票价：免费（常设展）；部分特展需购票（约 £10-18）
  - 建议游览时长：2.5小时（含河岸散步）
  - 小贴士：美术馆主入口在 Bankside 街，设有无障碍坡道与电梯；下午 14:30-16:30 光线最柔和，适合朋友在千禧桥合影；若遇中到大雨，可直接在馆内停留 2 小时，避开露天路段。

> 🚇 **前往下一站**：步行沿 Southwark St 向北 → 乘坐 Central Line → Tottenham Court Road 站 → 换乘 Piccadilly Line → Covent Garden 站（约 18 分钟，约 ¥20）

**晚餐推荐**
- Dishoom（Covent Garden 分店，12 Upper St Martin's Ln, WC2H 9FB）— 孟买复古风印度-波斯融合菜，人均约 £18-22（约 ¥165-200）
  - 推荐菜品：House Black Daal（慢炖黑豆咖喱，必点）、Chicken Ruby（香料烤鸡）、Keema Naan（羊肉末烤饼）、Masala Chai（香料奶茶）
  - 环境：20世纪30年代 Irani 咖啡馆风格，灯光暖调出片率高；需通过官网排队（Walk-in 通常等 30-45 分钟，朋友可先在隔壁酒吧点杯精酿等候）；支持多人拼桌，非正式但氛围热烈。
  - 💰 预算平替：若当晚预算紧张，可步行 5 分钟至 Chinatown（Gerrard St）品尝平价港式烧腊饭或越南牛肉粉，人均 £8-10（约 ¥75-90）。

**晚上**
- Soho 区夜生活 & 独立脱口秀/Livehouse（Comedy Store 或 606 Club）
  - 简介：伦敦夜生活核心区，霓虹灯牌、独立酒吧与街头艺人交织。可体验 £10-15 的开放麦脱口秀或 £8-10 的爵士现场，朋友结伴氛围轻松。
  - 参考票价：脱口秀/演出 £10-15（约 ¥90-135）；酒吧饮品 £6-8（约 ¥55-75）
  - 建议时长：2小时
  - 小贴士：建议 21:30 前抵达主街区域，演出结束后结伴沿 Shaftesbury Ave 返回地铁站；避开僻静小巷；所有场所均支持 Contactless，无需携带大量现金；单人/小团体注意保管随身包袋。

> 💡 备选：考文特花园（Covent Garden）室内拱廊与街头演艺——若遇突发降雨或下午步行后体力下降，可在此全程有顶棚的拱廊区逛独立文创店、看免费街头艺人表演，并在 Piazza 旁平价咖啡馆休息，无缝衔接晚餐。

---

## 住宿建议
按低预算定位，推荐以下 2-3 个高性价比住宿区域/类型：
1. **YHA London St Pancras / Generator London（King's Cross 附近）**：床位 £25-40/晚（约 ¥230-370）。交通极便利（6条地铁线交汇），含公共厨房与社交 lounge，适合朋友拼房分摊费用，氛围年轻活跃。
2. **Premier Inn / Travelodge（Zone 1-2 边缘如 Earl's Court / Paddington）**：双床房 £60-90/晚（约 ¥550-830）。连锁经济型，床品舒适、含基础早餐，安全系数高，适合追求睡眠质量与稳定性价比的朋友。
3. **位置优势**：优先选择 King's Cross、Paddington 或 Victoria 枢纽周边，步行 5-10 分钟至地铁站，周边 Tesco Express/平价超市密集，便于采购早餐与零食。

## 预算参考（2人，1天，参考估算）
| 项目 | 预估费用（人民币）|
|------|-----------------|
| 当地交通（地铁/公交，Contactless日封顶）| ¥70-90（2人合计） |
| 餐饮（市集午餐+融合菜晚餐+饮品/小吃）| ¥500-650（2人合计） |
| 景点门票（全程免费常设展为主）| ¥0（特展备用 ¥150） |
| 住宿（1晚，经济连锁双床/青旅拼床）| ¥450-800（2人合计） |
| 购物/其他（纪念品/应急）| ¥100-150 |
| **合计** | **¥1,120-1,840** |
| **人均** | **¥560-920** |

> ⚠️ 以上为低预算参考区间，汇率按 1 GBP ≈ 9.2 RMB 估算。实际价格受季节、提前预订时间及当日消费选择影响，请以出行前实时查询为准。

## 实用信息
- **签证**：中国公民需提前申请英国标准访客签证（Standard Visitor Visa）。通过 UK Visas and Immigration 官网在线填写申请表，预约签证中心录指纹并递交材料，审理周期通常 3-15 个工作日。
- **货币**：英镑（GBP）。伦敦已高度无现金化，地铁、公交、餐饮、超市均支持 Contactless 银行卡/Apple Pay/Google Pay。无需兑换大量现金，备 £20 纸币应急即可。
- **语言**：英语。常用短语：Cheers（谢谢/干杯）、Mind the gap（注意站台间隙）、Queue here（在此排队）、Excuse me（借过/打扰）。
- **气候**：温带海洋性气候，全年温和湿润，日温差小但阵雨频繁。当月典型气温 10-18°C，建议防风外套+薄毛衣+防水徒步鞋，随身带折叠伞。极端天气预案：若遇持续中雨/大风，全天动线可无缝切换为“大英博物馆（室内）→ 南岸中心 Southbank Centre 室内展览/书店 → Covent Garden 拱廊餐饮 → Soho 室内 Livehouse”，全程无需露天长时间停留。
- **紧急联系**：报警/急救/火警 999 或 112（非紧急警务 101）；中国驻英国大使馆领事保护与协助电话 +44-20-74368294（24小时）。"
B0064,boundary,我想去伦敦玩1天，和朋友一起，我们喜欢美食，预算比较有限。,东京,1,低,自然,3,3445,agent,101.51,# 伦敦 1日行程 · 朋友同行（美食探索/低预算）  ## 行程概览 专为朋友结伴与美食爱好者设计的伦敦1日精华游，聚焦高性价比街头美食、免费文化地标与地道酒吧社交。伦敦属温带海洋性气候（以春秋季为例，日均温 8-16°C，多阵雨与微风），行程以半户外市集与室内场馆交替为主，节奏紧凑高效，兼顾味蕾探索与城市打卡。全程依赖公共交通与步行，严格控制门票与餐饮溢价，完美契合低预算与好友同游的轻松氛围。  ---  ## 第 1 天：泰晤士河畔的美食漫游与城市脉搏 > 从百年市集的烟火气到泰晤士河的晚风，用脚步丈量伦敦的味蕾与地标  **🌤️ 当日气候与穿搭提示**：伦敦天气多变，当日体感偏凉且易有,"# 伦敦 1日行程 · 朋友同行（美食探索/低预算）

## 行程概览
专为朋友结伴与美食爱好者设计的伦敦1日精华游，聚焦高性价比街头美食、免费文化地标与地道酒吧社交。伦敦属温带海洋性气候（以春秋季为例，日均温 8-16°C，多阵雨与微风），行程以半户外市集与室内场馆交替为主，节奏紧凑高效，兼顾味蕾探索与城市打卡。全程依赖公共交通与步行，严格控制门票与餐饮溢价，完美契合低预算与好友同游的轻松氛围。

---

## 第 1 天：泰晤士河畔的美食漫游与城市脉搏
> 从百年市集的烟火气到泰晤士河的晚风，用脚步丈量伦敦的味蕾与地标

**🌤️ 当日气候与穿搭提示**：伦敦天气多变，当日体感偏凉且易有阵雨。建议“洋葱式穿搭”（薄针织/卫衣+防风外套），务必携带折叠伞或轻便雨衣。若遇持续中雨，可启用文末备选室内路线。

**上午**
- 博罗市场 (Borough Market, 8 Southwark St, London SE1 1TL)
  - 简介：伦敦最古老、最具烟火气的美食圣地，汇聚全球手工奶酪、现烤面包、生蚝与特色街头小吃。
  - 参考票价：免费入场（按个人食量点单，小吃单价 £4-10）
  - 建议游览时长：1.5小时
  - 小贴士：9:00-10:30 前往最佳，避开12点后旅行团高峰；多数摊位支持 Contactless 刷卡，但备 £10 现金更稳妥。市场顶棚遮蔽，小雨不影响体验。

> 🚇 **前往午餐**：步行至市场内餐饮区，约 0 分钟

**午餐推荐**
- 市场内 Bread Ahead & Kappacasein Dairy — 手工烘焙 / 熔岩烤奶酪，人均约 ¥65-85 (£6-8)
  - 推荐菜品：现烤香草甜甜圈、招牌烤奶酪三明治（土豆泥夹心）、新鲜生蚝配柠檬汁；开放式档口，适合朋友分食打卡，出片率极高。

> 🚇 **前往下一站**：步行沿 Thames Path 向南 → 泰特现代美术馆，约 8 分钟，免费

**下午**
- 泰特现代美术馆 (Tate Modern, Bankside, London SE1 9TG)
  - 简介：由废弃河岸发电厂改造的当代艺术殿堂，挑高涡轮大厅震撼，顶层观景台可360°俯瞰泰晤士河与金融城。
  - 参考票价：常设展免费（特展约 £15-20/人，低预算可忽略）
  - 建议游览时长：1.5小时
  - 小贴士：免费电梯直达 Level 7 观景台，无需排队；馆内恒温，适合雨天或午后降温时休息。周一不闭馆（与多数伦敦博物馆不同）。

> 🚇 **前往下一站**：步行过千禧桥 (Millennium Bridge) → 圣保罗大教堂区域，约 15 分钟，免费 / 若遇大雨可改乘地铁 Northern线 → Bank站（约5分钟，£2.7）

- 千禧桥 & 圣保罗大教堂外部打卡 (Millennium Bridge & St Paul's Cathedral Exterior)
  - 简介：《哈利·波特》取景地，全钢结构悬索桥；圣保罗大教堂巴洛克穹顶为伦敦天际线灵魂，外部广场与庭院免费开放。
  - 参考票价：免费（入内参观需 £25/人，预算有限建议外部摄影+免费庭院）
  - 建议游览时长：40分钟
  - 小贴士：桥面较窄，周末人流大请靠右行；最佳机位在桥中段偏右，可同框拍摄穹顶与河景。

> 🚇 **前往晚餐**：地铁 Central线 → Holborn 站换乘 Piccadilly线 → Leicester Square 站（约 12 分钟，£2.7），步行 5 分钟至餐厅

**晚餐推荐**
- Dishoom (Covent Garden 分店, 12 Upper St Martin's Ln, WC2H 9FB) — 孟买复古风伊朗/印度菜，人均约 ¥120-150 (£12-15)
  - 推荐菜品：黑咖喱羊肉 (Black Daal)、香料烤鸡卷 (Chicken Ruby)、现调芒果拉西 (Lassi)；无需预约（现场排队叫号），氛围热闹复古，极适朋友聚餐。若排队超45分钟，可步行3分钟至隔壁 Flat Iron 品尝平价牛排（£11/份）。

**晚上**
- 考文特花园 (Covent Garden) 街头艺术与精酿酒吧小酌
  - 简介：历史市集广场夜间化身露天秀场，免费街头艺人（魔术、杂技、乐队）轮番登场；周边隐藏多家高性价比精酿酒吧。
  - 参考票价：免费（酒水自费，精酿啤酒/苹果酒约 £5-7/杯）
  - 建议时长：1.5小时
  - 小贴士：朋友同行建议 22:00 前结束，保管好手机与钱包；推荐 The Porterhouse 或 The Coal Hole，氛围轻松且支持拼桌。

> 💡 备选：若遇大雨或体力下降，可替换下午户外环节，前往 **英国国家美术馆 (National Gallery, Trafalgar Square)** —— 常设展免费（含梵高《向日葵》、莫奈《睡莲》），室内恒温且距考文特花园仅步行8分钟，完美衔接晚餐动线。

---

## 住宿建议
| 预算档次 | 推荐区域/酒店 | 优势与适配度 | 参考价格（1晚） |
|----------|----------------|--------------|-----------------|
| **低预算** | King's Cross 区域青旅/经济酒店（如 Generator London / Travelodge） | 交通枢纽（6条地铁交汇），步行至大英博物馆/考文特花园，公共社交空间适合朋友结伴 | ¥300-450/床/人 |
| **中低预算** | Covent Garden / Soho 周边精品经济型（如 Point A Hotel） | 位于美食与夜生活核心区，节省交通时间，房间紧凑但干净现代 | ¥600-850/间 |
| **贴士** | 伦敦酒店按“间”计价，2人同住分摊更划算；建议提前2-3周预订，避开周末溢价。 |

## 预算参考（2人，1天，参考估算）
| 项目 | 预估费用（人民币）|
|------|-----------------|
| 国际往返机票（2人）| ¥8,000-12,000（经济舱淡季参考，实际以购票时为准） |
| 当地交通（地铁/步行）| ¥150（使用 Contactless 银行卡/手机Pay，Zone 1-2 日封顶 £8.50/人） |
| 住宿（1晚，2人分摊）| ¥400-800 |
| 餐饮（市集+晚餐+小酌）| ¥400-550 |
| 景点门票 | ¥0（全程主打免费场馆与开放街区） |
| 购物/其他 | ¥200 |
| **合计** | **¥9,150-14,100** |
| **人均** | **¥4,575-7,050** |

> ⚠️ 机票价格受出发地、舱位和购买时间影响较大，以上为参考区间。伦敦1日游实际当地花费（不含机票住宿）可控制在 ¥600-900/人，极度契合低预算需求。

## 实用信息
- **签证**：中国公民需提前申请英国标准访客签证（Standard Visitor Visa），通过 GOV.UK 官网在线提交，建议提前1-2个月办理。
- **货币**：英镑 (GBP)。伦敦几乎全境支持 Contactless 银行卡/Apple Pay/支付宝（部分华人餐厅），无需大量换现。若备现金，建议 £50-100 即可。
- **交通卡**：无需购买实体 Oyster 卡，直接刷支持非接触支付的信用卡/手机即可，系统自动按日封顶计费（Zone 1-2 日封顶 £8.50）。
- **气候与穿衣**：温带海洋性气候，全年多雨温差小。出行请备防风外套、舒适防滑步行鞋（日均步数 1.5-2万）、折叠伞。夏季（6-8月）需防晒，冬季（11-2月）需加厚围巾手套。
- **紧急联系**：报警/急救 999 或 112；非紧急医疗 111；中国驻英国大使馆领事保护电话：+44-20-7631 1430。
- **安全提示**：朋友同行请保持视线不脱离随身包；地铁/市集注意防盗；夜间避免独穿僻静小巷，考文特花园/SoHo 主街治安良好但需留意醉酒人群。"
B0163,boundary,我想去伦敦玩1天，和家人一起，我们喜欢文化，预算比较有限。,巴黎,1,低,历史,1,3721,agent,201.13,# 伦敦 1日行程 · 家庭文化之旅  ## 行程概览 这是一条专为家庭定制的经典文化步行+公交路线，以“零门票+深度人文”为核心，串联大英博物馆、国家美术馆、泰特现代美术馆与博罗市场，兼顾历史厚重与艺术活力。伦敦属温带海洋性气候，全年温和但天气多变（典型日均 10–20°C，偶有阵雨），行程已内置雨天室内替代方案，并控制单次步行在 30–40 分钟内，穿插休息点，节奏舒缓不赶场，非常适合预算有限但追求高质量文化体验的家庭。  ---  ## 第 1 天：经典文化漫步与泰晤士河畔 > 一天穿越千年文明，从古希腊雕塑到当代艺术，用脚步丈量伦敦的文化脉络  **上午** - 大英博物馆（Briti,"# 伦敦 1日行程 · 家庭文化之旅

## 行程概览
这是一条专为家庭定制的经典文化步行+公交路线，以“零门票+深度人文”为核心，串联大英博物馆、国家美术馆、泰特现代美术馆与博罗市场，兼顾历史厚重与艺术活力。伦敦属温带海洋性气候，全年温和但天气多变（典型日均 10–20°C，偶有阵雨），行程已内置雨天室内替代方案，并控制单次步行在 30–40 分钟内，穿插休息点，节奏舒缓不赶场，非常适合预算有限但追求高质量文化体验的家庭。

---

## 第 1 天：经典文化漫步与泰晤士河畔
> 一天穿越千年文明，从古希腊雕塑到当代艺术，用脚步丈量伦敦的文化脉络

**上午**
- 大英博物馆（British Museum，Great Russell St, WC1B 3DG）
  - 简介：全球顶级综合性博物馆，馆藏超800万件，罗塞塔石碑、帕特农神庙雕塑、埃及木乃伊等镇馆之宝不容错过。
  - 参考票价：免费（建议提前官网预约免费时段入场，馆内接受自愿捐赠）
  - 建议游览时长：2–2.5小时
  - 小贴士：家庭游客可于服务台领取免费“Family Trail”探索手册；主入口（Great Russell St）及北侧Montague Pl入口均提供无障碍通道与婴儿车租赁；避开11:00-14:00高峰，建议10:00开馆即入；馆内空调较足，建议带薄外套。

> 🚇 **前往午餐**：步行约15分钟（1.1公里）或乘坐公交 14/49 路至 Covent Garden 站（约8分钟，成人 £1.75/约¥16，儿童半价）

**午餐推荐**
- Wagamama Covent Garden — 日式简餐/亚洲风味，人均约 ¥80–100（£8–11）
  - 推荐菜品：鸡肉拉面（Chicken Katsu Curry Ramen）、儿童餐（Kids' Chicken & Rice Bowl，附果汁）
  - 家庭友好提示：店内提供高脚椅，出餐快、口味温和适合儿童；支持信用卡/手机支付；若排队较长可改用隔壁 Pret A Manger 购买三明治+热饮（人均约 ¥45）

> 🚇 **前往下午景点**：地铁 Piccadilly 线 → Leicester Square 站（1站，约3分钟，£2.80/约¥26）出站后步行 5 分钟至特拉法加广场

**下午**
- 国家美术馆（The National Gallery，Trafalgar Square, WC2N 5DN）
  - 简介：特拉法加广场北侧，免费收藏梵高《向日葵》、透纳《战舰无畏号》等欧洲绘画巅峰之作，建筑与广场喷泉本身就是文化地标。
  - 参考票价：免费（特展需购票，家庭日常参观无需额外费用）
  - 建议游览时长：1.5小时
  - 小贴士：正门台阶较多，家庭/轮椅请走侧边无障碍坡道（Charing Cross Rd 侧）；馆内设有“Family Room”互动区；建议重点看19-20世纪展厅，动线紧凑不费腿。

- 泰特现代美术馆（Tate Modern，Bankside, SE1 9TG）
  - 简介：由旧发电厂改造的当代艺术殿堂，巨型涡轮大厅（Turbine Hall）常年展出震撼级装置艺术，顶层观景台可俯瞰圣保罗大教堂与泰晤士河。
  - 参考票价：常设展免费（特展 £15–20/约¥140–185）
  - 建议游览时长：1–1.5小时
  - 小贴士：从国家美术馆步行过滑铁卢桥（约15分钟）沿途风景极佳；美术馆入口宽敞平坦，全程电梯可达各层；儿童可参与免费周末工作坊（需官网提前查档期）。

> 🚇 **前往晚餐**：步行约 8 分钟（过千禧桥即达）或搭乘公交 381/344 至 Southwark 站（约5分钟）

**晚餐推荐**
- 博罗市场（Borough Market，8 Southwark St, SE1 1TL）
  - 简介：伦敦最具烟火气的百年美食市集，汇聚各国街头小吃、手工奶酪、现烤海鲜与甜品，是体验英国市井饮食文化的绝佳场所。
  - 参考消费：人均 ¥60–90（£6–10）
  - 推荐点位：The Apple Man（现烤苹果派，儿童喜爱）、Brindisa（西班牙Tapas拼盘）、Gourmet Burger Kitchen（平价汉堡+薯条）；市集内多为站立/共享长桌，建议错峰 17:30 前入场。
  - 家庭提示：地面略湿滑，建议穿防滑鞋；多数摊位支持非接触支付，部分老字号仅收现金（备 £20 以内零钱即可）。

> 🚇 **前往晚上活动**：步行 3 分钟至泰晤士河南岸步道

**晚上**
- 泰晤士河南岸夜景漫步 & 莎士比亚环球剧场外观（Bankside Walk & Shakespeare’s Globe）
  - 简介：沿河步道灯火柔和，可远眺碎片大厦与圣保罗大教堂；环球剧场保留伊丽莎白时期露天结构，夜间外观极具戏剧氛围。
  - 参考票价：步道免费；剧场庭院参观 £5/约¥46（16岁以下儿童免费，仅白天开放导览）
  - 建议时长：40–60分钟
  - 小贴士：河边傍晚风大，建议备防风外套；单人带娃家庭请牵好孩子，避开码头边缘；若想听现场戏剧可提前1个月预订“Groundling”站票（£10），但1日行程不建议安排，以免疲劳。

> 💡 备选：若遇持续降雨 → 替换下午户外活动，改乘公交至维多利亚与阿尔伯特博物馆（V&A Museum，South Kensington），全程室内、免费、儿童互动展丰富，馆内咖啡厅提供热饮与简餐；若老人/儿童体力透支 → 跳过泰特现代，直接在特拉法加广场周边 National Portrait Gallery（免费）休息参观，随后乘地铁直达博罗市场晚餐。

---

## 住宿建议
因仅1日行程，建议选择交通枢纽附近、步行可达景点且性价比高的区域：
1. **King's Cross / Euston 区域**（经济型连锁如 Premier Inn / Travelodge）：约 ¥400–600/晚，地铁/火车枢纽，前往各景点换乘≤2次，家庭房宽敞，含早餐套餐。
2. **Southwark / Borough 区域**（B&B 或公寓式酒店如 CityStay）：约 ¥500–700/晚，紧邻博罗市场与泰晤士河，夜归安全便利，部分提供厨房可自煮简餐，适合预算控制。
3. **Bloomsbury 区域**（大学周边青旅/家庭旅馆如 Generator London 家庭房）：约 ¥300–450/人/晚，步行至大英博物馆仅10分钟，社交空间大，适合带学龄儿童的家庭体验伦敦学术氛围。

---

## 预算参考（3人家庭，1天，参考估算）
| 项目 | 预估费用（人民币）|
|------|-----------------|
| 当地交通（地铁/公交/步行）| ¥150（Oyster卡/Contactless 每日封顶 £9.6/人） |
| 餐饮（午餐+晚餐+饮水零食）| ¥450（市集简餐+平价餐厅为主） |
| 景点门票 | ¥0（核心博物馆均免费，仅备少量现金用于特展/捐赠） |
| 住宿（1晚，家庭房）| ¥600–900（视区域与提前预订时间浮动） |
| 购物/其他（纪念品/应急）| ¥200 |
| **合计** | **¥1,400–1,700** |
| **人均** | **¥470–570** |

> ⚠️ 本预算不含国际往返机票（需根据出发地实时查询）。伦敦公共交通支持 Contactless 银行卡/手机支付，无需单独购票；博物馆虽免费，但部分特展需官网提前锁定名额，旺季建议提前1–2周预约。

---

## 实用信息
- **签证**：中国公民赴英需提前申请标准访客签证（Standard Visitor Visa），通过 UKVI 官网提交材料，审核期通常3–8周；12岁以下儿童需提供出生证明及父母同意书。
- **货币**：英镑（GBP）。英国已高度普及非接触支付（信用卡/Apple Pay/Google Pay），街头仅少数老店收现金；建议携带少量 £20 以下纸币应急，避免大额现钞。
- **语言**：英语为主。常用短语：Excuse me（借过/打扰）、Could we get a kids' menu?（有儿童菜单吗？）、Where is the accessible lift?（无障碍电梯在哪？）。
- **气候**：伦敦全年多阵雨，昼夜温差大（春秋季 8–18°C）。建议“洋葱式穿搭”：防风防水外套+薄毛衣+舒适步行鞋；随身带折叠伞；若遇高温（>28°C）或暴雨，及时转入地铁/商场/博物馆休息。
- **紧急联系**：报警/急救 999 或 112；中国驻英国大使馆领事保护电话 +44-20-7436-8294（非工作时间可拨 112 转接）；伦敦交通局紧急热线 0343 222 1234。"
B0163,boundary,我想去伦敦玩1天，和家人一起，我们喜欢文化，预算比较有限。,巴黎,1,低,历史,2,3578,agent,87.94,# 伦敦 1日行程 · 家庭文化之旅  ## 行程概览 这是一条专为家庭设计的“零门票+深度人文”一日精华路线，串联大英博物馆、国家美术馆与泰晤士南岸文化带，节奏舒缓且全程覆盖室内空间，完美契合文化偏好。以伦敦典型的春季/秋季（5月或10月，均温8-18°C，多阵雨）为参考，行程已内置雨天全室内替代方案，并采用伦敦交通日封顶卡控制预算，确保全家轻松高效出行。  ## 出发准备 （未提供出发地与日期，此节跳过。建议提前准备：折叠晴雨伞、轻便防水外套、舒适步行鞋、手机绑定Visa/Mastercard非接触支付或提前开通Apple/Google Pay以直接使用伦敦公交系统。）  ---  ## ,"# 伦敦 1日行程 · 家庭文化之旅

## 行程概览
这是一条专为家庭设计的“零门票+深度人文”一日精华路线，串联大英博物馆、国家美术馆与泰晤士南岸文化带，节奏舒缓且全程覆盖室内空间，完美契合文化偏好。以伦敦典型的春季/秋季（5月或10月，均温8-18°C，多阵雨）为参考，行程已内置雨天全室内替代方案，并采用伦敦交通日封顶卡控制预算，确保全家轻松高效出行。

## 出发准备
（未提供出发地与日期，此节跳过。建议提前准备：折叠晴雨伞、轻便防水外套、舒适步行鞋、手机绑定Visa/Mastercard非接触支付或提前开通Apple/Google Pay以直接使用伦敦公交系统。）

---

## 第 1 天：经典英伦文化与博物馆巡礼
> 用一天时间穿越千年文明，从古希腊神庙到印象派画布，感受伦敦“免费世界级文化殿堂”的独特魅力。

**上午**
- **大英博物馆（British Museum）**（Great Russell St, Bloomsbury, WC1B 3DG）
  - 简介：全球最负盛名的综合性博物馆，馆藏超800万件，涵盖古埃及木乃伊、罗塞塔石碑、帕特农神庙雕塑等人类文明瑰宝。
  - 参考票价：免费（常设展免费，特展需购票；18岁以下免费）
  - 建议游览时长：2.5小时
  - 小贴士：官网免费预约时段可免排队（Walk-in通常可进但需排队）；馆内提供免费家庭探索手册（Family Trail）；主入口及侧门均设无障碍坡道与电梯，婴儿车可全程推行；避开11:00-14:00高峰，建议9:30开门即入，按楼层从下往上参观。
  
> 🚇 **前往午餐**：步行约 10 分钟 / 或地铁 Central/Piccadilly 线 → Tottenham Court Road 站（约 4 分钟，使用非接触支付扣费 £1.80）

**午餐推荐**
- **The Plough** — 传统英式家庭酒吧/简餐，人均约 £12–15
  - 推荐菜品：经典炸鱼薯条（Fish & Chips）、周日烤肉（若逢周末）、儿童专属小份餐（Kids Menu）
  - 家庭友好：提供儿童高脚椅、独立洗手间，氛围轻松不喧闹，出餐快适合家庭节奏。

> 🚇 **前往下午景点**：步行约 15 分钟（推荐沿途穿过 Covent Garden 感受街头艺人文化与历史市集）/ 或地铁 Northern 线 → Leicester Square 站（约 5 分钟，£1.80）

**下午**
- **国家美术馆（The National Gallery） & 特拉法加广场**（Trafalgar Square, WC2N 5DN）
  - 简介：坐落于伦敦地标特拉法加广场北侧，珍藏西欧13-19世纪绘画杰作，包括梵高《向日葵》、莫奈《睡莲》、透纳海景画及文艺复兴大师真迹。
  - 参考票价：免费（语音导览APP免费，18岁以下免费）
  - 建议游览时长：2小时
  - 小贴士：正门安检较严，建议从右侧侧门（St Martin's Place）进入；一楼设有家庭休息区与饮水处；馆内提供“Spotlight Tours”免费定时导览（前台领取时间表）；广场喷泉台阶可短暂休息，喂鸽子已禁止但可观赏街头雕塑与历史建筑。

> 🚇 **前往晚餐**：地铁 Northern 线（Bank支）→ London Bridge 站（约 8 分钟，£1.80）/ 步行约 20 分钟（沿 Strand 街步行，途经皇家法庭剧院区，感受西区戏剧氛围）

**晚餐推荐**
- **Borough Market 市集周边简餐**（8 Southwark St, SE1 1TL）
  - 特色：伦敦最古老食品市集，汇聚英伦传统小吃与国际平价美食
  - 人均约 £10–14
  - 推荐点单：Kappacasein Dairy 现烤奶酪三明治、Bread Ahead 现烤面包与甜甜圈、或 Monmouth Coffee 搭配轻食；家庭可购买拼盘分享，部分摊位设露天长椅，建议错峰17:30前前往避开人流。

> 🚇 **前往晚上活动**：步行 2 分钟即达泰晤士河南岸步道（Southbank）

**晚上**
- **泰晤士河南岸文化漫步（Southbank Centre & 莎士比亚环球剧场外观）**
  - 简介：沿河步行道串联皇家节日音乐厅、南岸中心艺术区与环球剧场，夜间常有免费街头音乐、诗歌朗诵与露天书市（Waterloo Bridge 下），文化氛围浓厚且免费开放。
  - 参考票价：免费（剧场内部导览需 £20，外观与周边步道全免）
  - 建议游览时长：1-1.5小时
  - 小贴士：南岸步道照明充足、监控密集，家庭夜间行走安全；若孩子精力尚可，可参与南岸中心每周日晚的“免费家庭艺术工作坊”（需官网提前1周预约）；河风较凉，建议备薄外套。

> 💡 备选：**V&A 博物馆（Victoria & Albert Museum）**——若遇持续大雨或下午体力下降，可改乘地铁 Piccadilly 线至 South Kensington 站，该馆全室内、空调完善，设家庭互动展厅与无障碍母婴室，常设展免费，是雨天文化游的完美替代。

---

## 住宿建议
（1日行程若需过夜，低预算家庭推荐以下区域）
- **King's Cross / St Pancras 区**：交通枢纽优势明显，地铁6线交汇，往返博物馆/机场极便利。推荐 `Premier Inn London King's Cross` 或 `YHA London Central`（家庭房约 £85–110/晚），含早餐选项，步行可达摄政运河步道。
- **Earl's Court（2区）**：老牌平价住宿聚集地，家庭旅馆与B&B密集，周边超市/药妆店齐全，地铁 District/Piccadilly 线直达市中心。推荐 `Ibis London Earls Court`（家庭连通房约 £75–95/晚），适合预算敏感型家庭。
- 适合度：均提供家庭房/连通房、免费Wi-Fi、行李寄存；非市中心核心区但地铁15分钟内覆盖主要景点，性价比极高。

## 预算参考（3人家庭，1天1夜，低预算参考估算）
| 项目 | 预估费用（人民币）|
|------|-----------------|
| 当地交通（地铁/公交非接触支付，含日封顶）| ¥120（约 £15/人/天封顶，3人） |
| 餐饮（早/午/晚餐+饮品）| ¥450（约 £12-14/餐/人，3餐） |
| 景点门票（常设展全免，仅预留特展备用金）| ¥0（若参观特展预留 ¥200） |
| 住宿（1晚家庭房）| ¥800–1,000（约 £85-110） |
| 购物/其他（纪念品/应急雨具）| ¥150 |
| **合计** | **¥1,520–1,720** |
| **人均** | **¥500–570** |

> ⚠️ 以上为淡季平日参考价，周末及节假日住宿上浮15%-30%；伦敦交通采用“非接触支付日封顶（Daily Cap）”，单日地铁+公交扣费不会超过 £8.50（1-2区），家庭出行无需额外购买交通卡。

## 实用信息
- **签证**：中国公民需提前申请英国 Standard Visitor Visa（访问签证），通过 GOV.UK 官网在线提交，录指纹后约3周出签；儿童需单独递交申请并附出生证明。
- **货币**：英镑（GBP）。伦敦已高度普及非接触支付（Contactless），地铁/公交/餐厅/超市均可直接刷 Visa/Mastercard 或手机Pay；无需大量现金，建议备 £20 零钱用于市集小摊或投币储物柜。
- **语言**：英语。博物馆/餐厅工作人员普遍具备基础中文指引能力；常用短语：`Could we have a high chair, please?`（需要儿童椅）、`Where is the accessible toilet?`（无障碍洗手间在哪）。
- **气候**：伦敦天气多变，单日温差可达 8-10°C，阵雨频繁。穿衣建议采用“洋葱式叠穿”（T恤+薄毛衣+防风防水外套）；随身必带折叠伞；若遇突发暴雨，所有推荐景点均为全室内或带顶棚市集，行程不受影响。
- **紧急联系**：报警/急救/火警拨打 `999` 或 `112`；非紧急警务 `101`；中国驻英国大使馆领事保护电话：`+44-20-74368294`（24小时）；建议出行前下载 `NHS App` 以备紧急医疗查询。"
B0163,boundary,我想去伦敦玩1天，和家人一起，我们喜欢文化，预算比较有限。,巴黎,1,低,历史,3,3274,agent,83.1,# 伦敦 1日行程 · 家庭文化游  ## 行程概览 这是一条专为家庭设计的“零门票+高性价比”文化漫步路线，聚焦伦敦最顶级的免费博物馆、历史街区与泰晤士河畔风光。行程节奏张弛有度，避开高强度徒步，充分利用公共交通与平价美食。伦敦当月气候多为 10–18°C，阵雨频繁，整体以室内文化场馆为主轴，搭配河畔休闲夜景，兼顾长辈的舒适度与孩子的探索欲。  ## 第 1 天：博物馆艺术巡礼与泰晤士河畔夜色 > 用脚步丈量英伦文脉，在免费殿堂中感受人类文明，傍晚沿河吹风看桥。  **上午** - **大英博物馆 (British Museum)**（Bloomsbury区，Russell Square站附,"# 伦敦 1日行程 · 家庭文化游

## 行程概览
这是一条专为家庭设计的“零门票+高性价比”文化漫步路线，聚焦伦敦最顶级的免费博物馆、历史街区与泰晤士河畔风光。行程节奏张弛有度，避开高强度徒步，充分利用公共交通与平价美食。伦敦当月气候多为 10–18°C，阵雨频繁，整体以室内文化场馆为主轴，搭配河畔休闲夜景，兼顾长辈的舒适度与孩子的探索欲。

## 第 1 天：博物馆艺术巡礼与泰晤士河畔夜色
> 用脚步丈量英伦文脉，在免费殿堂中感受人类文明，傍晚沿河吹风看桥。

**上午**
- **大英博物馆 (British Museum)**（Bloomsbury区，Russell Square站附近）
  - 简介：世界四大博物馆之一，馆藏跨越200万年人类历史，罗塞塔石碑、帕特农神庙雕塑与埃及木乃伊展厅为必看亮点。
  - 参考票价：免费（特展需额外购票，家庭游建议仅看常设展）
  - 建议游览时长：2.5 小时
  - 小贴士：需提前在官网预约入场时段；馆内提供多语种免费语音导览（App下载即可）；设有家庭探索包（Family Trail）供儿童边看边盖章；全馆无障碍电梯覆盖，轮椅/婴儿车可直达各主展厅；建议10:00前入场避开旅行团高峰。

> 🚇 **前往下一站**：步行约 15 分钟（沿 High Holborn 向东转入 Covent Garden 步行街，沿途可看街头艺人表演）/ 地铁 Central线 Holborn → Covent Garden 站（1站，约3分钟，成人单程 £2.80，11岁以下儿童免费，使用 Oyster 卡或 Contactless 银行卡）

**午餐推荐**
- **Dishoom Covent Garden** — 印度/波斯复古餐厅，人均约 £15–20（约 ¥140–180）
  - 推荐菜品 / 点单建议：House Black Daal（慢炖黑豆扁豆，温和不辣，老人儿童友好）、Chicken Ruby、新鲜烤饼 Naan；店内提供儿童高脚椅，环境宽敞有复古车厢座位，需提前线上排队。

> 🚇 **前往下一站**：步行约 10 分钟（沿 Strand 大街向西直行至特拉法加广场南侧入口）/ 公交 176路 Covent Garden → Trafalgar Square（约 5 分钟，£1.75）

**下午**
- **国家美术馆 (National Gallery) & 特拉法加广场**（Trafalgar Square, WC2N 5DN）
  - 简介：欧洲绘画宝库，梵高《向日葵》、莫奈《睡莲》、透纳光影风景画均在此展出。广场中央有纳尔逊纪念柱与狮子雕像，适合家庭合影。
  - 参考票价：免费（语音导览 £5，18岁以下免费）
  - 建议游览时长：2 小时
  - 小贴士：周一不闭馆，但周末人流极多，建议 14:00 后错峰入场；馆内设有家庭活动单（Gallery Trail），儿童可领取画笔完成寻宝任务；全程平层+电梯，轮椅友好；参观后可在广场台阶休息，观看街头音乐表演。

> 🚇 **前往下一站**：地铁 Northern线 Leicester Square → London Bridge 站（2站，约 5 分钟，成人 £2.80，儿童免费/半价）

**晚餐推荐**
- **Borough Market 美食街**（8 Southwark St, SE1 9AL）
  - 简介/特色：伦敦最古老的露天食品市集，汇聚手工奶酪、现烤面包、西班牙Tapas与亚洲小吃，适合家庭“边走边吃”自由搭配。
  - 人均消费：约 £10–15（约 ¥90–140）
  - 推荐菜品：Bread Ahead 现烤甜甜圈、Monmouth Coffee、Brindisa 烤西班牙辣椒、The Ginger Pig 手工肉派；部分摊位提供公共长椅，建议错峰 17:30 前抵达。

> 🚇 **前往下一站**：步行约 5 分钟（从市集南门出，沿 Tooley Street 向南直达泰晤士河南岸步道）

**晚上**
- **泰晤士河南岸步行夜景**（Westminster Bridge → London Bridge 段）
  - 简介：沿河步道平坦开阔，可远眺大本钟、伦敦眼、碎片大厦与伦敦塔桥夜景，海风微凉，氛围宁静浪漫。
  - 参考票价：免费（若想乘船，Uber Boat by Thames Clippers 单程 Oyster 卡 £4.95）
  - 建议游览时长：1–1.5 小时
  - 小贴士：河岸无遮挡，建议携带防风外套；步道全程无障碍，适合婴儿车/轮椅；夜间灯光柔和，但部分路段较暗，建议家庭结伴同行，保管好随身物品。

> 💡 备选：**维多利亚和阿尔伯特博物馆 (V&A)** 或 **泰特现代美术馆 (Tate Modern)**——若遇大雨或体力不支，可替换下午户外步行。两者均免费开放，V&A 侧重装饰艺术与时尚设计，Tate 侧重现代装置与互动艺术，馆内均有咖啡厅与家庭休息区。

---

## 住宿建议
1天行程建议住在交通枢纽附近，方便次日返程：
- **经济型/青旅**：YHA London St Pancras（King's Cross 区域）
  - 价格区间：£40–60/床位 或 £80–100/家庭房
  - 优势：步行至大英博物馆仅 10 分钟，地铁/火车枢纽，自带厨房可自炊，适合预算有限的家庭。
- **舒适型/三星酒店**：Premier Inn London County Hall（South Bank）
  - 价格区间：£90–120/晚（家庭房含儿童加床）
  - 优势：紧邻泰晤士河与伦敦眼，步行至 Borough Market 仅 8 分钟，床品舒适，隔音好，适合带老人小孩追求安静休息的家庭。

---

## 预算参考（3人家庭，1天，参考估算）
| 项目 | 预估费用（人民币）|
|------|-----------------|
| 当地交通（Oyster/Contactless 封顶）| ¥120（约 £13/人/天，儿童11岁以下免费） |
| 餐饮（午餐+晚餐+咖啡小吃）| ¥550（约 £60，市集+平价餐厅组合） |
| 住宿（1晚家庭房/青旅包间）| ¥750–900（视选择而定） |
| 景点门票 | ¥0（核心场馆均为免费） |
| 购物/纪念品/应急 | ¥200 |
| **合计** | **¥1,620–1,770** |
| **人均** | **¥540–590** |

> ⚠️ 伦敦物价受季节与汇率波动影响，以上按 1 GBP ≈ 9.2 CNY 估算。实际支出请以当日刷卡汇率与现场标价为准。

---

## 实用信息
- **签证**：中国公民需提前办理英国标准访客签证（Standard Visitor Visa），通过 UKVI 官网在线申请并预约生物信息采集，建议提前 1–2 个月准备。
- **货币**：当地货币为英镑（GBP）。伦敦几乎全面支持 Contactless 银行卡/Apple Pay/支付宝/微信（部分商户），建议携带 1 张免货币转换费的信用卡，另备 £50 现金应对市集小额摊位。
- **语言**：英语。常用短语：Please（请）、Thank you（谢谢）、Excuse me（借过）、Toilet（洗手间）。
- **气候**：伦敦属温带海洋性气候，当月平均气温 10–18°C，多阵雨且风力较大。穿衣建议：防风防水外套 + 轻便毛衣 + 舒适防滑步行鞋；随身带折叠伞；若遇极端大风，建议减少河岸停留时间。
- **紧急联系**：报警/急救/消防统一拨打 **999**（非紧急警务 **101**）；中国驻英国大使馆领事保护电话：+44-20-7631-1430。"
S0659,standard,我想去东京玩5天，我们喜欢历史、购物，预算中等，有小孩子。,巴黎,7,高,"历史,美食",1,26,error,504.77,[ERROR: Connection error.],[ERROR: Connection error.]
S0659,standard,我想去东京玩5天，我们喜欢历史、购物，预算中等，有小孩子。,巴黎,7,高,"历史,美食",2,26,error,810.54,[ERROR: Connection error.],[ERROR: Connection error.]
S0659,standard,我想去东京玩5天，我们喜欢历史、购物，预算中等，有小孩子。,巴黎,7,高,"历史,美食",3,26,error,748.08,[ERROR: Connection error.],[ERROR: Connection error.]
S0402,standard,我想去罗马玩3天，和爱人一起，我们喜欢购物，预算中等，有老人。,东京,7,低,美食,1,6201,agent,128.97,# 罗马 3日行程 · 情侣携长辈购物休闲游  ## 行程概览 本行程专为“情侣+长辈”组合设计，以**慢节奏人文漫步+精品购物**为核心，避开罗马正午烈日与拥挤人流，每日户外步行控制在1.5小时内，穿插室内休息与无障碍动线。假设出行月份为**4-5月或9-10月**（罗马最佳旅行季，气温15-24°C，昼夜温差明显，偶有阵雨），整体节奏舒缓优雅，兼顾长辈舒适度、情侣浪漫体验与中端购物需求。  ---  ## 第 1 天：文艺复兴街区与意式高街漫步 > 漫步罗马心脏地带，在古典建筑与设计师橱窗间感受慢调意式生活  **上午** - **西班牙广场 & 孔多蒂街（Piazza di Spagna,"# 罗马 3日行程 · 情侣携长辈购物休闲游

## 行程概览
本行程专为“情侣+长辈”组合设计，以**慢节奏人文漫步+精品购物**为核心，避开罗马正午烈日与拥挤人流，每日户外步行控制在1.5小时内，穿插室内休息与无障碍动线。假设出行月份为**4-5月或9-10月**（罗马最佳旅行季，气温15-24°C，昼夜温差明显，偶有阵雨），整体节奏舒缓优雅，兼顾长辈舒适度、情侣浪漫体验与中端购物需求。

---

## 第 1 天：文艺复兴街区与意式高街漫步
> 漫步罗马心脏地带，在古典建筑与设计师橱窗间感受慢调意式生活

**上午**
- **西班牙广场 & 孔多蒂街（Piazza di Spagna & Via Condotti）**
  - 简介：罗马最负盛名的奢侈品购物街，汇集Gucci、Prada、Valentino等一线品牌，广场台阶与破船喷泉构成经典合影点。
  - 参考票价：免费开放（喷泉/广场）；品牌店自由逛
  - 建议游览时长：2小时
  - 小贴士：8:30-10:00前往可避开人流高峰；广场台阶设有无障碍电梯（位于Via dei Condotti 31号侧），长辈建议从电梯直达上层休息区；建议穿软底防滑鞋。

> 🚇 **前往午餐**：沿 Via del Babuino 向北步行约 6 分钟（约400米，路面平整，沿途有3处公共长椅可歇脚），直达餐厅。

**午餐推荐**
- **Il Palazzetto** — 传统罗马菜/景观露台，人均约 ¥250-350
  - 推荐菜品：Cacio e Pepe（黑椒奶酪意面）、Saltimbocca alla Romana（罗马小牛肉）
  - 长辈友好：设有安静靠窗座位，提供软垫椅，可提前备注“需少盐/软烂口感”；儿童座椅/无障碍洗手间齐全

**下午**
- **万神殿（Pantheon）**
  - 简介：古罗马建筑奇迹，穹顶采光孔震撼，内部安葬拉斐尔等名人。现需预约入场。
  - 参考票价：€5（约¥38），65岁以上老人免票（需出示护照），学生€3
  - 建议游览时长：1小时
  - 小贴士：官网提前3-7天预约10:00-11:00时段（避开12:00-14:00高峰）；入口平缓无台阶，内部大理石地面较滑，长辈建议慢行；夏季内部较凉爽，春秋备薄外套。

> 🚇 **前往下一站**：从万神殿步行约 10 分钟至纳沃纳广场（沿 Via della Rotonda → Corso del Rinascimento），全程平路，途经 Piazza della Minerva 可短暂休息。

- **纳沃纳广场（Piazza Navona）& 周边精品买手店**
  - 简介：巴洛克风格广场，拥有贝尔尼尼四河喷泉，周边环绕独立设计师珠宝、皮具与复古文具店。
  - 参考票价：广场免费；店铺消费自理
  - 建议游览时长：1.5小时
  - 小贴士：广场四周有多家带遮阳伞的露天咖啡座，长辈可在此休息观景；购物注意询问是否支持“Tax-Free”退税（单店满€70.15可办理，部分店铺支持支付宝/微信）。

> 🚇 **前往晚餐**：步行约 8 分钟至 Pantheon 北侧街区（Via di Campo Marzio 方向），沿途有遮阳棚与座椅。

**晚餐推荐**
- **Armando al Pantheon** — 百年老字号罗马家常菜，人均约 ¥280-380
  - 推荐菜品：Amatriciana（番茄培根意面）、Carciofi alla Giudia（犹太风味炸洋蓟）
  - 长辈友好：环境安静复古，需提前2周邮件预订靠墙软座；提供无麸质/低脂菜单选项，服务员会主动调整上菜节奏。

**晚上**
- 沿台伯河支流漫步返回酒店，或于广场旁 Gelateria 品尝手工冰淇淋（推荐 Fatamorgana 罗马特色口味，长辈可选低糖款）。情侣可预约酒店附近的私人露台Aperitivo（人均€15起），避开夜间喧闹酒吧区。

> 💡 备选：**Galleria Alberto Sordi（室内购物中心）**——若遇阵雨或长辈体力透支，可替换下午户外行程，该商场位于威尼斯广场旁，空调充足、无障碍电梯完善、品牌齐全，内设休息区与平价咖啡。

---

## 第 2 天：梵蒂冈艺术与高端百货巡礼
> 穿越信仰与美学的长廊，在文艺复兴杰作与现代百货间从容切换

**上午**
- **梵蒂冈博物馆 & 西斯廷教堂（Vatican Museums & Sistine Chapel）**
  - 简介：收藏拉斐尔房间、米开朗基罗《创世纪》等顶级艺术品，需严格按时段入场。
  - 参考票价：€20（约¥150），65岁以上老人€8，需提前官网预约；含语音导览€7
  - 建议游览时长：2.5小时
  - 小贴士：**务必预约9:00最早时段**，避开人流；博物馆内设有免费轮椅租赁点（入口右侧）；路线较长，建议只走核心动线（松果庭院→拉斐尔室→西斯廷），中途在“Pio-Clementino”雕塑厅休息15分钟；西斯廷教堂内严禁拍照/说话。

> 🚇 **前往午餐**：从博物馆出口步行约 5 分钟至 Borgo Pio 老街（沿 Viale Vaticano 向西），路面平坦，沿途有长椅。

**午餐推荐**
- **Osteria delle Commari** — 传统罗马家庭料理，人均约 ¥220-300
  - 推荐菜品：Pasta alla Gricia（猪面颊奶酪意面）、Polpette al Sugo（番茄肉丸）
  - 长辈友好：座位宽敞不拥挤，提供软座与温水；可提前告知需“少油/易咀嚼”菜品，上菜节奏舒缓。

**下午**
- **圣天使城堡（Castel Sant'Angelo）**
  - 简介：哈德良皇帝陵墓改建的军事堡垒，顶层露台可俯瞰圣彼得大教堂穹顶，视野极佳。
  - 参考票价：€15（约¥115），65岁以上€11；电梯直达顶层
  - 建议游览时长：1小时
  - 小贴士：城堡内台阶较多，但主通道设有电梯（入口右侧标识清晰）；长辈建议只参观1-2层展厅+顶层观景，避免攀爬螺旋阶梯；晴天风大，备防风外套。

> 🚇 **前往下一站**：乘坐公交 64 路（1站，约5分钟）或步行 15 分钟至 Repubblica 广场；建议打车（约€8-10，5分钟），对长辈更省力。

- **文艺复兴百货（La Rinascente Roma Tritone）**
  - 简介：意大利国民高端百货，汇聚美妆、香氛、家居、轻奢服饰，顶层设美食广场与观景台。
  - 参考票价：免费进入；消费满€155可现场办理退税
  - 建议游览时长：2小时
  - 小贴士：每层均设宽敞无障碍电梯与休息座椅；长辈可直奔1楼美妆与4楼家居区，避开周末拥挤时段；顶层“Terrazza Tritone”可俯瞰共和国广场，适合情侣拍照。

> 🚇 **前往晚餐**：步行约 6 分钟至 Via Nazionale 沿线餐厅区，全程室内连廊或平路，无台阶。

**晚餐推荐**
- **Trattoria al Moro** — 经典罗马小酒馆（距百货步行6分钟），人均约 ¥260-340
  - 推荐菜品：Coda alla Vaccinara（红酒炖牛尾）、Tiramisu（提拉米苏）
  - 长辈友好：环境温馨安静，桌距宽敞；提供无酒精饮品单，可提前预订靠窗位。

**晚上**
- 返回酒店休息，或于附近广场（Piazza della Repubblica）长椅静观夜灯下的天使与喷泉。单人/情侣夜间避免深入特米尼车站（Termini）周边偏僻小巷，建议沿主干道活动。

> 💡 备选：**罗马国家博物馆（Museo Nazionale Romano）**——若遇雨天或梵蒂冈排队过长，可替换为室内艺术巡礼，馆藏丰富、人流较少，无障碍设施完善，适合长辈慢逛。

---

## 第 3 天：古罗马遗迹与优雅街区购物
> 在千年石阶间触摸历史，于宁静街区挑选意式伴手礼

**上午**
- **斗兽场（Colosseum）& 古罗马广场（Roman Forum）**
  - 简介：罗马帝国象征，联票包含帕拉蒂尼山。地面层可近距离感受建筑规模。
  - 参考票价：联票€18（约¥135），65岁以上€2；需官网严格预约入场时段
  - 建议游览时长：2小时
  - 小贴士：**预约8:30-9:30时段**，清晨光线柔和、气温适宜；斗兽场内部设有无障碍电梯（从正门右侧通道进入）；长辈建议只参观底层与看台，不攀爬陡峭阶梯；古罗马广场碎石路多，建议穿支撑性好的步行鞋，广场内设多处遮阳休息区。

> 🚇 **前往午餐**：从斗兽场B出口步行约 8 分钟至 Monti 区（Via del Boschetto 方向），沿途有树荫与长椅，坡度平缓。

**午餐推荐**
- **Ai Tre Scalini** — 罗马老城区网红意餐，人均约 ¥200-280
  - 推荐菜品：Carbonara（经典培根蛋意面）、Bruschetta（烤面包配番茄）
  - 长辈友好：提供软座与室内安静区；可提前备注“需低盐/软质菜品”，服务员会主动推荐易消化选项。

**下午**
- **科拉迪里恩佐街（Via Cola di Rienzo）& 普拉蒂区（Prati）购物**
  - 简介：罗马本地中产最爱的购物街，街道宽阔平整，品牌以中高端为主（Max Mara、Boggi、Intimissimi、药妆店），氛围悠闲。
  - 参考票价：自由逛；支持Tax-Free退税
  - 建议游览时长：2小时
  - 小贴士：该街区人车分流良好，适合长辈慢逛；推荐在“Farmacia”购买意式药妆/保健品（可退税）；情侣可挑选手工皮具或银饰作为纪念；午后14:00-16:00多数小店有午休，建议15:30后前往精品店。

> 🚇 **前往晚餐**：步行约 5 分钟至 Prati 区核心餐饮街（Via Crescenzio），全程平坦，有遮阳棚与座椅。

**晚餐推荐**
- **Il Sorpasso** — 现代罗马创意菜+葡萄酒吧，人均约 ¥240-320
  - 推荐菜品：Tagliata di Manzo（薄切烤牛排）、Risotto ai Funghi（牛肝菌炖饭）
  - 长辈友好：环境明亮现代，噪音控制佳；提供无麸质面包与低酒精饮品；座位间距大，适合长时间用餐聊天。

**晚上**
- 酒店露台小酌或散步至台伯河畔（Ponte Sant'Angelo 夜景），避开喧闹夜市，享受宁静意式夜晚。建议22:00前返回酒店休息，保障长辈睡眠。

> 💡 备选：**卡比托利欧博物馆（Musei Capitolini）**——若斗兽场体力消耗大，可替换为室内人文体验。博物馆位于卡比托利欧广场，电梯直达各展厅，馆藏马可·奥勒留铜像等珍品，人流适中，适合长辈慢节奏参观。

---

## 住宿建议
| 预算档次 | 推荐区域/酒店 | 价格区间（2晚） | 适合度说明 |
|----------|---------------|----------------|------------|
| **中端优选** | **Prati 区（近梵蒂冈）**：Hotel Alimandi Vaticano | ¥1,800-2,400/晚 | 街道安静安全，距地铁A线步行8分钟，周边药妆店/超市齐全，适合长辈居住；部分房型带电梯直达。 |
| **中端浪漫** | **Monti 区（近斗兽场）**：The First Roma Dolce | ¥2,200-2,800/晚 | 设计感强，顶楼露台可看古罗马遗迹夜景；步行10分钟至地铁C线，情侣氛围佳；提供无障碍客房需提前备注。 |
| **性价比** | **特米尼车站北侧**：Hotel Artemide | ¥1,500-2,000/晚 | 交通极便利（地铁A/B交汇），步行可达各景点；内设SPA与静音楼层，长辈休息舒适；周边餐饮选择多。 |

> 预订提示：罗马老城区酒店多无电梯，**务必在预订时确认“Elevator/Lift”与“Accessible Room”**；建议优先选择含早餐的房型，方便长辈规律作息。

---

## 预算参考（3人，3天，参考估算）
| 项目 | 预估费用（人民币）|
|------|-----------------|
| 国际往返机票（3人）| ¥18,000–24,000（经济舱参考，提前2-3个月预订） |
| 当地交通（地铁/公交/短途打车）| ¥800–1,000（3日通票+偶尔打车） |
| 住宿（2晚）| ¥3,600–5,600（中端酒店双床/大床+无障碍房） |
| 餐饮 | ¥2,700–3,600（人均¥300-400/天，含3顿正餐+轻食） |
| 景点门票 | ¥1,200–1,500（含梵蒂冈/斗兽场/万神殿，老人优惠已计入） |
| 购物/伴手礼 | ¥3,000–6,000（丰俭由人，未计入硬性预算） |
| **合计** | **¥29,300–41,700** |
| **人均** | **¥9,800–13,900** |

> ⚠️ 机票价格受出发日期、舱位和购买时间影响较大，以上为参考区间，实际价格请以出行前实时查询为准。罗马地铁单次票€1.5，建议购买 **Roma Pass（48h/€28）** 含2个景点免排队+无限次交通，但本行程节奏慢，单买更灵活。

---

## 实用信息
- **签证**：中国公民需提前申请申根签证（意大利为目的地国）。建议通过意大利签证中心官网预约，材料含行程单、酒店机票预订单、保险（保额≥3万欧元）、资金证明。处理周期约15个工作日。
- **货币**：欧元（€）。建议携带少量现金（€200-300/人）用于小费/市集，其余使用 Visa/Mastercard 信用卡或支付宝/微信（大型商场/餐厅已普及）。退税需在离境机场办理，保留好退税单与护照。
- **语言**：意大利语为主，旅游区英语通用。常用短语：Grazie（谢谢）、Prego（不客气/请）、Per favore（请）、Aiuto（救命/求助）。
- **气候**：4-5月/9-10月为最佳，日均15-24°C，早晚凉、中午暖。**穿衣建议**：洋葱式穿搭（薄毛衣/针织衫+风衣/防晒外套），舒适防滑步行鞋，随身折叠伞。**极端天气预案**：遇阵雨立即转入室内商场/博物馆；高温天（>28°C）将户外活动改至9:00前或17:00后。
- **紧急联系**：报警 112 / 急救 118 / 火警 115。中国驻意大利大使馆领事保护电话：+39-06-96524200（24小时）。建议购买含医疗转运的旅行保险，长辈随身携带常用药（降压/肠胃/创可贴）。"
S0402,standard,我想去罗马玩3天，和爱人一起，我们喜欢购物，预算中等，有老人。,东京,7,低,美食,2,6203,agent,264.16,# 罗马 3日行程 · 情侣携长辈出行  ## 行程概览 本行程专为“情侣+长辈”组合设计，以“慢节奏、少步行、重体验”为核心，将古罗马经典地标、梵蒂冈艺术殿堂与罗马核心购物街区巧妙串联。5月出行气候宜人（均温15-24°C，偶有阵雨），行程避开正午高温与客流高峰，每日安排1-2次强制休息点，餐饮优先选择安静、座椅舒适、提供软烂意面的家庭友好型餐厅，兼顾浪漫氛围与长辈舒适度。  ## 行程概览 （用户未提供出发地，此节跳过）  ---  ## 第 1 天：古罗马遗迹巡礼与中央大道购物 > 穿越千年帝国荣光，在历史街区与平价意式购物中感受罗马日常  **上午** - 斗兽场与古罗马广场（Piaz,"# 罗马 3日行程 · 情侣携长辈出行

## 行程概览
本行程专为“情侣+长辈”组合设计，以“慢节奏、少步行、重体验”为核心，将古罗马经典地标、梵蒂冈艺术殿堂与罗马核心购物街区巧妙串联。5月出行气候宜人（均温15-24°C，偶有阵雨），行程避开正午高温与客流高峰，每日安排1-2次强制休息点，餐饮优先选择安静、座椅舒适、提供软烂意面的家庭友好型餐厅，兼顾浪漫氛围与长辈舒适度。

## 行程概览
（用户未提供出发地，此节跳过）

---

## 第 1 天：古罗马遗迹巡礼与中央大道购物
> 穿越千年帝国荣光，在历史街区与平价意式购物中感受罗马日常

**上午**
- 斗兽场与古罗马广场（Piazza del Colosseo / Via dei Fori Imperiali）
  - 简介：古罗马帝国象征，建议从斗兽场开始，沿Via dei Fori Imperiali慢行至古罗马广场遗址。
  - 参考票价：联票约 ¥140/人（含斗兽场、古罗马广场、帕拉蒂尼山，72小时内有效；65岁以上欧盟长者免费，非欧盟长者凭护照可享部分折扣或陪同人员优惠，建议购票时说明）
  - 建议游览时长：2.5 小时（含休息）
  - 小贴士：**无障碍提示**：斗兽场设有专用电梯入口（Via di San Gregorio 3号），需提前在官网预约“Mobility reduced”票；古罗马广场石板路较多，建议携带轻便折叠凳或随时利用遗址周边长椅休息；8:30开门即入可避开人流与高温。
> 🚇 **前往下一站**：步行约 5 分钟至附近餐厅（约 300 米，平坦石板路，长辈可慢走）

**午餐推荐**
- Trattoria Luzzi — 传统罗马家常菜，人均约 ¥150
  - 推荐菜品：Cacio e Pepe（黑椒奶酪意面，软烂易嚼）、Saltimbocca alla Romana（小牛肉卷）、无麸质面包可选。餐厅有户外遮阳棚与室内安静区，提供儿童/老人友好软座。
> 🚇 **前往下一站**：打车约 ¥30–40（10分钟，避免步行爬坡），或步行15分钟至威尼斯广场

**下午**
- 威尼斯广场与祖国祭坛（Piazza Venezia / Vittoriano）
  - 简介：罗马地标性白色大理石建筑群，内部电梯可直达顶层观景台，俯瞰斗兽场至西班牙广场轴线。
  - 参考票价：电梯+观景台约 ¥80/人（65岁以上约 ¥60）
  - 建议游览时长：1.5 小时
  - 小贴士：电梯入口在Via di San Pietro in Carcere 1号，全程无障碍；顶层风大，建议备薄外套；避开11:00-14:00旅行团高峰。
> 🚇 **前往下一站**：步行约 12 分钟至特莱维喷泉（沿途有长椅，建议分两段走，中途在Piazza San Claudio休息10分钟）

- 特莱维喷泉（Trevi Fountain）与科索大道购物（Via del Corso）
  - 简介：许愿池打卡后，沿Via del Corso开启中等预算购物。该街聚集Zara、Massimo Dutti、OVS及多家意大利本土皮具/鞋履折扣店。
  - 参考票价：免费（橱窗浏览/进店）
  - 建议游览时长：2 小时（购物+咖啡馆休息）
  - 小贴士：街道平坦，适合轮椅/助行器；长辈可在“Caffè Greco”或“Rinascente百货一层休息区”歇脚，情侣可逛独立设计师买手店“Antonia”。
> 🚇 **前往下一站**：步行约 8 分钟至西班牙广场区域

**晚餐推荐**
- Il Gabriello — 新派意餐，人均约 ¥250
  - 推荐菜品：Risotto ai Funghi Porcini（牛肝菌烩饭）、Grigliata Mista（混合烤肉拼盘）。环境优雅安静，有包间，适合长辈用餐，服务细致。
> 🚇 **前往下一站**：步行约 5 分钟至酒店或前往晚间活动地点

**晚上**
- 西班牙台阶夜景与孔多蒂大道漫步（Piazza di Spagna / Via Condotti）
  - 简介：夜幕降临后避开白日拥挤，沿Via Condotti欣赏奢侈品橱窗，在台阶底部长椅小坐，感受意式浪漫。
  - 参考票价：免费
  - 建议游览时长：1 小时
  - 小贴士：台阶夜间有安保，但禁止坐台阶（防罚单），建议坐在周边广场长椅；21:30后部分商店关门，适合情侣拍照。

> 💡 备选：卡比托利欧博物馆（Musei Capitolini）——若遇阵雨或长辈体力不足，可替换下午户外步行。馆内恒温、全程电梯，收藏大量古罗马雕塑与文艺复兴画作，65岁以上凭护照享半价优惠。

---

## 第 2 天：梵蒂冈艺术殿堂与普拉蒂区精品慢逛
> 沉浸文艺复兴巅峰之作，在罗马本地人青睐的街区享受从容购物

**上午**
- 梵蒂冈博物馆与西斯廷教堂（Viale Vaticano）
  - 简介：拉斐尔画室、挂毯馆、西斯廷天顶画，艺术爱好者必访。
  - 参考票价：约 ¥160/人（含语音导览；65岁以上约 ¥120）
  - 建议游览时长：3 小时（含中途休息）
  - 小贴士：**必须提前官网预约**（选择8:00或9:00时段）；馆内设有“Percorso Breve”（短路线，约1.5小时，避开长廊步行）；全程有无障碍电梯与休息长椅；西斯廷教堂内禁止拍照，保持安静。
> 🚇 **前往下一站**：步行约 10 分钟至博尔戈皮奥街区（Via di Porta Angelica出口，路面平整）

**午餐推荐**
- Osteria del Sostegno — 梵蒂冈旁家庭式餐馆，人均约 ¥180
  - 推荐菜品：Gnocchi alla Romana（罗马土豆团子，口感软糯）、Pollo alla Cacciatora（炖鸡）。室内空调充足，座椅带靠背，长辈友好。
> 🚇 **前往下一站**：步行约 15 分钟或打车 ¥35–45（8分钟）至普拉蒂区

**下午**
- 普拉蒂区购物街（Via Cola di Rienzo & Via Otranto）
  - 简介：罗马本地中产最爱逛的商业街，避开游客溢价。主打意大利中端品牌（如Boggi Milano、Luisa Spagnoli）、药妆店（Farmacia）与复古银饰。
  - 参考票价：免费浏览，购物按个人预算
  - 建议游览时长：2.5 小时
  - 小贴士：街道宽阔平坦，红绿灯多；推荐“Rinascente百货”（有电梯直达各层，顶层露台可看圣彼得大教堂穹顶，适合长辈拍照休息）；15:00-17:00为午休时段，部分小店关门，可先逛百货。
> 🚇 **前往下一站**：地铁 A 线 → Lepanto 站（1站，¥12）或步行10分钟至晚餐地

**晚餐推荐**
- Armando al Pantheon（需提前预约）— 百年老字号，人均约 ¥280
  - 推荐菜品：Carbonara（经典培根蛋酱意面）、Abbacchio scottadito（烤羊排）。位于万神殿旁安静小巷，木质装潢复古，提供软垫高背椅。
> 🚇 **前往下一站**：步行约 6 分钟至万神殿广场

**晚上**
- 万神殿夜景与情侣手工冰淇淋（Piazza della Rotonda）
  - 简介：万神殿夜间亮灯后更显庄严，避开白天排队。在广场旁“Giolitti”或“Fatamorgana”买手工Gelato，情侣可分享双球杯。
  - 参考票价：免费（Gelato约 ¥40/份）
  - 建议游览时长：1 小时
  - 小贴士：万神殿内部夜间不开放，但外部拱廊可避风；Gelato选天然色素口味（如开心果、柠檬），避免人工香精。

> 💡 备选：阿尔贝托·索尔迪拱廊街（Galleria Alberto Sordi）——若遇降雨或长辈需室内休息，可前往威尼斯广场旁的百年拱廊商场，内部有咖啡厅、书店与免税店，全程空调+电梯，适合慢逛购物。

---

## 第 3 天：博尔盖塞花园文艺与特拉斯提弗列在地生活
> 逃离喧嚣，在文艺复兴园林与老城烟火气中收尾旅程

**上午**
- 博尔盖塞美术馆（Galleria Borghese）
  - 简介：贝尼尼雕塑与卡拉瓦乔真迹的宝库，需严格分时段入场。
  - 参考票价：约 ¥120/人（含预约费；65岁以上约 ¥90）
  - 建议游览时长：2 小时
  - 小贴士：**必须提前1个月官网抢票**（选9:00或11:00场）；馆内恒温、座椅充足；出口直通博尔盖塞公园，可租双人高尔夫球车（约¥300/小时，免步行）带长辈环湖。
> 🚇 **前往下一站**：打车约 ¥40–50（15分钟）至特拉斯提弗列区，或公交 H 线（约20分钟，长辈建议打车）

**午餐推荐**
- Da Enzo al 29 — 特拉斯提弗列网红小馆（需排队/预约），人均约 ¥160
  - 推荐菜品：Carciofi alla Giudia（犹太式炸洋蓟）、Tonnarelli Cacio e Pepe。空间紧凑但温馨，建议12:00前到店避峰，提供木质软座。
> 🚇 **前往下一站**：步行约 5 分钟至圣玛利亚教堂

**下午**
- 特拉斯提弗列老城漫步与手工皮具/陶瓷购物（Piazza Santa Maria in Trastevere & Via della Lungaretta）
  - 简介：罗马最迷人的中世纪街区，广场喷泉与古老教堂相映。沿街多独立皮具店、手工陶瓷与复古市集摊位。
  - 参考票价：免费
  - 建议游览时长：2.5 小时
  - 小贴士：**石板路较多**，建议长辈穿厚底防滑鞋；避开主街拥挤段，拐入“Via della Scala”等平行小巷更安静；推荐“Bottega dei Marmi”（大理石小件）与“Artigiani del Trastevere”（手工皮具，可定制刻字）。
> 🚇 **前往下一站**：步行约 10 分钟或打车 ¥25–35 至台伯河畔

**晚餐推荐**
- Glass Hostaria（米其林一星，需预约）— 现代创意意餐，人均约 ¥450
  - 推荐菜品：Degustazione Menu（5道式品鉴菜单，可备注软食/低盐）、Risotto al Nero di Seppia。位于Trastevere安静内街，灯光柔和，服务节奏慢，适合纪念日晚餐。
> 🚇 **前往下一站**：打车约 ¥30–40（10分钟）至酒店

**晚上**
- 台伯河夜游与情侣漫步（Lungotevere）
  - 简介：沿河岸慢行，欣赏古桥（Ponte Sisto）灯光倒影。20:30后可乘坐小型游船（约¥100/人，45分钟），避开陆地步行疲劳。
  - 参考票价：游船 ¥100/人（65岁以上约 ¥80）
  - 建议游览时长：1 小时
  - 小贴士：游船有上下坡跳板，需搀扶长辈；夜间风凉，备薄披肩；单人/独行不推荐此段，但情侣+长辈在船上有座位休息，安全舒适。

> 💡 备选：Eataly Roma（大型意式美食百货）——若遇暴雨或长辈需室内购物，可前往Termini火车站附近的Eataly。集食品超市、餐厅、厨具与意式伴手礼于一体，全程电梯+休息区，适合一站式采购橄榄油、松露酱、手工意面。

---

## 住宿建议
| 预算档次 | 推荐区域/酒店 | 价格区间（3晚） | 适合度与优势 |
|----------|----------------|------------------|--------------|
| 中端优选 | **Hotel Artemide**（共和国广场旁） | ¥3,000–4,500 | 步行至地铁A线，带屋顶露台酒吧；电梯+无障碍客房齐全，适合长辈；情侣可享双人SPA折扣 |
| 性价比 | **Hotel Quirinale**（歌剧院区） | ¥2,500–3,800 | 靠近Via Nazionale购物街，房间安静隔音好；含早餐，提供折叠轮椅借用服务 |
| 特色民宿 | **Trastevere 区精品B&B**（如 Relais Le Clarisse） | ¥2,000–3,200 | 老城庭院风格，适合情侣体验在地生活；但部分无电梯，预订时需确认“Ground Floor/电梯房” |

> 建议优先选择 **共和国广场（Piazza della Repubblica）或 普拉蒂区（Prati）**，地铁换乘便利、街道平坦、医疗/药房密集，对长辈最友好。

## 预算参考（3人，3天，中等预算参考估算）
| 项目 | 预估费用（人民币）|
|------|-----------------|
| 当地交通（地铁票+打车+游船）| ¥1,200 |
| 住宿（3晚，中端双床/大床房+加床）| ¥3,500 |
| 餐饮（含2顿正餐+日常简餐/咖啡/Gelato）| ¥4,500 |
| 景点门票（含无障碍/长者优惠预约）| ¥1,000 |
| 购物/伴手礼/其他 | ¥3,000 |
| **合计** | **¥13,200** |
| **人均** | **¥4,400** |

> ⚠️ 机票价格受出发日期、舱位和购买时间影响较大，以上为参考区间，实际价格请以出行前实时查询为准。罗马市内打车建议使用官方APP（如FreeNow或AppTaxi），避免路边黑车；长者购票务必携带护照原件以享折扣。

## 实用信息
- **签证**：中国公民需提前办理申根签证（意大利为申根国），建议提前1-2个月通过“中意签证申请中心”官网预约，准备行程单、酒店订单、保险及资金证明。
- **货币**：欧元（€）。罗马电子支付普及，但市集/小餐馆可能只收现金。建议携带少量€50以下零钞，大额消费刷Visa/Mastercard信用卡（免货币转换费卡种优先）。
- **语言**：意大利语为主，旅游区英语通用。常用短语：Grazie（谢谢）、Per favore（请）、Dov'è il bagno?（洗手间在哪？）、Aiuto（救命/求助）。
- **气候**：以5月为例，均温15-24°C，早晚微凉、午后阳光强。穿衣建议：薄外套+透气长裤+防滑软底鞋；备折叠伞与防晒霜。若遇阵雨，所有户外景点均可无缝切换至备选室内场馆。
- **紧急联系**：报警/急救 112（欧洲通用）；中国驻意大利大使馆领事保护电话：+39-06-8413458；建议购买含医疗运送的旅行保险。
- **无障碍与长者提示**：罗马老城区多为历史石板路，建议为长辈准备轻便折叠凳或租用轮椅（多数酒店/博物馆可协助）；避开正午步行，每1-1.5小时安排咖啡馆/长椅休息；景点预约时务必勾选“Mobility Reduced/Reduced Mobility”选项以获取电梯通道与绿色通道。"
S0402,standard,我想去罗马玩3天，和爱人一起，我们喜欢购物，预算中等，有老人。,东京,7,低,美食,3,5396,agent,406.31,# 罗马 3日行程 · 情侣携长辈漫游购物之旅  ## 行程概览 以5月春末出行为基准（气温12-23°C，偶有阵雨），本行程专为“情侣+长辈”设计，主打**慢节奏、适老动线与精品购物**。避开古罗马广场等碎石陡坡区域，优先选择电梯直达观景台、平坦步行街与室内精品商场；穿插罗马本土咖啡文化休息，购物动线集中在西班牙广场、普拉蒂区与蒙蒂区，兼顾一线大牌与独立设计师好物。整体节奏张弛有度，每日步行控制在5000步以内，雨天/高温均有平滑替换方案。  ---  ## 第 1 天：地标俯瞰与高街时尚巡礼 > 避开暴走，以电梯观景开启罗马初印象，随后漫步顶级购物大道  **上午** - 威尼斯广场 & ,"# 罗马 3日行程 · 情侣携长辈漫游购物之旅

## 行程概览
以5月春末出行为基准（气温12-23°C，偶有阵雨），本行程专为“情侣+长辈”设计，主打**慢节奏、适老动线与精品购物**。避开古罗马广场等碎石陡坡区域，优先选择电梯直达观景台、平坦步行街与室内精品商场；穿插罗马本土咖啡文化休息，购物动线集中在西班牙广场、普拉蒂区与蒙蒂区，兼顾一线大牌与独立设计师好物。整体节奏张弛有度，每日步行控制在5000步以内，雨天/高温均有平滑替换方案。

---

## 第 1 天：地标俯瞰与高街时尚巡礼
> 避开暴走，以电梯观景开启罗马初印象，随后漫步顶级购物大道

**上午**
- 威尼斯广场 & 祖国母亲纪念堂顶层 (Piazza Venezia & Vittoriano)
  - 简介：罗马地理中心，纪念堂顶层可乘电梯直达全景露台，360°俯瞰斗兽场与古罗马遗址，免去攀爬数百级台阶之苦，极适合长辈。
  - 参考票价：广场免费；观景台成人约 ¥45（€6），65岁以上长者凭护照享优惠约 ¥30。
  - 建议游览时长：1 小时
  - 小贴士：安检较严，请提前5分钟抵达。入口处标有“Ascensore/Lift”字样，全程无障碍。建议 9:00 前往，光线柔和且人流最少。

> 🚇 **前往午餐**：步行约 8 分钟（平坦石板路）/ 若长辈微累可乘公交 64 路至 Piazza del Gesù 站（约 5 分钟，¥10）

**午餐推荐**
- Trattoria da Valentino — 传统罗马家常菜，人均约 ¥180
  - 推荐菜品：经典培根蛋酱意面 (Cacio e Pepe)、慢烤罗马洋蓟。餐厅提供加厚软座与无障碍通道，上菜节奏舒缓，对长辈肠胃友好。

> 🚇 **前往下午景点**：步行约 10 分钟至西班牙广场 / 打车约 ¥15–20（5分钟，推荐用 FreeNow/Uber叫车）

**下午**
- 西班牙广场 & 孔多蒂大道 (Piazza di Spagna & Via Condotti) 购物
  - 简介：全球顶级时尚街区，汇聚 Gucci、Prada、Valentino 等旗舰店及意大利本土香氛/皮具买手店。街道宽阔平坦，橱窗陈列极具艺术感。
  - 参考票价：免费（街景/橱窗浏览）
  - 建议游览时长：2.5 小时
  - 小贴士：避开 14:00-16:00 拍照高峰。建议从广场中段开始逛，沿途每 40 分钟可进入 Babington's 百年茶馆或 Sant'Eustachio Il Caffè 歇脚。部分大牌店提供 VIP 休息室，可主动询问。

> 🚇 **前往晚餐**：步行约 12 分钟至特莱维喷泉周边 / 打车约 ¥20（6分钟）

**晚餐推荐**
- Aroma Restaurant (平替：Trattoria Monti) — 景观/精致意餐，人均约 ¥300–350
  - 推荐菜品：黑松露手工宽面、烤海鲈鱼配时蔬。若选景观位需提前1个月预约；长辈建议预订安静内座或半包间，避免露台风大。

**晚上**
- 特莱维喷泉 (Trevi Fountain) 夜游与许愿
  - 简介：避开白天拥挤人潮，夜晚暖光打在巴洛克雕塑上更显浪漫。情侣可并肩投币许愿，长辈可在喷泉侧边长椅静观。
  - 小贴士：地面大理石遇水易滑，长辈务必穿防滑平底鞋。停留 30 分钟即可，周边注意防盗包贴身前背。

> 💡 备选：若遇午后阵雨，下午购物可平移至 **Galleria Alberto Sordi**（封闭式高端商场，内有空调、电梯、休息区），晚餐改为室内老牌餐厅 **Il Pagliaccio**（需预约）。

---

## 第 2 天：文艺复兴瑰宝与本土生活街区
> 室内艺术殿堂恒温舒适，搭配罗马人私藏购物街，轻松不费腿

**上午**
- 梵蒂冈博物馆 & 圣彼得大教堂 (预约早场)
  - 简介：艺术史殿堂，重点参观西斯廷教堂、拉斐尔展厅与圣彼得大教堂穹顶。馆内动线优化，设有电梯与轮椅通道。
  - 参考票价：成人约 ¥200（€27），65岁以上长者约 ¥155（官网预约）。
  - 建议游览时长：2.5 小时（控制节奏，不贪多）
  - 小贴士：务必提前 1-2 个月在官网预约 8:30 或 9:00 时段。馆内空调较冷（常年20°C），长辈需备薄开衫。入口处可免费领取轮椅（数量有限，先到先得）。

> 🚇 **前往午餐**：地铁 A 线 Ottaviano 站 → Lepanto 站（1站，约 5 分钟，¥10）/ 步行约 12 分钟（沿途树荫遮蔽）

**午餐推荐**
- Bonci Pizzarium — 罗马神级披萨切片店，人均约 ¥80
  - 推荐菜品：按克称重的创意披萨（土豆马苏里拉、意式火腿芝麻菜）。若长辈需正式座位，建议步行 5 分钟至 **Trattoria L'Angolo**（安静内堂，提供软座与意式炖菜）。

> 🚇 **前往下午景点**：步行约 5 分钟（同属普拉蒂区，街区连贯）

**下午**
- 普拉蒂区 Via Cola di Rienzo 购物 (Prati District)
  - 简介：罗马本地中产最爱的高街，主打中高端百货、意大利国民皮具（如 The Bridge、Il Bisonte）、鞋履与家居生活馆。人流适中，街道宽敞整洁。
  - 参考票价：免费
  - 建议游览时长：2 小时
  - 小贴士：推荐逛 **La Rinascente** 百货顶层美食区与家居层。下午 15:00-17:00 阳光斜照最适合拍照。沿途 Gelateria 可买意式冰淇淋（推荐 Pistachio di Bronte）。

> 🚇 **前往晚餐**：步行约 15 分钟至圣天使桥 / 打车约 ¥20（8分钟）

**晚餐推荐**
- Ristorante Arlu — 现代罗马菜与海鲜，人均约 ¥280
  - 推荐菜品：柠檬烤海鲈鱼、手工宽面配海鲜酱汁。环境优雅安静，提供无障碍坡道入口与高背卡座，适合家庭慢餐。

**晚上**
- 圣天使桥 (Ponte Sant'Angelo) & 台伯河畔漫步
  - 简介：贝尔尼尼天使群像在暮色中极具雕塑感。河畔步道全铺装平坦，微风拂面，适合饭后消食与情侣牵手散步。
  - 小贴士：20:00 后光线渐暗，建议沿主步道行走，避开桥下偏僻小径。

> 💡 备选：若长辈体力透支，下午可取消购物，改为前往 **Borghese Gallery**（室内恒温、需严格预约、人少清静，贝尼尼雕塑真迹）；晚上直接回酒店安排 **双人/家庭芳香按摩**（约 ¥600/人，缓解步行疲劳）。

---

## 第 3 天：文艺买手街与百年老饕收官
> 钻进罗马最慵懒的街区淘独特好物，在百年老店品尝地道风味

**上午**
- 蒙蒂区独立设计 & 复古街区 (Rione Monti)
  - 简介：罗马最文艺的社区，遍布古董店、手工皮具坊、独立设计师买手店与小众画廊。氛围松弛，适合淘独特伴手礼。
  - 参考票价：免费
  - 建议游览时长：2 小时
  - 小贴士：地面为老石板路，建议穿缓震平底鞋。推荐店铺：**Freni e Frizioni**（复古家居）、**Atelier 900**（手工银饰）。每逛 40 分钟可进咖啡馆（如 **Caffè Propaganda**）休息。

> 🚇 **前往午餐**：步行约 8 分钟 / 打车约 ¥15（3分钟）

**午餐推荐**
- Armando al Pantheon — 百年老字号罗马菜，人均约 ¥300
  - 推荐菜品：牛肚包 (Trippa alla Romana)、羊奶酪意面 (Pasta alla Gricia)。需提前官网订位，传统罗马风味浓郁，有电梯直达二楼用餐区，服务周到。

> 🚇 **前往下午景点**：步行约 3 分钟（万神殿就在餐厅街对面）

**下午**
- 万神殿 (Pantheon) & 纳沃纳广场周边购物 (Piazza Navona)
  - 简介：万神殿为古罗马建筑奇迹，内部无柱空间震撼且全程无障碍。纳沃纳广场周边聚集高品质文具店、手工香氛与珠宝作坊。
  - 参考票价：万神殿成人约 ¥40（€5），65岁以上免票（需持护照/身份证）
  - 建议游览时长：1.5 小时
  - 小贴士：万神殿需官网预约入场时段（建议 14:00）。购物可集中在 **Via del Governo Vecchio**（独立香氛如 **Officina Profumo-Farmaceutica di Santa Maria Novella** 分店）。

> 🚇 **前往晚餐**：步行约 10 分钟 / 打车约 ¥18（5分钟）

**晚餐推荐**
- Roscioli Salumeria con Cucina — 顶级熟食与葡萄酒吧，人均约 ¥350
  - 推荐菜品：松露奶酪拼盘、碳烤海鲜意面、自然酒。需提前数周预约，体验罗马地道美食文化。座位较紧凑，建议预订长辈靠墙位，避开过道。

**晚上**
- 酒店露台微醺 / 罗马特色 SPA 体验
  - 简介：三日行程收官，推荐在酒店预约双人/家庭热石按摩，或前往精品酒店顶层酒吧（如 **Hotel de Russie Terrace**）欣赏城市灯火与星空。
  - 小贴士：深夜返回建议乘坐正规出租车（White Taxi App 或酒店代叫），单人/情侣避免步行穿过无路灯小巷。

> 💡 备选：若遇突发降雨或高温（>30°C），下午替换为 **MAXXI 当代艺术博物馆**（扎哈·哈迪德设计，室内恒温、无障碍完善、人少），晚餐改为室内 Trattoria。

---

## 住宿建议
按中等预算推荐以下 2 个区域，兼顾购物便利、适老动线与安静度：
1. **西班牙广场/孔多蒂大道周边**（如 Hotel Artemide 或 The Inn at the Roman Forum）
   - 价格：¥1,200–1,800/晚
   - 优势：步行直达购物核心区，酒店多配备电梯、无障碍房型与早餐软食选项，情侣体验佳。
2. **纳沃纳广场/万神殿周边**（如 Hotel Navona 或 Relais Piazza Navona）
   - 价格：¥1,400–2,000/晚
   - 优势：历史氛围浓厚，周边餐厅密集且安静，步行至景点均 <15 分钟，适合长辈减少换乘疲劳。

> ⚠️ 预订时请备注“需要低楼层/带电梯/安静朝向/无障碍淋浴”，罗马老城区部分建筑无电梯，务必提前确认。

---

## 预算参考（3人，3天，参考估算）
| 项目 | 预估费用（人民币）|
|------|-----------------|
| 国际往返机票（3人）| ¥24,000（经济舱参考，非节假日浮动±15%） |
| 当地交通（地铁/公交/偶尔打车）| ¥900 |
| 住宿（3晚，中等4星/精品）| ¥4,500 |
| 餐饮（含正餐/咖啡/零食）| ¥4,200 |
| 景点门票（含长者优惠）| ¥700 |
| 购物/伴手礼（弹性）| ¥3,000–5,000 |
| **合计** | **¥37,300–39,300** |
| **人均** | **¥12,400–13,100** |

> ⚠️ 机票价格受出发日期、舱位和购买时间影响较大，以上为参考区间，实际价格请以出行前实时查询为准。购物预算为弹性项，可根据个人需求增减。

---

## 实用信息
- **签证**：中国公民需办理申根签证（意大利领区）。建议提前 2-3 个月预约递签，准备行程单、酒店预订单、医疗保险（保额≥€30,000）及资金证明。
- **货币**：欧元（EUR）。建议携带少量现金（€200-300）用于小额消费/小费，其余使用 Visa/Mastercard 信用卡或 Apple Pay。罗马市区 ATM 较多，但注意防侧录。
- **语言**：意大利语为主，旅游区英语通用。常用短语：Grazie（谢谢）、Scusi（打扰/借过）、Dov'è il bagno?（洗手间在哪？）。
- **气候（以5月为例）**：日均 12-23°C，早晚偏凉，午后偶有阵雨。穿衣建议“洋葱式”：轻薄长袖+针织开衫+防风外套，长辈备薄围巾防空调/河风。雨具必带，高温日（>28°C）将户外移至 16:00 后。
- **紧急联系**：
  - 欧洲通用紧急电话：112（报警/急救/消防）
  - 中国驻意大利大使馆领事保护电话：+39-06-96524200
  - 罗马游客援助热线（多语）：+39-06-0608
- **适老特别提示**：罗马石板路与台阶较多，建议为长辈准备折叠小凳或轻便手杖；每日行程预留 1-2 次咖啡/冰淇淋休息；使用 Bolt/FreeNow App 叫车比路边拦车更规范透明。"
S0344,standard,我想去巴黎玩7天，和家人一起，我们喜欢自然、文化，预算中等，有老人。,纽约,7,高,"购物,历史",1,26,error,824.97,[ERROR: Connection error.],[ERROR: Connection error.]
S0344,standard,我想去巴黎玩7天，和家人一起，我们喜欢自然、文化，预算中等，有老人。,纽约,7,高,"购物,历史",2,26,error,813.14,[ERROR: Connection error.],[ERROR: Connection error.]
S0344,standard,我想去巴黎玩7天，和家人一起，我们喜欢自然、文化，预算中等，有老人。,纽约,7,高,"购物,历史",3,26,error,801.82,[ERROR: Connection error.],[ERROR: Connection error.]
B0141,boundary,我想去纽约玩7天，和爱人一起，我们喜欢美食，预算比较宽裕。,巴黎,7,高,自然,1,0,agent,131.53,,
B0141,boundary,我想去纽约玩7天，和爱人一起，我们喜欢美食，预算比较宽裕。,巴黎,7,高,自然,2,26,error,768.98,[ERROR: Connection error.],[ERROR: Connection error.]
B0141,boundary,我想去纽约玩7天，和爱人一起，我们喜欢美食，预算比较宽裕。,巴黎,7,高,自然,3,26,error,734.43,[ERROR: Connection error.],[ERROR: Connection error.]
S0389,standard,我想去纽约玩7天，和朋友一起，我们喜欢自然、购物，预算比较宽裕，需要轮椅无障碍设施。,东京,5,中,美食,1,9727,agent,440.9,# 纽约 7日行程 · 朋友同行（自然/购物/高预算/轮椅无障碍）  ## 行程概览 这是一趟专为朋友结伴设计的纽约深度体验，以“都市绿洲+高端购物”为主线，全程优先安排轮椅无障碍动线。纽约5月或9-10月气候最为宜人（日均气温12-22°C，偶有阵雨），行程节奏张弛有度，避开早晚高峰拥挤，以无障碍专车+步行结合的方式串联中央公园、高线公园、布鲁克林植物园与苏豪区、第五大道等核心商圈。每日均配备雨天室内替代方案与无障碍设施提示，确保自然探索与购物体验舒适无忧。  ## 出发准备 （因未提供出发地，此节略过。建议提前预订纽约JFK/EWR机场至酒店的无障碍接机专车，纽约无障碍出租车（Access,"# 纽约 7日行程 · 朋友同行（自然/购物/高预算/轮椅无障碍）

## 行程概览
这是一趟专为朋友结伴设计的纽约深度体验，以“都市绿洲+高端购物”为主线，全程优先安排轮椅无障碍动线。纽约5月或9-10月气候最为宜人（日均气温12-22°C，偶有阵雨），行程节奏张弛有度，避开早晚高峰拥挤，以无障碍专车+步行结合的方式串联中央公园、高线公园、布鲁克林植物园与苏豪区、第五大道等核心商圈。每日均配备雨天室内替代方案与无障碍设施提示，确保自然探索与购物体验舒适无忧。

## 出发准备
（因未提供出发地，此节略过。建议提前预订纽约JFK/EWR机场至酒店的无障碍接机专车，纽约无障碍出租车（Accessible Taxis NYC）或Uber WAV需提前2小时预约，确保车辆配备升降坡道与轮椅固定装置。）

---

## 第 1 天：曼哈顿中轴初探 · 都市地标与奢华购物
> 从经典天际线切入，以无障碍动线开启纽约的繁华与优雅

**上午**
- 洛克菲勒中心 & 峭石之巅观景台（Rockefeller Center & Top of the Rock）
  - 简介：纽约最具代表性的建筑群，69层观景台360°俯瞰中央公园与帝国大厦。
  - 参考票价：成人 $45（约¥325），轮椅使用者免费陪同1人；需提前官网预约时段
  - 建议游览时长：1.5小时
  - 无障碍贴士：全程电梯直达，观景平台为平坦防滑地面，设有无障碍洗手间。建议预约10:00前时段避开人流高峰。

> 🚇 **前往午餐**：步行约5分钟（全程平坦人行道）/ 无障碍专车接送约 $15–20（约¥110–140），10分钟

**午餐推荐**
- The Sea Grill — 美式海鲜/法餐，人均约 $65（约¥470）
  - 推荐菜品：龙虾卷、烤海鲈鱼、主厨当日鲜鱼
  - 无障碍提示：入口无台阶，提供宽敞桌距与无障碍洗手间，服务员可协助轮椅停放。

**下午**
- 第五大道精品购物（Fifth Avenue: Apple Store, Bergdorf Goodman, Tiffany & Co.）
  - 简介：全球顶级品牌旗舰店云集，建筑与橱窗设计极具打卡价值。
  - 参考票价：免费进入（商场/店铺）
  - 建议游览时长：2.5小时
  - 无障碍贴士：所有旗舰店均设自动门与电梯，Bergdorf Goodman提供购物手推车及行李寄存。建议避开12:00-14:00高峰，部分历史建筑侧门有缓坡。

> 🚇 **前往下一站**：无障碍专车沿第五大道南下至时代广场区域，约 $20–25（约¥145–180），15分钟

**晚餐推荐**
- Le Bernardin — 米其林三星海鲜，人均约 $280（约¥2,020）
  - 推荐菜品：生蚝拼盘、黄鳍金枪鱼刺身、龙虾烩饭（需提前3-4周预订，注明轮椅需求）
  - 无障碍提示：正门设自动坡道，内部通道宽敞，洗手间完全符合ADA标准。

**晚上**
- 时代广场夜间漫步 & Broadway剧院区外围灯光秀
  - 简介：感受纽约“不夜城”霓虹氛围，朋友可拍摄城市夜景合影。
  - 无障碍贴士：主街人行道平整，但人流密集建议靠右侧缓行；如需看剧，优先选择《The Lion King》或《Wicked》等提供无障碍座位的剧院（官网可提前锁定轮椅位）。

> 💡 备选：若遇大雨 → 替换上午户外为 **现代艺术博物馆（MoMA）**（无障碍电梯+轮椅免费租借，门票$25）；若体力充裕 → 增加 **中央车站（Grand Central）地下美食市集**（Oyster Bar & 精品零售，全平层动线）。

---

## 第 2 天：中央公园生态漫游 · 上东艺术殿堂
> 在城市绿肺中呼吸，随后步入世界级艺术殿堂

**上午**
- 中央公园无障碍步道（Bethesda Terrace → Conservatory Water → Conservatory Garden）
  - 简介：纽约后花园，贝塞斯达露台喷泉、模型船池与法式庭院依次展开。
  - 参考票价：免费
  - 建议游览时长：2.5小时
  - 无障碍贴士：公园主环路（Drives）全为沥青平坦路面，轮椅友好；贝塞斯达露台有电梯直达；公园管理处提供无障碍地图下载。

> 🚇 **前往午餐**：无障碍专车沿Central Park South行驶至Upper East Side，约 $18–22（约¥130–160），12分钟

**午餐推荐**
- The Mark Restaurant by Jean-Georges — 新美式/法餐，人均约 $85（约¥615）
  - 推荐菜品：黑松露薯条、凯撒沙拉、和牛汉堡
  - 无障碍提示：酒店底层餐厅，入口无台阶，洗手间宽敞，可提前预留靠墙大桌。

**下午**
- 大都会艺术博物馆（The Met）
  - 简介：世界四大博物馆之一，藏品跨越5000年，埃及馆、欧洲绘画、武器盔甲区必逛。
  - 参考票价：建议捐赠 $30（约¥215），持票可无限次进入；轮椅免费租借
  - 建议游览时长：3小时
  - 无障碍贴士：主入口与地下大厅均设无障碍电梯，全馆铺设平缓通道，所有展厅均配无障碍洗手间。官网可下载“无障碍参观路线图”。

> 🚇 **前往下一站**：无障碍专车返回酒店或前往晚餐地点，约 $15–20（约¥110–145），10分钟

**晚餐推荐**
- Daniel — 米其林二星法餐，人均约 $220（约¥1,590）
  - 推荐菜品：鹅肝冻糕、松露意式炖饭、香草烤羊排
  - 无障碍提示：正门设自动门，内部走廊宽1.2米以上，服务员全程协助轮椅动线。

**晚上**
- 林肯中心广场夜景 & 周边爵士酒吧（如 Birdland）
  - 简介：朋友小酌听爵士，感受纽约文艺夜生活。
  - 无障碍提示：广场全平层；酒吧需提前确认台阶情况，推荐选择地面层入场且提供电梯的Live House。

> 💡 备选：若遇高温（>28°C）→ 下午替换为 **古根海姆博物馆（The Guggenheim）**（螺旋坡道设计，天然适合轮椅，门票$25）；雨天 → 延长博物馆时间或前往 **纽约公共图书馆（主馆）**（Rose Reading Room 全平层，免费）。

---

## 第 3 天：高线公园工业美学 · 切尔西与苏豪购物
> 废弃铁轨上的空中花园，串联先锋设计与独立买手店

**上午**
- 高线公园（The High Line）
  - 简介：由旧铁路改建的线性空中花园，融合景观设计与城市天际线。
  - 参考票价：免费
  - 建议游览时长：2小时
  - 无障碍贴士：Gansevoort St、14th St、23rd St、30th St 均设直达电梯；步道为防滑金属格栅与木板混合，轮椅通行顺畅；沿途设多处无障碍休息长椅。

> 🚇 **前往午餐**：步行至切尔西市场（约8分钟，平坦）/ 无障碍专车 $12–15（约¥85–110），8分钟

**午餐推荐**
- Los Tacos No.1（Chelsea Market 内）— 墨西哥街头美食，人均约 $18（约¥130）
  - 推荐菜品：Al Pastor 烤猪肉卷、Guacamole 配玉米片
  - 无障碍提示：市场内主通道宽2米，但部分摊位有高低台；可选择靠电梯的开放式座位区，提供高脚椅/普通椅替换。

**下午**
- 苏豪区（SoHo）设计师品牌与复古买手店（Prince St → Spring St → Broadway）
  - 简介：铸铁建筑群落，汇聚Acne Studios、Aesop、Reformation等品牌，街拍氛围浓厚。
  - 参考票价：免费（购物自理）
  - 建议游览时长：2.5小时
  - 无障碍贴士：多数临街店铺入口有1-2级台阶，建议优先选择带斜坡标识的店铺（如 Apple SoHo、COS、& Other Stories）；部分历史建筑内部有升降平台，可询问店员。

> 🚇 **前往下一站**：无障碍专车沿Spring St向西至Hudson Yards方向，约 $22–28（约¥160–200），18分钟

**晚餐推荐**
- Marea — 米其林一星海鲜/意餐，人均约 $190（约¥1,375）
  - 推荐菜品：章鱼配骨髓、龙虾意面、黑松露烩饭
  - 无障碍提示：正门无台阶，洗手间设扶手与低位洗手台，可提前备注轮椅位。

**晚上**
- 切尔西码头（Chelsea Piers）夜景漫步 & 朋友微醺
  - 简介：哈德逊河畔步道，可远眺新泽西天际线，氛围轻松。
  - 无障碍提示：步道全平层，夜间照明充足；若风大（>25km/h）建议缩短停留。

> 💡 备选：若遇阵雨 → 替换下午为 **Whitney Museum of American Art**（全馆无障碍，电梯直达各层，门票$25）；购物需求更强 → 增加 **Hudson Yards 购物中心**（全室内空调，轮椅动线完美）。

---

## 第 4 天：布鲁克林自然秘境 · 植物园与DUMBO水岸
> 跨区探索绿意与工业风交织的布鲁克林慢生活

**上午**
- 布鲁克林植物园（Brooklyn Botanic Garden）
  - 简介：占地52英亩，含日本庭院、玫瑰园、温室群，四季花卉轮替。
  - 参考票价：成人 $22（约¥160），65岁以上 $16；轮椅免费租借
  - 建议游览时长：2.5小时
  - 无障碍贴士：主入口至各园区均为平坦碎石与木板路；温室区全为自动门；园内设3处无障碍洗手间。建议避开周末上午10-12点高峰。

> 🚇 **前往午餐**：无障碍专车沿Flatbush Ave至DUMBO区域，约 $20–25（约¥145–180），15分钟

**午餐推荐**
- Grimaldi’s Pizzeria — 纽约传统煤窑披萨，人均约 $35（约¥255）
  - 推荐菜品：Margherita 披萨、Calzone、Tiramisu
  - 无障碍提示：正门有缓坡，室内通道较窄但可通行轮椅；建议错峰11:30或14:00后前往。

**下午**
- DUMBO 区 & 布鲁克林大桥公园（Brooklyn Bridge Park）
  - 简介：经典曼哈顿天际线拍摄地，公园含草坪、码头、滑板场与观景台。
  - 参考票价：免费
  - 建议游览时长：2小时
  - 无障碍贴士：公园主步道全平层，Pier 1 设无障碍观景台与升降电梯至Water St；部分木质栈道有轻微坡度，轮椅可通行但需缓慢。

> 🚇 **前往下一站**：无障碍专车返回曼哈顿金融区或晚餐地，约 $25–30（约¥180–215），20分钟

**晚餐推荐**
- Le Coucou — 米其林一星法式经典，人均约 $175（约¥1,265）
  - 推荐菜品：洋葱汤、鸭胸、巧克力熔岩蛋糕
  - 无障碍提示：入口设自动门，内部无台阶，洗手间符合ADA标准，需提前预订。

**晚上**
- 华尔街历史街区夜游 & 朋友合影
  - 简介：铜牛、纽约证券交易所外围灯光、三一教堂夜景。
  - 无障碍提示：人行道平整，夜间安保良好；铜牛周边拥挤，建议在侧方安全距离拍摄。

> 💡 备选：若遇大风/降温 → 下午替换为 **布鲁克林博物馆（Brooklyn Museum）**（全馆无障碍，门票$20）；体力充沛 → 增加 **纽约渡轮（NYC Ferry）DUMBO线**（渡轮全无障碍，单程$4.5，可体验水上视角）。

---

## 第 5 天：总督岛自然骑行 · 哈德逊湾生态
> 远离喧嚣的离岛绿洲，享受海风与开阔视野

**上午**
- 总督岛（Governors Island）
  - 简介：前军事基地改造的生态公园，含草坪、历史堡垒、艺术装置与自行车道。
  - 参考票价：渡轮往返 $4.5（约¥32）；自行车租赁 $15/小时
  - 建议游览时长：3小时
  - 无障碍贴士：渡轮设无障碍登船坡道；岛上主环路平坦，但部分小山丘坡度较大，建议租赁 **手摇三轮车（Handcycles）或电动代步车**（需提前官网预约）；洗手间全岛分布且均为无障碍标准。

> 🚇 **前往午餐**：无障碍渡轮返回曼哈顿（Battery Park），步行至餐厅约3分钟 / 专车 $12–15（约¥85–110），15分钟

**午餐推荐**
- Fraunces Tavern Museum & Restaurant — 历史美式餐厅，人均约 $45（约¥325）
  - 推荐菜品：纽约炖肉、蛤蜊浓汤、苹果派
  - 无障碍提示：主楼层全平层，洗手间在侧翼电梯可达；历史建筑氛围浓厚，服务员熟悉轮椅动线。

**下午**
- 炮台公园（Battery Park） & 纽约州渡轮码头区
  - 简介：哈德逊河与东河交汇处，可远眺自由女神像，公园含无障碍步道与观景台。
  - 参考票价：免费
  - 建议游览时长：1.5小时
  - 无障碍贴士：全园平坦，设多处无障碍长椅与遮阳棚；若风浪大（>30节），建议缩短停留。

> 🚇 **前往下一站**：无障碍专车沿West Side Highway北上至切尔西，约 $25–30（约¥180–215），20分钟

**晚餐推荐**
- Eleven Madison Park — 米其林三星（需提前2-3个月预订），人均约 $365（约¥2,640）
  - 推荐菜品：植物基 tasting menu（可根据过敏/偏好定制）
  - 无障碍提示：正门无障碍，内部通道宽，洗手间全ADA标准；需提前邮件确认轮椅座位安排。

**晚上**
- 朋友酒店休息或低强度城市夜景车游
  - 简介：乘坐无障碍专车沿中央公园环路慢行，欣赏夜间灯光。
  - 无障碍提示：全程车内休息，适合缓解多日步行疲劳。

> 💡 备选：若遇暴雨/渡轮停航 → 替换为 **纽约水族馆（New York Aquarium，Coney Island）**（全馆无障碍，门票$32）或 **Chelsea Piers 室内运动中心**（攀岩/保龄球，部分区域轮椅可参与）。

---

## 第 6 天：威廉斯堡潮流探索 · 布鲁克林独立设计与水岸市集
> 融入本地青年文化，淘独立品牌与手工好物

**上午**
- 多米诺公园（Domino Park） & 布鲁克林州立公园（Brooklyn State Park）
  - 简介：旧糖厂改造的滨水绿地，含步道、草坪、儿童游乐区与曼哈顿全景。
  - 参考票价：免费
  - 建议游览时长：1.5小时
  - 无障碍贴士：主步道全平层，设无障碍洗手间与饮水点；木质平台部分有轻微接缝，轮椅可平稳通过。

> 🚇 **前往午餐**：无障碍专车沿 Kent Ave 至 Williamsburg 商业区，约 $15–20（约¥110–145），10分钟

**午餐推荐**
- Lilia — 热门意大利面餐厅（需提前2周订），人均约 $80（约¥580）
  - 推荐菜品：Mafaldini 手工宽面、烤章鱼、提拉米苏
  - 无障碍提示：入口有2级台阶但可呼叫服务员使用便携坡道；室内通道较窄但可通行，建议提前备注轮椅需求。

**下午**
- 威廉斯堡独立商店街（Bedford St → Grand St → N 6th St）
  - 简介：复古服饰、手工皮具、独立香氛、黑胶唱片店密集，适合朋友结伴淘货。
  - 参考票价：免费（购物自理）
  - 建议游览时长：2.5小时
  - 无障碍贴士：多数临街店铺有1-3级台阶，建议优先选择带无障碍标识的店铺（如 Aesop Williamsburg、Uniqlo、Book Culture）；部分买手店内部通道较窄，可请店员协助。

> 🚇 **前往下一站**：无障碍专车返回曼哈顿中城，约 $30–35（约¥215–250），25分钟

**晚餐推荐**
- Keens Steakhouse — 百年经典牛排馆，人均约 $120（约¥870）
  - 推荐菜品：28天干式熟成肋眼、牧羊人派、经典马提尼
  - 无障碍提示：正门设自动门，内部走廊宽，洗手间符合ADA；百年老店保留木质楼梯但电梯可达主厅。

**晚上**
- 朋友屋顶酒吧（如 Westlight, Brooklyn 或 230 Fifth, Manhattan）
  - 简介：俯瞰城市天际线，轻松社交。
  - 无障碍提示：230 Fifth 设电梯直达屋顶，轮椅通道完善；Westlight 需提前确认电梯状态。

> 💡 备选：若遇高温/暴晒 → 下午替换为 **Brooklyn Flea（室内市集周末开放）** 或 **Industry City 室内文创区**（全空调，轮椅动线佳）；雨天 → 延长商店街室内探索或前往 **Brooklyn Museum**（门票$20，全无障碍）。

---

## 第 7 天：中央车站建筑巡礼 · 布莱恩特公园收官
> 在历史建筑与都市绿洲中为旅程画上优雅句号

**上午**
- 中央车站（Grand Central Terminal）
  - 简介：Beaux-Arts建筑杰作，星空穹顶、 whispering gallery、地下美食街与精品店。
  - 参考票价：免费（部分导览团 $20）
  - 建议游览时长：2小时
  - 无障碍贴士：主大厅全平层，电梯可至夹层与地下层；洗手间分布于Lower Level（全无障碍）；建议参加“无障碍语音导览”（官网下载）。

> 🚇 **前往午餐**：步行至 Bryant Park 区域（约6分钟，平坦）/ 无障碍专车 $10–12（约¥70–85），8分钟

**午餐推荐**
- Bryant Park Grill — 美式新派/花园餐厅，人均约 $60（约¥435）
  - 推荐菜品：凯撒沙拉、烤三文鱼、季节甜点拼盘
  - 无障碍提示：正门无台阶，露台区设缓坡，洗手间全ADA标准；建议预约靠玻璃窗位置。

**下午**
- 布莱恩特公园（Bryant Park）
  - 简介：曼哈顿中城绿洲，含阅读室、旋转木马（季节性）、草坪休憩区与快闪市集。
  - 参考票价：免费（部分活动收费）
  - 建议游览时长：1.5小时
  - 无障碍贴士：全园平坦，设多处无障碍长椅与遮阳伞；The Reading Room 入口为自动门，内部轮椅通行无阻。

> 🚇 **前往下一站**：无障碍专车前往机场/酒店，约 $35–50（约¥250–360），30-45分钟（视交通）

**晚餐推荐**
- The Modern — 米其林二星（MoMA旁），人均约 $185（约¥1,340）
  - 推荐菜品：鹅肝慕斯、烤乳鸽、黑松露烩饭
  - 无障碍提示：正门自动门，内部全平层，洗手间ADA标准；需提前邮件确认轮椅位。

**晚上**
- 整理行李 & 机场送机（预留2.5小时办理无障碍登机手续）
  - 无障碍提示：JFK/LGA/EWR 均设无障碍值机柜台与优先安检通道，建议提前向航司申请“轮椅协助（WCHR/WCHS/WCHC）”。

> 💡 备选：若航班为晚间 → 下午增加 **纽约市立图书馆（NYPL Main Branch）无障碍参观**（免费，Rose Reading Room 全平层）；若购物未完成 → 增加 **Saks Fifth Avenue 地下层折扣区**（电梯直达，轮椅友好）。

---

## 住宿建议
| 档次 | 推荐酒店/区域 | 价格区间（每晚/房） | 适合度与无障碍亮点 |
|------|---------------|---------------------|-------------------|
| **高预算** | The Mark Hotel（Upper East Side） | $1,200–$2,500（约¥8,700–18,100） | 正门无台阶，客房全ADA标准，提供无障碍淋浴椅与升降床；步行至中央公园/地铁无障碍站仅5分钟。 |
| **高预算** | 1 Hotel Brooklyn Bridge（DUMBO） | $800–$1,600（约¥5,800–11,600） | 临河露台，全馆无障碍电梯，浴室设防滑与抓杆；步行至Brooklyn Bridge Park无障碍步道。 |
| **中高预算** | Pod 51 / Pod Times Square（Midtown） | $300–$500（约¥2,150–3,600） | 紧凑型设计，公共区域全无障碍，提供轮椅借用；适合朋友拼房，位置极佳。 |

> 💡 预订提示：务必在酒店官网备注“Accessible Room with Roll-in Shower & Lower Counters”，纽约ADA标准严格，但部分老牌酒店仅部分客房合规。

---

## 预算参考（2人，7天，参考估算）
| 项目 | 预估费用（人民币）|
|------|-----------------|
| 国际往返机票（2人）| ¥28,000–¥38,000（经济舱/直飞参考，旺季上浮20%） |
| 当地交通（无障碍专车/Uber WAV/渡轮）| ¥4,500–¥6,000 |
| 住宿（6晚）| ¥25,000–¥45,000（视所选酒店档次） |
| 餐饮（含米其林/特色餐厅）| ¥12,000–¥18,000 |
| 景点门票 & 体验 | ¥3,500–¥5,000（博物馆联票、渡轮、租赁） |
| 购物/其他 | ¥15,000+（弹性，免税政策视州法而定，NY服装鞋帽$110以下免税） |
| **合计** | **¥88,000–¥127,000** |
| **人均** | **¥44,000–¥63,500** |

> ⚠️ 机票与住宿价格受出行月份、舱位、提前预订时间影响较大；纽约小费文化为餐饮18-22%、专车10-15%，已部分计入餐饮/交通预算。实际价格请以出行前实时查询为准。

---

## 实用信息
- **签证**：中国公民需提前申请美国B1/B2旅游签证，通过CGI系统预约面签，建议提前3-6个月办理。
- **货币**：美元（USD），建议携带少量现金（$100-200/人），主流场所均支持Visa/Mastercard/Apple Pay；部分小摊仅收现金。
- **语言**：英语为主，景点/酒店均提供多语种导览APP；无障碍设施标识为国际通用♿符号。
- **气候**：5月/10月典型气温10-22°C，偶有阵雨；高温（>28°C）时减少正午户外，雨天替换为博物馆/室内商场。建议携带轻便防水外套、折叠伞、防滑轮椅雨披。
- **无障碍交通**：纽约地铁仅约30%站点全无障碍，强烈建议依赖 **Accessible Taxis NYC（311预约）**、**Uber WAV** 或 **酒店专车**；轮椅租赁可通过博物馆前台、酒店礼宾或 NYC Parks 官网预约。
- **紧急联系**：报警/急救 911；中国驻纽约总领事馆领事保护电话 +1-212-695-3125（24小时）。"
S0389,standard,我想去纽约玩7天，和朋友一起，我们喜欢自然、购物，预算比较宽裕，需要轮椅无障碍设施。,东京,5,中,美食,2,26,error,733.18,[ERROR: Connection error.],[ERROR: Connection error.]
S0389,standard,我想去纽约玩7天，和朋友一起，我们喜欢自然、购物，预算比较宽裕，需要轮椅无障碍设施。,东京,5,中,美食,3,9212,agent,165.6,# 纽约 7日行程 · 朋友同行（高预算/无障碍友好）  ## 行程概览 专为热爱自然与购物、且需全程轮椅无障碍动线的友人团体定制。行程以纽约春秋季（推荐5月或10月）典型气候为基准，气温约12-24°C，早晚微凉、白天舒适，偶有阵雨。整体节奏舒缓，避开高峰拥挤，串联中央公园、高线公园、总督岛等绿色空间，搭配第五大道、SoHo、Hudson Yards等顶级商圈。全程优先选择配备直梯、无障碍坡道、平坦步道及家庭/无障碍洗手间的场所，餐饮与交通按高预算标准配置，兼顾社交氛围与舒适度。  ---  ## 第 1 天：中城初探与天际线之夜 > 落地休整，以平缓动线开启纽约都市印象，兼顾无障碍观景与精,"# 纽约 7日行程 · 朋友同行（高预算/无障碍友好）

## 行程概览
专为热爱自然与购物、且需全程轮椅无障碍动线的友人团体定制。行程以纽约春秋季（推荐5月或10月）典型气候为基准，气温约12-24°C，早晚微凉、白天舒适，偶有阵雨。整体节奏舒缓，避开高峰拥挤，串联中央公园、高线公园、总督岛等绿色空间，搭配第五大道、SoHo、Hudson Yards等顶级商圈。全程优先选择配备直梯、无障碍坡道、平坦步道及家庭/无障碍洗手间的场所，餐饮与交通按高预算标准配置，兼顾社交氛围与舒适度。

---

## 第 1 天：中城初探与天际线之夜
> 落地休整，以平缓动线开启纽约都市印象，兼顾无障碍观景与精致餐饮

**上午**
- 现代艺术博物馆 (MoMA)（11 W 53rd St, Midtown）
  - 简介：世界级现当代艺术殿堂，梵高、莫奈、安迪·沃霍尔真迹云集
  - 参考票价：成人约 ¥200（$28），轮椅使用者及陪同1人免费
  - 建议游览时长：2.5 小时
  - 小贴士：入口提供轮椅免费借用；全馆电梯覆盖，重点展区（印象派、当代雕塑）均设平缓坡道；建议10:00前入场避开人流
> 🚇 **前往午餐**：步行约 12 分钟（全程平坦人行道）/ 打车约 ¥45，直达餐厅

**午餐推荐**
- ABC Kitchen — 环保精致美式，人均约 ¥600
  - 推荐菜品：农场直供烤鸡、黑松露披萨；餐厅入口无台阶，桌间距宽敞适合轮椅回转，提供无障碍洗手间

**下午**
- 第五大道 & 麦迪逊大道精品区（5th Ave & Madison Ave, 42nd-59th St）
  - 简介：全球奢侈品旗舰店聚集地，Apple、Tiffany、Gucci、Ralph Lauren等建筑本身即为打卡地标
  - 参考票价：免费（购物消费自理）
  - 建议游览时长：2.5 小时
  - 小贴士：所有旗舰店均设无障碍自动门与内部电梯；建议优先逛 Madison Ave（人流更疏朗、动线更宽）；部分商场提供轮椅租赁服务
> 🚇 **前往晚餐**：地铁 6 线 → 33rd St 站（约 8 分钟，¥3）/ 打车约 ¥55（约 15 分钟）

**晚餐推荐**
- Le Bernardin — 米其林三星法式海鲜，人均约 ¥1,500
  - 推荐菜品：Tasting Menu 7 道式、海胆意式饺子；主厨定制无障碍动线，侍者全程协助推轮椅入包厢，环境安静适合朋友深度交流

**晚上**
- 洛克菲勒中心观景台 (Top of the Rock)（30 Rockefeller Plaza）
  - 简介：纽约最经典天际线观景点，可同框帝国大厦与中央公园
  - 参考票价：成人约 ¥320（$45），含无障碍快速通道
  - 建议游览时长：1 小时
  - 小贴士：建议日落前1小时抵达（夏季约19:30，冬季约16:30）；全程电梯直达，观景台地面平整无玻璃反光干扰，轮椅视野极佳

> 💡 备选：布莱恩特公园 (Bryant Park) —— 若遇雨天或体力有限，可移至公园内冬季溜冰场/夏季草坪休息区，周边有带顶棚的咖啡馆，全区域无障碍。

---

## 第 2 天：空中花园与河畔绿意
> 沿废弃铁路与滨水步道慢行，感受纽约工业遗迹与自然生态的完美融合

**上午**
- 高线公园 (The High Line)（Gansevoort St 至 34th St）
  - 简介：由旧货运高架铁路改造的线性空中花园，沿途野生植被、公共艺术与城市天际线交织
  - 参考票价：免费
  - 建议游览时长：2 小时
  - 小贴士：从 Gansevoort 入口进，所有入口均配无障碍电梯或缓坡；园内步道为平整木板/混凝土，轮椅通行顺畅；避开11:00-14:00高峰
> 🚇 **前往午餐**：步行约 10 分钟至 14th St / 打车约 ¥40（约 8 分钟）

**午餐推荐**
- Cookshop — 新美式农场料理，人均约 ¥500
  - 推荐菜品：季节性烤蔬菜拼盘、手工意面；入口无台阶，内部通道宽，提供儿童椅与无障碍洗手间，氛围轻松适合朋友聚餐

**下午**
- 惠特尼美国艺术博物馆 (Whitney Museum)（99 Gansevoort St）
  - 简介：聚焦美国现当代艺术，建筑由伦佐·皮亚诺设计，顶层露台可俯瞰哈德逊河
  - 参考票价：成人约 ¥200（$28），无障碍票含陪同免费
  - 建议游览时长：2 小时
  - 小贴士：主入口设无障碍坡道与专用电梯；顶层露台地面防滑，轮椅可安全观景；建议提前官网预约特定时段
> 🚇 **前往晚餐**：地铁 A/C/E 线 → 14th St 站（约 6 分钟，¥3）/ 打车约 ¥50（约 10 分钟）

**晚餐推荐**
- Balthazar — 经典巴黎风格 brasserie，人均约 ¥700
  - 推荐菜品：海鲜塔、牛排薯条；SoHo 区老牌名店，入口台阶旁设无障碍升降平台，内部空间宽敞，服务高效

**晚上**
- SoHo 铸铁建筑街区夜游与橱窗巡礼（Broadway & Prince St 一带）
  - 简介：夜晚灯光下的 19 世纪铸铁立面极具电影感，设计师买手店橱窗创意十足
  - 参考票价：免费
  - 建议游览时长：1.5 小时
  - 小贴士：街道石板路平整，夜间照明充足；避开周末 20:00 后拥挤时段，建议沿 Prince St 向西缓行

> 💡 备选：切尔西市场 (Chelsea Market) —— 若遇阵雨，可转入室内市集，全馆电梯覆盖，美食摊位密集，适合轻松觅食与选购手作纪念品。

---

## 第 3 天：中央公园慢行与上东区艺术
> 深入纽约“绿肺”，结合顶级博物馆，体验无障碍自然漫步与人文沉浸

**上午**
- 中央公园 (Central Park)（5th Ave 至 8th Ave, 59th-110th St）
  - 简介：城市核心生态绿洲，包含湖泊、林地、草坪与历史雕塑
  - 参考票价：免费
  - 建议游览时长：2.5 小时
  - 小贴士：推荐从 5th Ave & 72nd St 入口进，沿 Conservatory Water（小船池）至 Bethesda Terrace 路线，全程平坦沥青道；公园管理处提供电动轮椅租赁（需提前官网预约）；沿途设无障碍洗手间
> 🚇 **前往午餐**：步行约 15 分钟（沿公园东侧平坦步道）/ 打车约 ¥45（约 8 分钟）

**午餐推荐**
- Tavern on the Green — 公园内百年景观餐厅，人均约 ¥650
  - 推荐菜品：经典纽约芝士蛋糕、烤三文鱼；设独立无障碍入口与宽敞主厅，露台轮椅可直达，氛围优雅

**下午**
- 大都会艺术博物馆 (The Met)（1000 5th Ave）
  - 简介：全球三大博物馆之一，馆藏跨越5000年文明，埃及馆、欧洲绘画、亚洲艺术必看
  - 参考票价：成人建议 ¥170（$24，纽约州居民可随意付），轮椅使用者免费
  - 建议游览时长：3 小时
  - 小贴士：入口设无障碍坡道与专用电梯；馆内提供轮椅免费租借（先到先得）；重点展区均设平缓通道，建议提前下载无障碍导览图
> 🚇 **前往晚餐**：地铁 4/5/6 线 → 86th St 站（约 10 分钟，¥3）/ 打车约 ¥60（约 12 分钟）

**晚餐推荐**
- Daniel — 米其林二星法式，人均约 ¥1,200
  - 推荐菜品：鹅肝、烤和牛、甜品塔；上东区顶级Fine Dining，全程无障碍动线，侍者提供轮椅协助，包间私密性佳

**晚上**
- 第五大道上段（86th-96th St）精品店与街角书店漫步
  - 简介：相对中城更安静，独立书店、古董店与低调奢华品牌交织
  - 参考票价：免费
  - 建议游览时长：1 小时
  - 小贴士：夜间照明良好，路面平整；适合朋友轻松聊天、选购小众设计品

> 💡 备选：古根海姆博物馆 (The Guggenheim) —— 若对建筑与艺术更感兴趣，其标志性螺旋坡道对轮椅极其友好，全程无台阶。

---

## 第 4 天：总督岛生态与布鲁克林河景
> 逃离喧嚣，乘渡轮前往宁静离岛，沿河步道感受纽约自然与天际线同框

**上午**
- 总督岛 (Governors Island)（Battery Maritime Building 乘渡轮）
  - 简介：前军事基地改建的生态公园，广阔草坪、森林步道、艺术装置，游客稀少
  - 参考票价：渡轮往返约 ¥100（$14），轮椅免费通行
  - 建议游览时长：3 小时
  - 小贴士：码头及渡轮均配无障碍登船坡道与专用电梯；岛上主干道为平坦沥青，多处设休息长椅与无障碍洗手间；建议租双人自行车或乘坐园区电瓶车（部分车型适配轮椅）
> 🚇 **前往午餐**：乘渡轮返回 Battery Park（约 15 分钟）/ 打车约 ¥50（码头至餐厅）

**午餐推荐**
- The River Café — 布鲁克林河畔景观餐厅，人均约 ¥900
  - 推荐菜品：当日海鲜、松露烩饭；设无障碍入口与临河露台，视野开阔，服务细致

**下午**
- 布鲁克林大桥公园 (Brooklyn Bridge Park)（Pier 1 至 Pier 6）
  - 简介：沿东河延伸的滨水绿地，草坪、沙滩、观景平台与曼哈顿天际线同框
  - 参考票价：免费
  - 建议游览时长：2 小时
  - 小贴士：Pier 1 至 Pier 3 步道完全平坦，轮椅通行无阻；设多处无障碍洗手间与饮水点；建议傍晚前往，光线柔和适合拍照
> 🚇 **前往晚餐**：步行约 10 分钟（沿公园平坦步道）/ 打车约 ¥40

**晚餐推荐**
- L'Artusi — 西村新派意式，人均约 ¥750
  - 推荐菜品：手工意面、烤章鱼、提拉米苏；入口无台阶，内部通道宽敞，氛围活跃适合朋友聚会

**晚上**
- 曼哈顿天际线游船 (Circle Line Sightseeing Cruises)
  - 简介：1.5 小时环绕曼哈顿，途经自由女神、华尔街、布鲁克林大桥
  - 参考票价：约 ¥350（$49）/人，含无障碍甲板与电梯
  - 建议游览时长：1.5 小时
  - 小贴士：选择下层室内舱或上层带坡道甲板；提前官网备注轮椅需求，船员会协助固定与登船

> 💡 备选：DUMBO 区摄影点与 Jane's Carousel —— 若遇大风或体力下降，可移至 Jane's Carousel 旋转木马（设无障碍车厢）及周边咖啡馆休息。

---

## 第 5 天：植物园温室与下城历史
> 探访纽约最大植物园，结合下城历史地标，兼顾自然疗愈与文化沉淀

**上午**
- 纽约植物园 (New York Botanical Garden)（2900 Southern Blvd, Bronx）
  - 简介：占地 250 英亩，含温室、百年林地、主题花园与原生湿地
  - 参考票价：成人约 ¥180（$25），含温室与特展；轮椅及陪同1人免费
  - 建议游览时长：3 小时
  - 小贴士：地铁 B/D 线至 Bedford Park Blvd 站，出站即有电梯直达园区入口；园内主路平坦，温室区全无障碍；建议重点参观 Enid A. Haupt Conservatory（玻璃温室）与 Native Plant Garden
> 🚇 **前往午餐**：地铁 D 线 → 59th St-Columbus Circle 站（约 45 分钟，¥3）/ 打车约 ¥120（约 35 分钟）

**午餐推荐**
- Cafe Boulud — 上东区法式小馆，人均约 ¥650
  - 推荐菜品：经典法式炖菜、鹅肝吐司；设无障碍入口，桌距宽敞，环境优雅安静

**下午**
- 华尔街 & 9/11 纪念馆 (9/11 Memorial & Museum)（180 Greenwich St）
  - 简介：双瀑布纪念池肃穆宁静，地下博物馆以沉浸式展陈还原历史
  - 参考票价：纪念广场免费；博物馆成人约 ¥220（$31），无障碍通道全开放
  - 建议游览时长：2.5 小时
  - 小贴士：广场地面完全平坦；博物馆入口设无障碍电梯与坡道，内部通道宽敞；部分展区光线较暗，建议携带便携照明或提前下载语音导览
> 🚇 **前往晚餐**：步行约 12 分钟（沿平坦人行道）/ 打车约 ¥45

**晚餐推荐**
- Le Coucou — SoHo 高端法式，人均约 ¥1,000
  - 推荐菜品：鸭胸、松露意面、经典甜点；入口设无障碍升降平台，内部动线流畅，服务专业且节奏舒缓

**晚上**
- 炮台公园城 (Battery Park City) 河滨步道夜跑/散步
  - 简介：哈德逊河与东河交汇处，夜间灯光柔和，视野开阔
  - 参考票价：免费
  - 建议游览时长：1 小时
  - 小贴士：步道全程平坦，夜间照明充足；适合朋友轻松散步、交流当日见闻

> 💡 备选：新世贸中心观景台 (One World Observatory) —— 若遇恶劣天气，可转入室内观景台，SkyPod 电梯直达100层，全区域无障碍。

---

## 第 6 天：自由女神与哈德逊广场购物
> 乘官方渡轮登岛，随后转入现代商业综合体，完成自然与购物双主题收官

**上午**
- 自由女神像 & 埃利斯岛 (Statue of Liberty & Ellis Island)（Battery Park 乘官方渡轮）
  - 简介：美国精神象征，埃利斯岛移民博物馆记录百年移民史
  - 参考票价：渡轮+基座/博物馆约 ¥280（$39），轮椅免费
  - 建议游览时长：3 小时
  - 小贴士：官方渡轮全船无障碍；基座电梯需提前 2-3 周官网预约；博物馆设平缓坡道与语音导览；建议 9:00 前登船避开人流
> 🚇 **前往午餐**：地铁 1 线 → 34th St-Hudson Yards 站（约 25 分钟，¥3）/ 打车约 ¥90（约 20 分钟）

**午餐推荐**
- Quality Meats — 现代美式牛排馆，人均约 ¥800
  - 推荐菜品：干式熟成牛排、龙虾通心粉；Hudson Yards 内高端餐饮，入口无台阶，内部通道宽，服务高效

**下午**
- 哈德逊广场 (Hudson Yards) & The Shops（W 33rd St & 11th Ave）
  - 简介：纽约最新商业地标，集高端零售、餐饮、公共艺术于一体
  - 参考票价：免费（购物自理）
  - 建议游览时长：2.5 小时
  - 小贴士：全区域电梯/扶梯覆盖，地面平整；Vessel 外部观景平台设无障碍坡道；推荐逛 Neiman Marcus、Balenciaga 等旗舰店，部分提供私人导购与轮椅辅助服务
> 🚇 **前往晚餐**：步行约 5 分钟（室内连廊直达）

**晚餐推荐**
- Mercado Little Spain — 西班牙主题美食市集，人均约 ¥500
  - 推荐菜品：海鲜饭、伊比利亚火腿、Tapas 拼盘；空间开阔，动线平坦，氛围热闹适合朋友分享

**晚上**
- Hudson Yards 屋顶花园与灯光装置夜览
  - 简介：现代建筑与艺术灯光交织，适合拍摄城市夜景
  - 参考票价：免费
  - 建议游览时长：1 小时
  - 小贴士：屋顶区域设护栏与坡道，轮椅可安全通行；夜间风大，建议携带薄外套

> 💡 备选：中央车站 (Grand Central Terminal) 地下市集 —— 若遇雨天或想体验经典建筑，可转入室内，全区域无障碍，适合选购伴手礼与咖啡。

---

## 第 7 天：休闲收尾与返程准备
> 轻松采购、品味地道咖啡，以舒适节奏告别纽约

**上午**
- 中央车站 (Grand Central Terminal) & 周边街区（42nd St & Park Ave）
  - 简介：百年交通枢纽与建筑瑰宝，穹顶壁画、星空顶、地下市集极具特色
  - 参考票价：免费
  - 建议游览时长：2 小时
  - 小贴士：主厅地面平整，设无障碍电梯直达月台与商场；推荐逛 Grand Central Market 购买本地食材与纪念品
> 🚇 **前往午餐**：步行约 8 分钟（平坦人行道）

**午餐推荐**
- The Campbell — 中央车站内经典酒吧餐厅，人均约 ¥600
  - 推荐菜品：和牛汉堡、经典鸡尾酒；设无障碍入口，内部复古装潢，氛围优雅

**下午**
- 第五大道南段 & 麦迪逊广场公园 (Madison Square Park)
  - 简介：从 Flatiron 大厦至 Union Square，沿途独立书店、设计师店与城市绿地交错
  - 参考票价：免费
  - 建议游览时长：2 小时
  - 小贴士：公园步道平坦，设无障碍洗手间；Shake Shack 总店（公园内）提供户外座位，适合轻松小憩
> 🚇 **前往晚餐**：打车约 ¥60（约 15 分钟）

**晚餐推荐**
- Per Se — 米其林三星（需提前 2-3 个月预约），人均约 ¥2,500
  - 推荐菜品：10 道式 Tasting Menu；中央公园南端景观位，全无障碍动线，服务极致，适合作为旅程收官晚宴

**晚上**
- 酒店休整 / 机场送机专车
  - 简介：整理行李，预约无障碍专车前往机场（JFK/LGA/EWR）
  - 建议时长：灵活安排
  - 小贴士：高预算建议预订 UberXL 无障碍车型或酒店礼宾安排的轮椅友好专车，提前 3 小时抵达机场

> 💡 备选：纽约市立博物馆 (The City Museum) —— 若航班较晚，可前往 Upper East Side 了解纽约城市变迁，全馆无障碍，动线平缓。

---

## 住宿建议
| 预算档次 | 推荐酒店/区域 | 优势与适合人群 | 价格区间（每晚/间） |
|----------|----------------|----------------|---------------------|
| 高预算首选 | The Plaza Hotel / 1 Hotel Central Park | 中央公园南端，步行直达 MoMA/第五大道；全楼层无障碍、提供轮椅借用、宽敞套房；适合朋友团体共享空间 | ¥8,000–15,000 |
| 高预算优选 | The Standard High Line / Andaz 5th Ave | 高线公园旁/中城核心；现代设计、电梯直达、无障碍客房比例高；周边餐饮与购物动线极佳 | ¥5,000–9,000 |
| 高预算性价比 | The Langham, New York, Fifth Avenue | 第五大道 400 号，低调奢华；全区域无障碍、管家式服务；适合追求安静与高效的朋友团体 | ¥4,500–7,500 |

> 📍 选址逻辑：优先 Midtown / Upper East Side / Hudson Yards，地铁电梯覆盖率高，打车便捷，步行至核心自然与购物区均在 15 分钟内，大幅减少轮椅推行距离。

---

## 预算参考（2人，7天，参考估算）
| 项目 | 预估费用（人民币）|
|------|-----------------|
| 国际往返机票（2人）| ¥18,000–28,000（经济舱参考，节假日上浮，建议直飞） |
| 当地交通（地铁/打车/无障碍专车）| ¥4,500（以 UberXL/无障碍专车为主，含渡轮/游船） |
| 住宿（6晚）| ¥36,000–54,000（按中高档酒店双人间均价） |
| 餐饮 | ¥12,000（含 3 顿 Fine Dining + 日常正餐/咖啡） |
| 景点门票 | ¥2,500（MoMA/Met/Whitney/植物园/观景台/渡轮等） |
| 购物/其他 | ¥15,000–30,000（视个人消费弹性浮动） |
| **合计** | **¥88,000–131,000** |
| **人均** | **¥44,000–65,500** |

> ⚠️ 机票价格受出发日期、舱位和购买时间影响较大，以上为参考区间，实际价格请以出行前实时查询为准。高预算行程建议预留 10-15% 弹性空间应对临时加餐或升级体验。

---

## 实用信息
- **签证**：中国公民需申请美国 B1/B2 旅游签证，建议提前 3-6 个月预约面签，准备行程单、酒店订单、资金证明。
- **货币**：美元（USD）。建议携带 Visa/Mastercard 信用卡（支持免接触支付），小额现金备用；大部分场所支持 Apple Pay。
- **语言**：英语为主。常用短语：*Accessible entrance please*（请提供无障碍入口）、*Elevator access*（需要电梯）、*Wheelchair restroom*（无障碍洗手间）。
- **气候**：以 5月/10月为例，日均 12-24°C，早晚温差大，偶有阵雨。穿衣建议：分层穿搭（防风外套+薄毛衣+长裤），备轻便折叠雨披。极端天气预案：夏季高温（>32°C）优先室内博物馆/商场；冬季严寒（<5°C）缩短户外停留，优先酒店/餐厅/地下连廊动线。
- **紧急联系**：报警/急救 911；中国驻纽约总领事馆领事保护电话 +1-212-244-9459；纽约市无障碍服务热线 311（可查询实时电梯故障与无障碍路线）。
- **无障碍专项提示**：纽约地铁约 30% 车站配电梯，建议出行前通过 MTA 官网或 Citymapper App 查询实时电梯状态；所有推荐景点均提前核实无障碍通道，但部分历史建筑（如部分老店）可能需使用便携式坡道，建议随身携带轻型折叠坡板以备不时之需。"
S0399,standard,我想去伦敦玩1天，我们喜欢历史、文化，预算比较有限，有老人。,伦敦,5,高,"自然,美食",1,4007,agent,336.25,# 伦敦 1日行程 · 历史文化/长辈同行低预算之旅  ## 行程概览 聚焦泰晤士河畔与博物馆区的免费/低价人文地标，以平缓节奏串联大英博物馆、威斯敏斯特街区与南岸文化长廊。伦敦属温带海洋性气候，当日气温通常在 10-18°C（春秋季典型），天气多变易有阵雨，行程以室内文化场馆为主轴，穿插平坦河畔步道与红色巴士观光，全程单次步行控制在 20-25 分钟，每段安排休息点，兼顾长辈体力与有限预算，打造一场高性价比的英伦历史沉浸之旅。  ## 出发准备 （未提供出发地与日期，暂略航班信息。建议出行前通过 Skyscanner/携程比价，优先选择直飞或单中转航班，避开早高峰抵达伦敦以减轻长辈舟车劳顿。,"# 伦敦 1日行程 · 历史文化/长辈同行低预算之旅

## 行程概览
聚焦泰晤士河畔与博物馆区的免费/低价人文地标，以平缓节奏串联大英博物馆、威斯敏斯特街区与南岸文化长廊。伦敦属温带海洋性气候，当日气温通常在 10-18°C（春秋季典型），天气多变易有阵雨，行程以室内文化场馆为主轴，穿插平坦河畔步道与红色巴士观光，全程单次步行控制在 20-25 分钟，每段安排休息点，兼顾长辈体力与有限预算，打造一场高性价比的英伦历史沉浸之旅。

## 出发准备
（未提供出发地与日期，暂略航班信息。建议出行前通过 Skyscanner/携程比价，优先选择直飞或单中转航班，避开早高峰抵达伦敦以减轻长辈舟车劳顿。）

---

## 第 1 天：经典英伦历史与河畔文化巡礼
> 以免费顶级博物馆开启，沿泰晤士河漫步感受千年帝都脉搏，全程节奏舒缓，兼顾长辈舒适与历史深度。

**气候与穿衣提示**：当日伦敦多云转阵雨概率较高，建议“洋葱式”穿搭（防风防水外套+薄毛衣+长裤），穿防滑软底步行鞋。随身携带折叠伞与保温杯，馆内空调较足需备薄围巾。

**上午**
- 大英博物馆（British Museum）（Great Russell St, London WC1B 3DG）
  - 简介：世界四大博物馆之一，馆藏超800万件。古埃及罗塞塔石碑、帕特农神庙石雕、中国陶瓷馆等镇馆之宝免费开放，是纵览人类文明史的绝佳起点。
  - 参考票价：免费（常设展全免；特展需购票，长辈可忽略特展专注主线）
  - 建议游览时长：2.5小时（精选古埃及、古希腊、亚洲馆，避免过度疲劳）
  - 小贴士：官网需提前预约免费入场时段；主入口与侧门均设无障碍坡道与直梯，馆内洗手间每层均有；建议下载官方 App 免费收听中文导览。避开 10:30-12:00 旅行团高峰，10:00 开门即入体验最佳。
  > 🚇 **前往午餐**：步行约 12 分钟至 Covent Garden 站周边 / 或乘公交 59/68/91 路（Oyster 卡/Contactless £1.75，约 8 分钟），沿途有长椅可随时歇脚。

**午餐推荐**
- Dishoom Covent Garden — 印度/孟买复古餐厅，人均约 £15-18（约 ¥140-170）
  - 推荐菜品：黑达尔扁豆汤（Black Daal，文火慢炖24小时，软糯暖胃）、House Chicken Ruby、印度烤饼（Naan）。环境为殖民时期复古风，卡座宽敞舒适；菜品口味温和、质地软烂，极易消化，服务员对长辈非常耐心，提供温水服务。
  > 🚇 **前往下一站**：步行约 18 分钟沿 Strand 大道向东至泰晤士河畔（约 1.2km，途中在 Aldwych 交叉口长椅休息 5 分钟）；或步行 8 分钟至 Covent Garden 站乘 District/Circle 线 2 站至 Westminster 站（约 7 分钟，¥18）。

**下午**
- 威斯敏斯特教堂外部 & 议会大厦 & 大本钟（Westminster, London SW1A）
  - 简介：英国历史与政治心脏，哥特式建筑巅峰。外部广场与河畔步道可近距离观赏大本钟与议会大厦，感受英国君主加冕与议会民主变迁的厚重底蕴。
  - 参考票价：外部广场/河畔步道免费（入内参观 £29，长辈建议仅外观，节省预算且避免内部楼梯与排队）
  - 建议游览时长：1小时（含拍照与历史背景讲解）
  - 小贴士：沿 Thames Path 河岸平路步行，全程无障碍且避开机动车道。威斯敏斯特广场周边长椅密集，可随时坐下休息。注意避开周末游行时段。
  > 🚇 **前往下一站**：步行约 10 分钟沿泰晤士河南岸步道至千禧桥（Millennium Bridge）北端。全程平坦，沿途有 2 处休息点，步行强度低。

- 千禧桥 & 泰特现代美术馆（Tate Modern）（Bankside, London SE1）
  - 简介：连接南北岸的纯步行悬索桥，视野开阔无遮挡。南岸的泰特现代美术馆由旧河畔发电厂改造，免费开放世界级现当代艺术展，涡轮大厅（Turbine Hall）常设震撼装置艺术，是文化爱好者必访之地。
  - 参考票价：免费（常设展）；特殊展览约 £15-20（可选）
  - 建议游览时长：1.5小时
  - 小贴士：美术馆内全程电梯直达各层，对老人极度友好。6 楼露台咖啡厅（Blavatnik Building）可正对圣保罗大教堂，视野极佳，消费适中（咖啡 £4-5），适合长辈歇脚观景。
  > 🚇 **前往下一站**：步行约 8 分钟至 Borough 站周边，或乘公交 381 路（1 站，£1.75）直达 Borough Market 区域。

**晚餐推荐**
- Flat Iron Borough — 英国平价牛排/简餐，人均约 £12-15（约 ¥110-140）
  - 推荐菜品：Flat Iron 牛排（极嫩，配黑椒酱与薯条）、烤蘑菇、每日例汤。环境为工业风但座位间距宽，出餐快；若长辈偏好热汤软食，可替换为附近 Borough Market 内的日式乌冬/炖菜摊位（£8-10），热汤暖胃且选择丰富。
  > 🚇 **前往下一站**：步行约 10 分钟返回泰晤士河南岸步道（Southbank Centre 段），沿途照明充足，路面平整。

**晚上**
- 泰晤士河南岸夜游 & 街头文化体验（Southbank, London SE1）
  - 简介：华灯初上后，南岸变身露天艺术长廊。街头艺人表演、露天旧书市集、河畔灯光与圣保罗大教堂倒影交织。找一处临河长椅静坐，感受伦敦的文艺与松弛。
  - 参考票价：免费
  - 建议游览时长：1小时
  - 小贴士：夜间河畔风大，务必为老人拉好防风外套拉链。选择南岸中心（Southbank Centre）至皇家节日音乐厅一段，照明充足、安保巡逻频繁，治安极佳。避开过于拥挤的酒吧街区域。
  > 💡 备选：伦敦交通博物馆（London Transport Museum, Covent Garden）—— 若遇突发降雨或长辈体力不支，可替换下午户外行程。馆内电梯齐全，展示伦敦地铁与红色巴士百年发展史，互动性强；60 岁以上长者享折扣票（约 £15），历史与城市文化爱好者必看。

---

## 住宿建议
因仅停留 1 晚，优先选择交通枢纽周边、设施完善且性价比高的区域，减少长辈换乘折腾：
- **国王十字/尤斯顿区（King's Cross/Euston）**：欧洲之星/多条地铁交汇，经济型连锁酒店（如 Premier Inn/Travelodge）约 £45-65/晚。位置极佳，周边超市与药房齐全，适合长辈快速抵达/离开。
- **帕丁顿/贝斯沃特区（Paddington/Bayswater）**：近海德公园，街道安静安全，青旅/民宿 £35-50/晚。部分公寓含简易厨房，可自备早餐，进一步压缩预算。
- **南肯辛顿（South Kensington）**：步行可达 V&A 博物馆与自然历史博物馆，文化氛围浓厚。经济型 B&B 约 £50-70/晚，周边餐饮选择多，适合喜欢慢节奏历史漫步的长辈。

## 预算参考（2人含长辈，1天1晚，参考估算）
| 项目 | 预估费用（人民币）|
|------|-----------------|
| 国际往返机票（2人）| 视出发地与购票时间而定（节假日上浮，建议提前 2 个月比价） |
| 当地交通（地铁/公交/Oyster）| ¥150（Zone 1 每日封顶 £8.10/人 × 2人） |
| 住宿（1晚）| ¥750（经济连锁/青旅双人间，£45-60/晚参考） |
| 餐饮（早/午/晚+饮水）| ¥550（£30-35/人，含平价餐厅与市集简餐） |
| 景点门票 | ¥0（全程精选免费场馆与户外景观） |
| 购物/其他（导览器租赁/应急）| ¥100（备用金） |
| **合计** | **¥1,550** |
| **人均** | **¥775** |
> ⚠️ 机票价格受出发日期、舱位和购买时间影响较大，以上为参考区间，实际价格请以出行前实时查询为准。英国已高度普及无现金支付，建议直接刷 Visa/Mastercard 或手机 Pay 支付交通与餐饮。

## 实用信息
- **签证**：中国公民前往英国需办理标准访问签证（Standard Visitor Visa）。通过英国政府官网（GOV.UK）在线申请、缴费并预约签证中心录指纹，建议提前 1-2 个月递交。
- **货币**：英镑（GBP）。英国现金使用率极低，交通/餐饮/购物均支持 Contactless 非接触支付。建议携带一张免货币转换费的信用卡，少量 £20 纸币备用即可。
- **语言**：英语。伦敦服务人员普遍耐心，常用短语：Excuse me（借过/询问）、Please/Thank you（礼貌必备）、Toilet/WC（洗手间）。下载 Citymapper App 比 Google Maps 更精准，实时显示电梯故障与公交延误。
- **气候与穿衣**：伦敦天气“一日四季”，阵雨频繁。务必携带轻便雨衣/折叠伞、防风外套与舒适防滑鞋。馆内空调较强，备薄开衫或围巾。若午后突降大雨，优先转入博物馆或商场室内连廊。
- **紧急联系**：报警/医疗/消防请拨打 999（紧急）或 101（非紧急）；中国驻英国大使馆领事保护与协助电话：+44-20-74368294。建议为长辈随身携带写有紧急联系人与酒店地址的卡片。"
S0399,standard,我想去伦敦玩1天，我们喜欢历史、文化，预算比较有限，有老人。,伦敦,5,高,"自然,美食",2,3572,agent,212.94,# 伦敦 1日行程 · 历史文化休闲游（长辈友好/低预算）  ## 行程概览 专为历史文化爱好者与长辈设计的低预算一日游。行程避开高票价景点与陡峭台阶，聚焦泰晤士河畔的世界级免费博物馆与人文街区，利用Oyster卡与经典公交串联动线。伦敦属温带海洋性气候，全年温和多雨（以出行当月为例，气温约8-18°C，偶有阵雨），整体节奏舒缓，以室内恒温展馆为主，穿插平缓河畔漫步，兼顾历史深度与长辈体力恢复。  ---  ## 第 1 天：泰晤士河畔的历史回响与艺术漫步 > 从千年文明瑰宝到工业遗址改造的艺术殿堂，用脚步丈量伦敦的免费文化长廊。  **上午** - 大英博物馆（British Museum）,"# 伦敦 1日行程 · 历史文化休闲游（长辈友好/低预算）

## 行程概览
专为历史文化爱好者与长辈设计的低预算一日游。行程避开高票价景点与陡峭台阶，聚焦泰晤士河畔的世界级免费博物馆与人文街区，利用Oyster卡与经典公交串联动线。伦敦属温带海洋性气候，全年温和多雨（以出行当月为例，气温约8-18°C，偶有阵雨），整体节奏舒缓，以室内恒温展馆为主，穿插平缓河畔漫步，兼顾历史深度与长辈体力恢复。

---

## 第 1 天：泰晤士河畔的历史回响与艺术漫步
> 从千年文明瑰宝到工业遗址改造的艺术殿堂，用脚步丈量伦敦的免费文化长廊。

**上午**
- 大英博物馆（British Museum）— Great Russell St, Bloomsbury
  - 简介：全球最负盛名的综合性博物馆，馆藏跨越两百万年人类历史。罗塞塔石碑、帕特农神庙雕塑、埃及木乃伊等镇馆之宝免费开放，文化底蕴极深。
  - 参考票价：免费（特展除外，基础常设展无需购票）
  - 建议游览时长：2.5 小时
  - 小贴士：正门（Great Russell St）设有无障碍坡道与直梯，服务台可免费租借轮椅（数量有限，建议开馆9:00即入）。长辈重点参观1-4层古埃及与希腊罗马展厅，游览1.5小时后务必返回大中庭（Great Court）玻璃穹顶下的长椅休息，馆内恒温，可避开室外风雨。

> 🚇 **前往午餐**：步行至 Holborn 站附近，约 10 分钟（700米），沿途为平坦人行道。若遇大雨，可乘地铁 Central Line 1站至 Tottenham Court Rd（约4分钟，含在每日交通封顶内）。

**午餐推荐**
- The Museum Tavern — 传统英式历史酒吧/简餐，人均约 £12–15
  - 推荐菜品：Fish & Chips（炸鱼薯条，可要求少盐）、Ploughman's Lunch（农夫午餐拼盘）、热蔬菜汤。店内保留维多利亚时代木质装潢，有靠背软座，提供热水与无咖啡因茶饮，对长辈肠胃友好。

> 🚇 **前往下午景点**：步行至 Holborn 地铁站，乘坐 Central Line → Bank 站，换乘 Northern Line → London Bridge 站（约15分钟，含换乘电梯约3分钟，票价计入Oyster每日封顶）。出站后步行约5分钟至南岸。若长辈不便换乘，可在地面乘坐公交 RV1 直达 London Bridge（约20分钟，单层低地板公交无障碍）。

**下午**
- 泰特现代美术馆（Tate Modern）& 千禧桥（Millennium Bridge）— Southbank, SE1
  - 简介：由河岸发电厂改造的现当代艺术地标，涡轮大厅常设震撼装置艺术。出馆即达千禧桥，步行过桥可远眺圣保罗大教堂穹顶与莎士比亚环球剧场，是感受伦敦工业历史与现代艺术交融的绝佳路线。
  - 参考票价：免费（常设展）
  - 建议游览时长：2 小时
  - 小贴士：馆内每层均有醒目电梯标识，无障碍动线完善。千禧桥为悬索步行桥，桥面平缓但侧风较大，建议长辈靠中间稳步行走，扶好桥侧栏杆。若午后降雨或体力下降，可直接在美术馆 Level 4 Blavatnik 咖啡厅（临河落地窗）休息，无需过桥。

> 🚇 **前往晚餐**：沿泰晤士河南岸向东步行，约 15 分钟（1公里）。沿途为平坦文化长廊（Southbank），路灯照明良好。若长辈疲惫，可在 Southwark 站搭乘 1 站地铁至 Borough（约2分钟）。

**晚餐推荐**
- The Swan at The Globe — 河畔景观餐厅，人均约 £15–18
  - 推荐菜品：周日限定 Sunday Roast（烤牛肉/鸡肉配约克郡布丁）、Cornish Pasty（康沃尔咸派）、热苹果酒（可换无酒精热茶）。临窗位可俯瞰泰晤士河与千禧桥夜景，氛围古典安静，桌椅间距宽，适合长辈慢餐。

> 🚇 **前往晚上活动**：步行约 5 分钟至南岸中心（Southbank Centre）外侧广场。

**晚上**
- 泰晤士河南岸夜游与街头文化漫步 — Southbank Cultural Corridor
  - 简介：夜幕降临后，南岸褪去白日喧嚣，皇家节日音乐厅外常有免费街头爵士、诗歌朗诵或小型露天放映。沿河平缓步道散步，感受伦敦市井文艺气息。
  - 贴士：夜间河畔风大且气温下降约3-4°C，务必为长辈添加防风外套。选择主照明干道（Queen's Walk），避开暗巷。建议 21:30 前结束活动返回住宿，保障充足休息。

> 💡 备选：**国家美术馆（National Gallery）**（Trafalgar Square）——若遇持续降雨或长辈下午体力透支，可直接取消南岸行程，改乘地铁至 Leicester Square 站参观该馆。馆藏梵高《向日葵》、透纳风景画等，全程室内恒温，馆内设有大量休息长椅与无障碍洗手间，完全免费，且步行至特拉法加广场仅需3分钟。

---

## 住宿建议
由于仅1日行程，推荐选择交通枢纽旁、步行可达主要景点的经济型住宿，减少长辈通勤压力：
- **国王十字/圣潘克拉斯区（King's Cross/St Pancras）**：6条地铁线交汇，Oyster卡出行极便利。周边有 Ibis Budget、YHA 青旅及经济型B&B（£40-55/晚），步行10分钟可至大英博物馆。部分酒店提供一楼无台阶房型，预订时备注“step-free access”。
- **帕丁顿区（Paddington）**：希思罗快线直达，周边平价旅馆密集（£35-50/晚）。紧邻海德公园，环境安静利于睡眠，公交网络覆盖全城。适合注重休息质量与高性价比的长者。

---

## 预算参考（1人，1天，低预算参考估算）
| 项目 | 预估费用（人民币）|
|------|-----------------|
| 国际往返机票 | ¥0（未提供出发地，未计入） |
| 当地交通（Oyster/非接触支付）| ¥75（Zone 1-2 每日封顶 £8.10） |
| 住宿（1晚经济型）| ¥400（约 £43） |
| 餐饮（早午晚+热饮）| ¥310（约 £33） |
| 景点门票 | ¥0（全程免费场馆） |
| 购物/应急备用金 | ¥95（约 £10） |
| **合计** | **¥880** |
| **人均** | **¥880** |

> ⚠️ 预算按当前汇率（1 GBP ≈ 9.3 CNY）估算。Oyster卡或手机非接触支付自动触发每日封顶，无需额外购票。实际餐饮价格随点单浮动，建议避开景区正门溢价餐厅，选择本地人常去的街角 Pub 或 Market。

---

## 实用信息
- **签证**：中国公民需提前申请英国标准访问签证（Standard Visitor Visa）。通过 GOV.UK 官网在线填写、预约签证中心递交材料并录指纹，审核期通常为3-15个工作日。
- **货币**：英镑 (£)。伦敦公共交通、餐饮及景点已全面支持非接触式支付（Contactless）。**强烈建议直接使用带 Visa/Mastercard 标志的信用卡或手机 Pay 刷闸机**，无需购买 Oyster 卡押金，且系统自动计算最优惠票价与每日封顶。备 £20 现金应对街边独立摊贩。
- **语言**：英语。常用短语：`Excuse me`（借过/劳驾）、`Could we have a quiet table, please?`（请问有安静的位置吗？）、`Where is the step-free exit?`（无障碍出口在哪？）。
- **气候与穿衣**：伦敦天气多变，建议“洋葱式穿搭”：内层速干/棉质长袖+中层薄毛衣/抓绒+外层防风防水冲锋衣。长辈务必穿防滑软底步行鞋，随身携带折叠伞或轻便雨衣。若遇突发阵雨，所有推荐景点均有室内休息区。
- **交通贴士**：下载 **Citymapper** App（比Google Maps更精准显示电梯/楼梯位置与实时延误）。早8:30-9:30及晚17:00-18:30为通勤高峰，尽量避开。双层巴士推荐乘坐 **Route 15**（传统遗产巴士）或 **RV1**（泰晤士河南岸景观线），二层前排视野极佳且票价与地铁同价。
- **紧急联系**：报警/火警/急救 **999**；非紧急医疗 **111**。中国驻英国大使馆领事保护电话：+44-20-76311430（24小时）。"
S0399,standard,我想去伦敦玩1天，我们喜欢历史、文化，预算比较有限，有老人。,伦敦,5,高,"自然,美食",3,3869,agent,82.74,# 伦敦 1日行程 · 历史人文长者慢行（低预算版）  ## 行程概览 专为长者与历史爱好者定制的伦敦一日精华路线，以泰晤士河两岸的免费顶级文化场馆与历史街区为主轴，全程节奏舒缓、步行强度低。结合伦敦多雨温和的海洋性气候，行程巧妙穿插室内博物馆与河畔休憩长椅，避免高峰拥挤与过度消耗。依托Oyster卡每日封顶机制与大量免费场馆，在严格控制预算的同时，深度沉浸式体验英伦千年文脉。  ---  ## 第 1 天：穿越时光的英伦文脉 · 泰晤士河南北岸文化漫步 > 从大英帝国的珍藏到现代艺术的先锋，在泰晤士河的波光中慢步丈量历史。  **上午** - 大英博物馆（British Museum）— G,"# 伦敦 1日行程 · 历史人文长者慢行（低预算版）

## 行程概览
专为长者与历史爱好者定制的伦敦一日精华路线，以泰晤士河两岸的免费顶级文化场馆与历史街区为主轴，全程节奏舒缓、步行强度低。结合伦敦多雨温和的海洋性气候，行程巧妙穿插室内博物馆与河畔休憩长椅，避免高峰拥挤与过度消耗。依托Oyster卡每日封顶机制与大量免费场馆，在严格控制预算的同时，深度沉浸式体验英伦千年文脉。

---

## 第 1 天：穿越时光的英伦文脉 · 泰晤士河南北岸文化漫步
> 从大英帝国的珍藏到现代艺术的先锋，在泰晤士河的波光中慢步丈量历史。

**上午**
- 大英博物馆（British Museum）— Great Russell St, London WC1B 3DG
  - 简介：全球最负盛名的综合性历史博物馆，馆藏超800万件。长者建议直奔“古埃及馆”（罗塞塔石碑）与“古希腊馆”（帕特农神庙雕塑），避开人流高峰，感受文明交汇。
  - 参考票价：免费（特展需额外购票，长者通常免特展费）
  - 建议游览时长：2 小时
  - 小贴士：博物馆正门及侧门均设无障碍电梯与坡道，各楼层配备多处休息座椅。建议9:00开门即入，10:30后团队游客激增。馆内空调较足，长者需备薄外套。

> 🚇 **前往下一站**：步行约 10 分钟 / 乘坐公交 10/14/24/29/73 路至 Russell Square 站（约5分钟，£1.75，支持非接触式刷卡）至午餐地点。

**午餐推荐**
- The Museum Tavern — 传统英式Pub/简餐，人均约 £12-15（约¥110-140）
  - 推荐菜品 / 点单建议：Fish & Chips（炸鱼薯条）、Shepherd's Pie（牧羊人派）或每日例汤+三明治。店内设安静角落座位，提供软垫椅，适合长者歇脚。可搭配一杯热茶，非酒精饮品选择丰富。

> 🚇 **前往下一站**：地铁 Central Line → Tottenham Court Road 站 → 换乘 Northern Line 至 London Bridge 站（约18分钟，已计入当日交通封顶）/ 或直接搭乘红色双层巴士 17 路直达 London Bridge 区域（上层前排视野极佳，约25分钟，£1.75）。

**下午**
- 千禧桥（Millennium Bridge） → 泰特现代美术馆（Tate Modern） — Bankside, London SE1 9TG
  - 简介：步行跨越泰晤士河的现代钢索桥，正对圣保罗大教堂。桥尽头即泰特现代美术馆，由旧发电厂改造，涡轮大厅常设震撼装置艺术。馆藏涵盖莫奈、毕加索、沃霍尔等大师作品。
  - 参考票价：免费（特展另计）
  - 建议游览时长：2 小时
  - 小贴士：千禧桥全程平坦无台阶，但风大时建议长者抓稳扶手。美术馆内设多部直达电梯与每层休息区，1层设有免费饮水机与洗手间。建议避开12:00-14:00学校团体时段。

> 🚇 **前往下一站**：步行约 5 分钟，沿泰晤士河南岸文化长廊（Southbank Centre）向东缓行。沿途每隔100米即设公共长椅，可随时坐下休息观景。

**下午续**
- 南岸文化长廊（Southbank Centre 至 Royal Festival Hall 段）
  - 简介：伦敦最具活力的露天艺术走廊，常年有街头音乐家、小型市集与公共艺术装置。可欣赏泰晤士河北岸国会大厦天际线，感受伦敦市井文艺气息。
  - 参考票价：免费
  - 建议游览时长：40 分钟（以散步、观景、听街头表演为主）
  - 小贴士：南岸步道平整，全程无障碍。若遇阵雨，可迅速进入 Southbank Centre 或 BFI Southbank 室内大堂避雨，内部常有免费电影海报展与艺术橱窗。

> 🚇 **前往下一站**：步行约 8 分钟至晚餐地点。

**晚餐推荐**
- The Anchor Bankside — 历史河畔老字号酒馆/平价英餐，人均约 £14-18（约¥130-165）
  - 推荐菜品 / 点单建议：Bangers & Mash（香肠土豆泥）、Grilled Chicken Salad（烤鸡沙拉）。该酒馆由塞缪尔·佩皮斯日记中记载的17世纪老店原址经营，内部保留木梁结构，底层设安静就餐区，光线柔和，服务员对长者态度耐心。提供热汤与无咖啡因茶饮。

> 🚇 **前往下一站**：步行约 10 分钟至 London Bridge 地铁站。

**晚上**
- 威斯敏斯特桥（Westminster Bridge）夜景漫步与大本钟远眺
  - 简介：乘地铁过河北上，步行至威斯敏斯特桥。傍晚华灯初上时，国会大厦、大本钟与伦敦眼倒映在河面，是伦敦最经典的免费历史夜景机位。
  - 参考票价：免费
  - 建议游览时长：30-40 分钟
  - 小贴士：桥面较宽平坦，但晚间风大，务必为长者加穿防风外套。避开21:00后人流减少时段，单人/长者建议结伴而行，注意随身财物。

> 💡 备选：若遇中大雨或长者体力透支，可取消南岸散步与夜景步行，改为在泰特现代美术馆 6-7 层 Blavatnik 观景台（免费）喝下午茶，或前往大英博物馆地下层的“Reading Room”咖啡厅延长室内休憩时间。

---

## 住宿建议
| 预算档次 | 推荐区域/类型 | 位置优势 | 价格区间（/晚） | 适老/低预算友好度 |
|----------|----------------|----------|------------------|-------------------|
| 经济型 | King's Cross / Euston 周边青旅或公寓民宿 | 交通枢纽，地铁/火车直达希思罗/盖特威克机场，步行至大英博物馆仅15分钟 | £40-60（约¥370-550） | 选带电梯的独立卫浴民宿；避开嘈杂酒吧街，优先选“Family Room”房型 |
| 舒适型 | Southwark / Borough 区域三星酒店 | 紧邻泰晤士河南岸文化区，周边平价超市与药房齐全，步行可达多个景点 | £80-110（约¥740-1010） | 多数酒店提供无障碍客房与早餐，环境安静，适合长者恢复体力 |
| 特色型 | Covent Garden 边缘精品公寓（提前预订） | 文化氛围浓厚，步行至西区剧院与博物馆便利，但价格波动大 | £100-130（约¥920-1200） | 部分老建筑无电梯，预订时需备注“Step-free access” |

---

## 预算参考（1人，1天，低预算估算）
| 项目 | 预估费用（人民币）|
|------|-----------------|
| 国际往返机票 | ¥0（未提供出发地，按单地行程计） |
| 当地交通（Oyster/非接触式封顶） | ¥75（£8.10 封顶） |
| 住宿（1晚经济型） | ¥400-550 |
| 餐饮（2餐+饮水/咖啡） | ¥240-300（£26-32） |
| 景点门票 | ¥0（大英博物馆+泰特现代+南岸均为免费） |
| 购物/其他（雨具/应急药品） | ¥50 |
| **合计** | **¥765-975** |
| **人均** | **¥765-975** |

> ⚠️ 伦敦物价浮动较大，以上为基于当日非接触式交通封顶与平价餐饮的保守估算。实际支出请以实时消费为准。

---

## 实用信息
- **签证**：中国公民需提前申请英国标准访客签证（Standard Visitor Visa），通过英国政府官网（gov.uk）在线提交，通常需5-15个工作日。
- **货币**：英镑（GBP）。伦敦已高度普及非接触式支付（Visa/Mastercard/Apple Pay/支付宝/部分商户支持微信），无需大量兑换现金。建议随身带 £20 现金备用。
- **语言**：英语。长者常用短语：*“Could you speak a bit slower, please?”*（请说慢一点）/ *“Is there a lift/elevator?”*（有电梯吗？）/ *“Where is the nearest restroom?”*（洗手间在哪？）
- **气候**：伦敦属温带海洋性气候，全年温和多雨。出行季节（以春秋季为例）气温约 10-18°C，天气多变。**穿衣建议**：洋葱式穿搭（防风防水外套+薄毛衣+舒适防滑平底鞋）。**雨天预案**：随身携带折叠伞/轻便雨衣；户外步行随时转入地铁站或南岸室内艺术中心。
- **紧急联系**：报警/急救/火警请拨打 **999** 或 **112**。非紧急医疗咨询拨打 **111**。中国驻英国大使馆领事保护与协助电话：+44-20-74368294。
- **长者专属贴士**：① 伦敦地铁部分老站无电梯，出行前务必用 Citymapper App 筛选“Step-free access”路线；② 避开工作日 08:00-09:30 与 17:00-18:30 通勤高峰；③ 双层巴士（如 15 路遗产巴士、11 路观光线）比地铁更平稳，且上层前排视野开阔，适合长者慢游。"
S0505,standard,我想去伦敦玩2天，我们喜欢美食，预算比较宽裕，有小孩子。,伦敦,2,低,自然,1,4926,agent,509.22,"# 伦敦 2日行程 · 亲子美食奢享之旅  ## 行程概览 专为注重美食体验与家庭出游的旅客定制。行程以泰晤士河为轴，串联南岸文化长廊与西区经典地标，节奏舒缓且避开高强度徒步。结合伦敦“一日四季、阵雨频繁”的典型气候，每日均预留室内备选方案。预算宽裕，餐饮以米其林推荐、百年老字号与高端市集为主，交通与住宿全面升级，确保儿童在舒适、安全的环境中深度体验英伦美食与人文。  ---  ## 第 1 天：南岸美食探秘与艺术漫游 > 在泰晤士河畔的烟火气与顶级餐厅间切换，穿插轻松的亲子艺术互动与私享夜航。  **上午** - **伦敦自然历史博物馆** (Cromwell Rd, South Kensi","# 伦敦 2日行程 · 亲子美食奢享之旅

## 行程概览
专为注重美食体验与家庭出游的旅客定制。行程以泰晤士河为轴，串联南岸文化长廊与西区经典地标，节奏舒缓且避开高强度徒步。结合伦敦“一日四季、阵雨频繁”的典型气候，每日均预留室内备选方案。预算宽裕，餐饮以米其林推荐、百年老字号与高端市集为主，交通与住宿全面升级，确保儿童在舒适、安全的环境中深度体验英伦美食与人文。

---

## 第 1 天：南岸美食探秘与艺术漫游
> 在泰晤士河畔的烟火气与顶级餐厅间切换，穿插轻松的亲子艺术互动与私享夜航。

**上午**
- **伦敦自然历史博物馆** (Cromwell Rd, South Kensington)
  - 简介：维多利亚哥特式建筑内藏有巨型蓝鲸与完整恐龙骨架，设有专属儿童探索中心（Investigate），通过互动装置激发孩子对自然科学的兴趣。
  - 参考票价：免费（特展约£12-15，16岁以下儿童免费）
  - 建议游览时长：2.5 小时
  - 小贴士：需提前在官网预约入场时段（10:00或10:30场最佳）；全馆配备无障碍电梯与家庭卫生间，入口可租借轻便婴儿车；避开周末上午高峰。

> 🚇 **前往午餐**：出租车/Uber 直达 Kensington High Street（约 8 分钟，£8–12 / 约¥75–110）；或步行约 12 分钟。

**午餐推荐**
- **Dishoom (Kensington)** — 印度孟买复古Bakery & Cafe，人均约 £45–60
  - 推荐菜品：Black Daal（慢炖黑豆咖喱）、Keema Pao（羊肉碎夹饼）、儿童定制版 Chicken Tikka & Naan。餐厅提供儿童高脚椅与静音包厢区，氛围温馨不喧闹。

> 🚇 **前往下一站**：出租车/Uber 至 Borough Market（约 15 分钟，£10–15 / 约¥90–135）；或地铁 Northern 线 → London Bridge 站（约 18 分钟，£2.80 / 约¥25）。

**下午**
- **博罗市场 (Borough Market)** (8 Southwark St)
  - 简介：伦敦历史最悠久的食品市集，汇聚手工奶酪、现烤酸面包、生蚝与各国街头小吃，是美食爱好者必打卡的“味觉博物馆”。
  - 参考票价：免费入场，餐饮按单品计费（人均£20–40）
  - 建议游览时长：1.5 小时
  - 小贴士：建议14:00后前往避开早市人流；部分摊位地面有积水，推婴儿车请走主通道；可购买 Fresh Oyster 试吃（成人）与迷你 Fruit Tart 给孩子。

> 🚇 **前往下一站**：步行穿过千禧桥（Millennium Bridge）至泰特现代美术馆（约 8 分钟，平坦石板路，注意桥上风力）。

**下午（续）**
- **泰特现代美术馆 (Tate Modern)** (Bankside)
  - 简介：由河畔发电厂改造的现当代艺术殿堂，涡轮大厅巨型装置极具视觉冲击；顶层 Blavatnik 观景台可360°俯瞰圣保罗大教堂与伦敦天际线。
  - 参考票价：免费（特展约£18-22，12岁以下免费）
  - 建议游览时长：1.5 小时
  - 小贴士：馆内提供“家庭艺术导览手册”（中英双语）；全馆无障碍坡道完善；可提前官网预约周末免费亲子艺术工作坊。

> 🚇 **前往晚餐**：步行约 5 分钟至 Southbank 区域，或预约专车接送（约 5 分钟，£6–8）。

**晚餐推荐**
- **Roka (Charlotte Street)** — 日式炭烧料理 (Robatayaki)，米其林推荐，人均约 £80–120
  - 推荐菜品：Miso Black Cod（西京烧银鳕鱼）、Wagyu Tataki（和牛薄切）、儿童定制照烧饭。环境私密优雅，服务生可提前安排靠窗安静卡座，提供儿童餐具与温水。

**晚上**
- **泰晤士河私人包船夜游** (Thames Premium Charter)
  - 简介：避开拥挤的公共游船，包租小型豪华敞篷/封闭船只，沿途欣赏伦敦眼、议会大厦与塔桥的璀璨夜景，船上提供热巧克力与轻食。
  - 参考票价：约 £300–450/船（可坐4-6人，儿童半价）
  - 建议时长：1 小时
  - 小贴士：需提前3-5天官网预订；甲板夜间风大，务必为孩子准备防风外套与薄毯；航行平稳，适合低龄儿童。

> 💡 备选：若遇大雨或孩子体力下降，可将下午行程替换为 **伦敦科学博物馆 (Science Museum)** 的“Wonderlab”互动展区（需购票，约£10/人，5岁以下免费），全室内恒温且充满趣味物理/化学实验。

---

## 第 2 天：西区经典地标与米其林味蕾之旅
> 聚焦皇家园林与百年百货，以顶级下午茶与西区音乐剧收尾，打造仪式感十足的亲子味蕾记忆。

**上午**
- **肯辛顿花园与戴安娜王妃纪念游乐场** (Kensington Gardens)
  - 简介：皇家园林绿意盎然，彼得潘雕像与戴安娜纪念游乐场（软质橡胶地面、海盗船造型）是伦敦最受欢迎的亲子户外空间。
  - 参考票价：免费（脚踏船租赁约£20/30分钟）
  - 建议游览时长：2 小时
  - 小贴士：9:30前入园空气最佳；园内多处设有家庭友好型咖啡厅与无障碍洗手间；游乐场周边草坪可铺野餐垫休息。

> 🚇 **前往午餐**：出租车直达 Knightsbridge 区域（约 8 分钟，£7–10 / 约¥65–90）；或步行约 15 分钟。

**午餐推荐**
- **Fortnum & Mason (Piccadilly)** — 百年皇家百货餐厅，英式传统料理，人均约 £60–90
  - 推荐菜品：Fortnum's Famous Scotch Eggs、经典 Fish & Chips（外酥里嫩，儿童最爱）、松露薯条。环境典雅，提供儿童专属餐具、高脚椅及安静靠窗位。

> 🚇 **前往下一站**：步行穿过 St. James's Park 至 Covent Garden（约 12 分钟）；或乘坐 Piccadilly 线 → Covent Garden 站（约 10 分钟，£2.80）。

**下午**
- **考文特花园 (Covent Garden) 市集与街头艺术区**
  - 简介：19世纪蔬果市场改造的文艺地标，汇聚独立设计师店、手作工坊与全天候街头艺人表演，适合家庭轻松闲逛。
  - 参考票价：免费（部分剧院后台导览约£15，儿童£8）
  - 建议游览时长：1.5 小时
  - 小贴士：地面多为鹅卵石，建议使用宽轮婴儿车；避开13:00-15:00人流高峰；可提前在官网查询当日免费演出时间表。

> 🚇 **前往下午茶**：步行至 Mayfair 区域（约 10 分钟）；或出租车（约 5 分钟，£6–8）。

**下午茶推荐**
- **The Ritz London (Palm Court)** — 经典英式下午茶，人均约 £110–140（含服务费）
  - 推荐菜品：三层点心架（现烤司康配凝脂奶油、手指三明治、法式马卡龙）、大吉岭红茶。需提前2-3个月官网预订，着装要求 Smart Casual（儿童整洁便装即可），体验极具英伦仪式感。

**晚上**
- **西区音乐剧观赏 (West End Theatre)** — 推荐《狮子王 (The Lion King)》或《冰雪奇缘 (Frozen)》
  - 简介：世界级舞台制作，木偶与投影技术对儿童极具吸引力；剧院声学设计优秀，幕间休息充足。
  - 参考票价：£80–£200/张（官网可购家庭套票或儿童折扣票）
  - 建议时长：2.5 小时（含幕间休息）
  - 小贴士：建议提前1个月购票；剧院提供儿童增高坐垫；演出期间保持安静，幕间可带孩子至大厅休息区活动。

> 💡 备选：若孩子对剧场不感兴趣或当晚无合适场次，可前往 **Sky Garden (20 Fenchurch St)** 免费观景台（需提前2周官网预约），俯瞰伦敦金融城夜景，顶层酒吧提供家庭友好型轻食与热饮。

---

## 住宿建议
| 档次 | 推荐酒店/区域 | 价格区间（/晚） | 亲子适配说明 |
|------|---------------|----------------|--------------|
| **奢华亲子型** | The Langham, London (Marylebone) | £650–950 | 近地铁，提供“儿童礼宾服务”（含欢迎礼包、定制婴儿床、儿童浴袍），连通房设计极佳 |
| **设计精品型** | The Hoxton, Southwark | £350–550 | 泰晤士河南岸，步行至博罗市场，房间宽敞带沙发床，顶楼露台可俯瞰城市，氛围轻松 |
| **位置便利型** | Rosewood London (Holborn) | £700–1000 | 近考文特花园与博物馆区，内嵌米其林餐厅，管家服务可代订亲子行程，安保严密 |

---

## 预算参考（2大1小，2天，参考估算）
| 项目 | 预估费用（人民币）|
|------|-----------------|
| 国际往返机票（3人）| ¥30,000–45,000（经济舱参考，含儿童票折扣，节假日上浮） |
| 当地交通（专车/地铁/游船）| ¥1,800–2,500 |
| 住宿（2晚）| ¥11,000–15,000 |
| 餐饮（含下午茶/米其林/市集）| ¥5,500–7,500 |
| 景点门票/演出/游船 | ¥3,000–4,500 |
| 购物/其他 | ¥3,000–5,000 |
| **合计** | **¥54,300–79,500** |
| **人均** | **¥18,100–26,500** |

> ⚠️ 机票价格受出发日期、舱位和购买时间影响较大，以上为参考区间，实际价格请以出行前实时查询为准。餐饮与门票价格随汇率波动，建议预留10%弹性预算。

---

## 实用信息
- **签证**：中国公民需提前申请英国标准访问签证（Standard Visitor Visa），通过英国政府官网（GOV.UK）在线提交，通常需4-8周，建议提前2-3个月办理。
- **货币**：英镑（GBP）。伦敦全面支持非接触式支付（Visa/Mastercard/Apple Pay），无需大量换现；地铁与巴士直接刷银行卡即可（自动按Oyster卡封顶计费，Zone 1-2每日约£8.10）。
- **语言**：英语为主。常用短语：`Could we have a high chair, please?`（请提供儿童餐椅）、`Is this stroller-friendly?`（这里方便推婴儿车吗？）。
- **气候**：伦敦全年温和多雨（出行月典型气温10-20°C，阵雨概率60%+）。建议“洋葱式穿搭”：防水风衣/薄羽绒、速干长裤、防滑舒适鞋。随身备折叠伞。**雨天预案**：每日行程已内置全室内备选（科学博物馆、Sky Garden、美术馆特展），餐厅均支持临时改期。
- **紧急联系**：报警/急救/火警统一拨打 **999** 或 **112**；中国驻英国大使馆领事保护电话：+44-20-7299 4049；非紧急警务：101。
- **本地贴士**：强烈建议下载 **Citymapper** App（比Google Maps更精准显示地铁延误与电梯状态）；双层巴士2层前排视野极佳，但需注意限高与儿童安全；避开 8:00-9:30 与 17:00-18:30 地铁高峰。"
S0505,standard,我想去伦敦玩2天，我们喜欢美食，预算比较宽裕，有小孩子。,伦敦,2,低,自然,2,4977,agent,382.95,# 伦敦 2日行程 · 亲子美食奢享之旅  ## 行程概览 这是一趟专为亲子家庭定制的高预算慢游行程，以“经典地标+顶级餐饮”为核心，节奏舒缓且兼顾儿童体力。行程避开密集徒步，重点安排室内恒温场馆与互动体验，并精选多家提供儿童座椅/专属菜单的高端餐厅。伦敦气候温和湿润，常年多阵雨（出行月均温约 10–20°C），每日行程均内置雨天/体力备选方案，确保全家出行舒适从容。  ## 第 1 天：泰晤士南岸艺术与经典地标 > 沿河漫步、沉浸式艺术探索，搭配老牌英式餐厅与夜景游船，开启轻松惬意的伦敦初印象。 🌤️ **当日气候提示**：伦敦春季/初秋多阵雨，早晚温差约 5°C。建议洋葱式穿衣（薄毛衣+防,"# 伦敦 2日行程 · 亲子美食奢享之旅

## 行程概览
这是一趟专为亲子家庭定制的高预算慢游行程，以“经典地标+顶级餐饮”为核心，节奏舒缓且兼顾儿童体力。行程避开密集徒步，重点安排室内恒温场馆与互动体验，并精选多家提供儿童座椅/专属菜单的高端餐厅。伦敦气候温和湿润，常年多阵雨（出行月均温约 10–20°C），每日行程均内置雨天/体力备选方案，确保全家出行舒适从容。

## 第 1 天：泰晤士南岸艺术与经典地标
> 沿河漫步、沉浸式艺术探索，搭配老牌英式餐厅与夜景游船，开启轻松惬意的伦敦初印象。
🌤️ **当日气候提示**：伦敦春季/初秋多阵雨，早晚温差约 5°C。建议洋葱式穿衣（薄毛衣+防风外套），随身备折叠伞。若遇中雨，下午户外步行将无缝切换至室内场馆。

**上午**
- 伦敦眼（London Eye，South Bank, SE1）
  - 简介：泰晤士河南岸标志性观景摩天轮，360°全景俯瞰大本钟、碎片大厦与圣保罗大教堂，亲子家庭必打卡。
  - 参考票价：约 ¥300/成人，¥250/儿童（5-15岁），4岁以下免费
  - 建议游览时长：1.5 小时
  - 小贴士：官网提前预约 10:00 时段可避开 11:00-14:00 客流高峰；胶囊车厢空间宽敞，可折叠婴儿车直接推入；建议选靠窗侧位拍照。
> 🚇 **前往午餐**：步行约 15 分钟 / 打车约 ¥20–30（10分钟）。沿泰晤士河南岸步道向北，途经南岸市集与泰特现代美术馆外围，风景极佳。

**午餐推荐**
- The Wolseley — 经典英式全日餐厅，人均约 ¥400
  - 推荐菜品：Wolseley 全日早餐拼盘 / 传统烤春鸡 / 儿童专属迷你汉堡+薯条
  - 家庭友好度：提供高脚椅、温奶器；服务生对儿童耐心，环境明亮优雅，适合家庭聚餐。
> 🚇 **前往下一站**：地铁 Jubilee 线 → Waterloo 站换乘 Bakerloo 线至 South Kensington 站（约 18 分钟，刷信用卡/Contactless 支付约 ¥25/人）。或直接打车约 ¥30（15分钟，避开带娃换乘）。

**下午**
- 自然历史博物馆（Natural History Museum，South Kensington）
  - 简介：世界级自然科学殿堂，中央大厅的梁龙骨架与“恐龙馆”深受儿童喜爱，互动展区寓教于乐。
  - 参考票价：免费（需官网预约免费入场时段）
  - 建议游览时长：2–2.5 小时
  - 小贴士：馆内恒温 18–20°C，是完美的雨天避风港；全馆无障碍通道完善，主电梯直达各楼层；建议从 Cromwell Road 正门进入，直达恐龙展区。
> 🚇 **前往晚餐**：地铁 Piccadilly 线 South Kensington 站 → Green Park 站（约 10 分钟，¥25/人），出站步行 3 分钟即达。

**晚餐推荐**
- Pollen Street Social — 现代英法融合料理（主厨 Jason Atherton 旗下），人均约 ¥650
  - 推荐菜品：慢烤鹿肉配根芹泥 / 黑松露宽面 / 儿童迷你鱼柳+豌豆泥（可要求少盐）
  - 家庭友好度：米其林一星但氛围轻松，不设硬性着装要求；提供定制儿童餐具与专属甜品。
> 🚇 **前往下一站**：步行约 5 分钟至 Westminster Pier 码头（或打车 ¥15，3分钟）。

**晚上**
- 泰晤士河夜景游船（City Cruises / Thames River Services）
  - 简介：傍晚 18:30–20:00 班次，从威斯敏斯特码头出发，途经伦敦眼、塔桥，甲板与室内沙龙均可就座。
  - 参考票价：约 ¥230/成人，¥140/儿童
  - 建议游览时长：1–1.5 小时
  - 小贴士：甲板风大，务必给孩子加穿抓绒外套；船上提供热饮，可提前预订靠窗座位；若孩子困倦，室内座位更平稳。

> 💡 备选：泰特现代美术馆（Tate Modern，South Bank）——若上午伦敦眼排队过长或遇突发阵雨，可替换为免费室内参观。馆内涡轮大厅常设大型互动装置，儿童可安全奔跑，顶楼露台可平视千禧桥与圣保罗大教堂。

---

## 第 2 天：皇家历史与米其林味蕾之旅
> 穿越中世纪城堡与王室珠宝，午后沉浸创意空间，晚间以日秘融合料理与经典音乐剧收尾。
🌤️ **当日气候提示**：伦敦午后易有短时阵雨，紫外线中等。建议穿防水风衣+舒适步行鞋，备轻薄围巾。若气温偏高（>22°C），下午公园活动可移至树荫区并缩短至 1 小时内。

**上午**
- 伦敦塔（Tower of London，Tower Hill, EC3N）
  - 简介：联合国世界遗产，珍藏英国王室珠宝（Crown Jewels），白塔与护城河遗迹充满中世纪历史感。
  - 参考票价：约 ¥300/成人，¥150/儿童（5-15岁），5岁以下免费
  - 建议游览时长：2 小时
  - 小贴士：9:00 开门即入避开旅行团；必看“御用侍从（Yeoman Warder）”导览（每 30 分钟一场，幽默互动极适合儿童）；部分塔楼为石板路，建议轻便推车或背带。
> 🚇 **前往午餐**：DLR 轻轨 Tower Gateway 站 → Bank 站换乘 Central 线至 Oxford Circus 站（约 20 分钟，¥25/人），步行 5 分钟。或打车约 ¥35（20分钟，推荐带娃家庭）。

**午餐推荐**
- Sketch（The Gallery 区，Mayfair）— 创意法式下午茶与轻食，人均约 ¥500
  - 推荐菜品：经典三层下午茶塔 / 松露炒蛋 / 儿童迷你马卡龙+热巧克力
  - 家庭友好度：David Shrigley 艺术装置与粉色蛋形洗手间是儿童最爱；餐厅对儿童包容度极高，提供涂鸦垫与蜡笔。
> 🚇 **前往下一站**：地铁 Central 线 Oxford Circus 站 → Lancaster Gate 站（约 8 分钟，¥25/人），出站即海德公园北门。

**下午**
- 海德公园 & 蛇形湖脚踏船（Hyde Park & Serpentine Lake）
  - 简介：伦敦皇家御苑，开阔草坪与林荫步道适合儿童自由奔跑；蛇形湖提供双人/四人脚踏船，亲子互动性强。
  - 参考票价：公园免费；脚踏船租赁约 ¥250/30分钟
  - 建议游览时长：1.5 小时
  - 小贴士：公园内设有多个免费儿童游乐区（如 Diana Memorial Playground）；若遇阵雨，可移至附近的 Serpentine Gallery 室内看展；建议避开 12:00-14:00 野餐高峰。
> 🚇 **前往晚餐**：打车约 ¥25–35（10分钟）。从公园南门沿 Piccadilly 街直达 Mayfair 区。

**晚餐推荐**
- Nobu Berkeley Street — 日秘融合高端料理，人均约 ¥800
  - 推荐菜品：招牌黑鳕鱼西京烧 / 黄尾鱼 Jalapeño 刺身 / 儿童照烧鸡肉饭+味噌汤
  - 家庭友好度：服务节奏舒缓，主厨团队对过敏原处理严谨；可备注“儿童优先上菜”，避免等待焦躁。
> 🚇 **前往下一站**：步行约 8 分钟至 Lyceum Theatre，或打车 ¥12（3分钟）。

**晚上**
- 西区音乐剧《狮子王》（The Lion King，Lyceum Theatre）
  - 简介：全球票房最高的舞台剧之一，巨型木偶与非洲鼓乐极具视觉冲击，儿童接受度极高。
  - 参考票价：¥400–800/张（依区域浮动，儿童同价）
  - 建议游览时长：2.5 小时（含中场休息 20 分钟）
  - 小贴士：需提前 1–2 个月在官网或授权平台订票；剧院提供儿童增高坐垫；18:00 场次结束后地铁仍运营至 00:30，打车回酒店约 ¥20–30。

> 💡 备选：维多利亚与阿尔伯特博物馆（V&A Museum，South Kensington）——若下午公园风大或孩子体力不足，可替换为免费室内参观。馆内设有“儿童探索区（V&A Young V&A）”，专为 0–12 岁设计互动艺术工坊。

---

## 住宿建议
按高预算亲子标准，推荐以下区域/酒店（均位于 Zone 1-2，交通便利且周边配套完善）：
1. **The Savoy（萨沃伊酒店）** — £400–600/晚（约 ¥3,700–5,500）
   - 优势：泰晤士河畔百年传奇，步行至考文特花园 10 分钟；提供专属家庭套房、儿童欢迎礼包、婴儿床及管家服务。
2. **Rosewood London（伦敦瑰丽酒店）** — £350–500/晚（约 ¥3,200–4,600）
   - 优势：Holborn 区静谧庭院，距离大英博物馆仅 5 分钟；客房宽敞，连通门设计适合家庭；顶楼餐厅提供儿童定制菜单。
3. **Mandarin Oriental Hyde Park（文华东方海德公园店）** — £450–700/晚（约 ¥4,100–6,400）
   - 优势：正对海德公园，视野开阔；儿童中心提供托管与手工课程，父母可安心享受双人 SPA。

## 预算参考（3人家庭，2天2晚，参考估算）
| 项目 | 预估费用（人民币）|
|------|-----------------|
| 国际往返机票（3人）| ¥18,000–25,000（经济舱参考，视出发地/节假日浮动） |
| 当地交通（地铁/打车/游船）| ¥1,200（Contactless 支付封顶+短途打车+游船） |
| 住宿（2晚，家庭套房/连通房）| ¥8,000–11,000 |
| 餐饮（含2顿高端正餐+1顿创意午餐+咖啡甜点）| ¥4,500–5,500 |
| 景点门票（伦敦眼/伦敦塔/音乐剧/租船）| ¥2,800–3,200 |
| 购物/其他（纪念品/应急）| ¥1,500 |
| **合计** | **¥36,000–46,200** |
| **人均** | **¥12,000–15,400** |

> ⚠️ 机票价格受出发日期、舱位和购买时间影响较大，以上为参考区间，实际价格请以出行前实时查询为准。高端餐厅建议提前 3–4 周预订，音乐剧票务旺季需更早锁定。

## 实用信息
- **签证**：中国公民前往英国需提前申请标准访客签证（Standard Visitor Visa），通常需 3 周审理，建议通过 VFS Global 官网预约递交。
- **货币**：当地货币为英镑（GBP）。伦敦高度普及非接触式支付（Visa/Mastercard/Apple Pay），地铁/公交直接刷手机或信用卡即可，无需单独购买 Oyster 卡（每日 Zone 1-2 封顶约 £8.10/¥75）。
- **语言**：英语为主。常用短语：Excuse me（打扰一下）、Could we have a high chair?（请提供儿童椅）、Is this child-friendly?（适合儿童吗？）。
- **气候与穿衣**：伦敦天气多变，单日温差可达 8°C。建议携带防风防水外套、轻薄羽绒服/抓绒内胆、舒适防滑鞋。随身备折叠伞，儿童建议穿亮色衣物便于人群中辨认。
- **紧急联系**：报警/急救 999（非紧急 101）；中国驻英国大使馆领事保护电话 +44-20-74368294；英国国民健康服务 NHS 非紧急医疗咨询 111。
- **亲子贴士**：下载 Citymapper App 规划实时交通；避开 08:00-09:30 与 17:00-18:30 地铁高峰；多数博物馆周一不闭馆，但建议出行前 48 小时复核官网预约状态；餐厅普遍接受 12.5% 服务费，账单已含无需另付小费。"
S0505,standard,我想去伦敦玩2天，我们喜欢美食，预算比较宽裕，有小孩子。,伦敦,2,低,自然,3,4506,agent,60.52,# 伦敦 2 日行程 · 家庭美食奢享游  ## 行程概览 这是一趟专为高预算家庭设计的美食探索之旅，以泰晤士河两岸与肯辛顿文化区为核心，深度融合世界级餐饮体验与亲子友好型文化景点。行程节奏舒缓，每日步行时间控制在合理范围内，并针对伦敦春季/秋季（假设出行月份）多变的气候，内置了丰富的室内备选方案。整体安排注重用餐环境的家庭友好度与菜品创意性，让大人与孩子都能获得味觉与文化的双重享受。  ## 出发准备 （未提供出发地，此节跳过） ⚠️ 提示：请根据您的实际出发地提前查询航班。伦敦主要机场为希思罗（LHR）、盖特威克（LGW）等。高预算家庭建议优先选择直飞航班并预订机场专车接送服务。  ---,"# 伦敦 2 日行程 · 家庭美食奢享游

## 行程概览
这是一趟专为高预算家庭设计的美食探索之旅，以泰晤士河两岸与肯辛顿文化区为核心，深度融合世界级餐饮体验与亲子友好型文化景点。行程节奏舒缓，每日步行时间控制在合理范围内，并针对伦敦春季/秋季（假设出行月份）多变的气候，内置了丰富的室内备选方案。整体安排注重用餐环境的家庭友好度与菜品创意性，让大人与孩子都能获得味觉与文化的双重享受。

## 出发准备
（未提供出发地，此节跳过）
⚠️ 提示：请根据您的实际出发地提前查询航班。伦敦主要机场为希思罗（LHR）、盖特威克（LGW）等。高预算家庭建议优先选择直飞航班并预订机场专车接送服务。

---

## 第 1 天：泰晤士南岸美食与艺术漫步
> 沿河而行，用世界级市集与美术馆开启味蕾与视觉的盛宴

**上午**
- 伦敦眼（London Eye）（Riverside Building, County Hall, London SE1 7PB）
  - 简介：伦敦地标，32个全透明观景舱缓慢旋转30分钟，可俯瞰议会大厦、大本钟及泰晤士河全景。
  - 参考票价：成人 £32，儿童（3-15岁）£27，4岁以下免费。家庭票（1大1小）约 £55。
  - 建议游览时长：1.5 小时（含排队）
  - 小贴士：务必提前官网预约特定时段（推荐上午10:00-11:00，人流较少）。观景舱为全封闭空调环境，对儿童友好。

> 🚇 **前往午餐**：从伦敦眼步行至南岸中心区域，沿泰晤士河步道向东步行约12分钟即可到达博罗市场。

**午餐推荐**
- Borough Market（博罗市场）— 伦敦历史最悠久、最负盛名的美食市集，人均 £25-40（视选择而定）
  - 推荐菜品：Monmouth Coffee的现烘咖啡、Bread Ahead的现烤甜甜圈、Brindisa的西班牙Tapas、The Cheese Truck的现烤奶酪三明治。
  - 儿童友好：市场内座位多为长桌和站立区，建议错峰前往（12:00前）。部分摊位提供儿童份量。

> 🚇 **前往下午景点**：从博罗市场步行过泰晤士河上的千禧桥（Millennium Bridge），约8分钟即可到达泰特现代美术馆正门。沿途风景极佳，适合家庭拍照。

**下午**
- 泰特现代美术馆（Tate Modern）（Bankside, London SE1 9TG）
  - 简介：由旧发电厂改造的现当代艺术殿堂，涡轮大厅的巨型装置艺术震撼人心，常设展免费。
  - 参考票价：免费（特展需购票，家庭套票约 £25-30）
  - 建议游览时长：2 小时
  - 小贴士：美术馆1-3楼有专门的“儿童艺术区”（Tate Kids），提供互动装置和手工活动。入口处有家庭卫生间和婴儿车停放区。

> 🚇 **前往晚餐**：从泰特现代美术馆步行至南岸的Sea Containers London酒店区域，约15分钟。或乘坐地铁Jubilee线从Southwark站至Southbank站（1站，约3分钟，£2.80）。

**晚餐推荐**
- Aqua Shard（31 St Thomas St, London SE1 9RY）— 现代英式料理，位于碎片大厦31层，人均 £80-120
  - 推荐菜品：招牌惠灵顿牛排、当季海鲜拼盘、儿童专属套餐（含小份主菜、甜点与饮品）。餐厅视野极佳，可俯瞰伦敦塔桥。
  - 家庭友好：提供儿童高脚椅，需提前至少3天官网预约窗边位。

**晚上**
- 泰晤士河夜游（Thames Clippers River Bus）
  - 简介：乘坐通勤快船沿河夜航，从威斯敏斯特至格林威治，沿途欣赏议会大厦、伦敦眼、塔桥的璀璨夜景。
  - 参考票价：成人单程 £10.50，儿童 £5.25，家庭票有优惠。
  - 小贴士：船上提供简餐与热饮，甲板有防风罩。建议选择19:30后的班次，夜景最美。

> 💡 备选：SEA LIFE伦敦水族馆（位于伦敦眼旁）——若遇雨天或孩子对海洋生物更感兴趣，可替换上午的伦敦眼，室内环境舒适，互动展区丰富。

---

## 第 2 天：肯辛顿科学探索与米其林晚宴
> 在博物馆中激发好奇心，以顶级餐厅的味觉艺术为旅程收官

**上午**
- 科学博物馆（Science Museum）（Exhibition Rd, South Kensington, London SW7 2DD）
  - 简介：互动式科学探索殿堂，涵盖太空、交通、医学、能源等主题，设有“Wonderlab”互动展厅。
  - 参考票价：常设展免费，Wonderlab展厅 £10/人（儿童同价，需预约）
  - 建议游览时长：2.5 小时
  - 小贴士：馆内电梯与无障碍通道完善，各楼层设有家庭休息区。馆内“Pattern Pod”专为幼儿设计，适合低龄儿童。

> 🚇 **前往午餐**：从科学博物馆步行至肯辛顿高街（Kensington High St），约10分钟。或乘坐地铁District/Circle线从South Kensington站至High Street Kensington站（1站，约3分钟）。

**午餐推荐**
- The Ivy Kensington Brasserie（96 Kensington High St, London W8 4SG）— 经典英式与欧陆融合菜，人均 £35-50
  - 推荐菜品：烤春鸡、龙虾意面、招牌苹果派。餐厅装潢典雅，服务周到。
  - 儿童友好：提供专属儿童菜单（含意面、鱼条等），座位宽敞，环境安静不嘈杂。

> 🚇 **前往下午景点**：从餐厅步行至自然历史博物馆，沿Kensington Road向南步行约12分钟。或乘坐地铁District线从High Street Kensington站至South Kensington站（2站，约5分钟）。

**下午**
- 自然历史博物馆（Natural History Museum）（Cromwell Rd, South Kensington, London SW7 5BD）
  - 简介：建筑本身如童话城堡，馆藏恐龙骨架、蓝鲸模型、火山模拟体验极具视觉冲击力。
  - 参考票价：免费（特展需购票）
  - 建议游览时长：2 小时
  - 小贴士：主厅恐龙骨架区域人流密集，建议先前往二楼的“Hintze Hall”看蓝鲸，再下行至地下一层“Earth Galleries”体验地震模拟。馆内婴儿车可通行，但部分展区楼梯较陡。

> 🚇 **前往晚餐**：从自然历史博物馆步行至附近的The Connaught酒店区域，约15分钟。或乘坐地铁Piccadilly线从South Kensington站至Hyde Park Corner站（2站，约5分钟，£2.80）。

**晚餐推荐**
- Hélène Darroze at The Connaught（Carlos Pl, Mayfair, London W1K 2AL）— 三星米其林法餐，人均 £150-200
  - 推荐菜品：经典鹅肝、龙虾汤、儿童专属 tasting menu（3道式，含主厨特制甜点）。餐厅服务极致贴心，可为家庭定制用餐节奏。
  - 家庭友好：需提前1-2个月官网预约，说明有儿童同行。餐厅提供安静包间选项，避免打扰其他客人。

**晚上**
- 海德公园夜景漫步（Hyde Park）
  - 简介：从餐厅步行即可进入公园，沿蛇形湖（Serpentine Lake）散步，欣赏夜间灯光与静谧氛围。
  - 小贴士：公园24小时开放，但夜间照明有限，建议沿主步道行走。家庭同行请照看好儿童，避免靠近水边。

> 💡 备选：V&A博物馆（Victoria and Albert Museum）——若孩子对艺术与设计更感兴趣，可替换自然历史博物馆。馆内设有“V&A Young V&A”互动展区，专为儿童与青少年设计。

---

## 住宿建议
- **高预算家庭首选（£300-500/晚）**：
  - The Connaught（Mayfair区）：服务顶尖，地理位置极佳，步行至海德公园、邦德街购物区。提供家庭连通房与儿童看护服务。
  - Sea Containers London（南岸区）：泰晤士河景房，顶楼酒吧视野开阔，距泰特现代美术馆、博罗市场步行可达，家庭友好设施完善。
- **备选区域**：肯辛顿（Kensington）或切尔西（Chelsea），环境安静，博物馆密集，适合家庭居住。选择带厨房的公寓式酒店可灵活安排儿童餐食。

## 预算参考（2大1小，2天，参考估算）
| 项目 | 预估费用（人民币）|
|------|-----------------|
| 国际往返机票（3人）| ¥25,000-40,000（经济舱参考，直飞/转机差异大，节假日上浮） |
| 当地交通（地铁/打车/游船）| ¥1,500（Oyster卡封顶+专车接送+河游） |
| 住宿（2晚，高预算酒店）| ¥8,000-12,000 |
| 餐饮（含1次米其林、市集、正餐）| ¥6,000-8,000 |
| 景点门票（伦敦眼、特展等）| ¥2,000 |
| 购物/其他（纪念品、应急）| ¥3,000 |
| **合计** | **¥45,500-66,500** |
| **人均** | **¥15,167-22,167** |

> ⚠️ 机票价格受出发日期、舱位和购买时间影响较大，以上为参考区间，实际价格请以出行前实时查询为准。餐饮与住宿价格随季节波动。

## 实用信息
- **签证**：中国公民需提前申请英国标准访客签证（Standard Visitor Visa），通过UKVI官网在线提交，预约签证中心录指纹。建议提前2-3个月办理。
- **货币**：英镑（GBP）。伦敦几乎全境支持非接触式支付（信用卡/Apple Pay/Google Pay），无需大量换汇。Oyster卡或绑定信用卡的Contactless支付最划算。
- **语言**：英语。常用短语：Thank you / Excuse me / Please / Could you help me?（家庭出行可准备翻译App备用）。
- **气候**：伦敦春季（3-5月）气温8-15°C，秋季（9-11月）气温10-18°C，多阵雨且天气多变。**穿衣建议**：洋葱式穿搭（防风外套+薄毛衣+长裤），随身带折叠伞。极端天气预案：遇持续大雨，全天替换为室内博物馆+商场（如Westfield London）。
- **紧急联系**：报警/急救/火警：999 或 112。中国驻英国大使馆领事保护电话：+44-20-76311430。建议出行前下载“外交部12308”App。"
